id_payment,id_order,metode_bayar,amount
1,1,Card,8700
2,2,Cash,7100
3,3,Cash,8600
4,4,E-Wallet,8200
5,5,E-Wallet,6400
6,6,Card,7400
7,7,E-Wallet,7700
8,8,Cash,9300
9,9,Cash,10600
10,10,Card,10000
11,11,Cash,9300
12,12,E-Wallet,9800
13,13,Card,8000
14,14,Card,8000
15,15,Cash,11000
16,16,E-Wallet,11000
17,17,Cash,9600
18,18,Card,7300
19,19,Card,11200
20,20,E-Wallet,7300
21,21,E-Wallet,8000
22,22,Card,8100
23,23,Card,10200
24,24,Card,8400
25,25,Cash,10300
26,26,Cash,9900
27,27,Cash,9400
28,28,E-Wallet,10400
29,29,Card,9600
30,30,Cash,10700
31,31,Cash,8600
32,32,Card,6100
33,33,Cash,7300
34,34,E-Wallet,8500
35,35,Card,8700
36,36,E-Wallet,10900
37,37,Card,8700
38,38,Cash,10900
39,39,Card,6900
40,40,Card,9900
41,41,Cash,7200
42,42,E-Wallet,8900
43,43,Cash,7100
44,44,E-Wallet,10000
45,45,Card,8500
46,46,E-Wallet,9800
47,47,E-Wallet,8900
48,48,E-Wallet,7200
49,49,Cash,10800
50,50,Card,10200
51,51,Card,9400
52,52,Cash,8100
53,53,Card,10300
54,54,E-Wallet,9000
55,55,Card,7300
56,56,E-Wallet,7300
57,57,Card,10300
58,58,Cash,7100
59,59,Cash,9300
60,60,E-Wallet,9700
61,61,E-Wallet,11000
62,62,E-Wallet,7700
63,63,E-Wallet,7600
64,64,E-Wallet,10700
65,65,Card,9000
66,66,Card,7100
67,67,Cash,9100
68,68,E-Wallet,7900
69,69,E-Wallet,10300
70,70,Card,10800
71,71,Card,7700
72,72,E-Wallet,8000
73,73,Card,6900
74,74,Cash,9600
75,75,Cash,10300
76,76,E-Wallet,10600
77,77,Cash,8600
78,78,Cash,11100
79,79,Cash,7900
80,80,Card,11200
81,81,Cash,7500
82,82,Card,6900
83,83,Cash,9500
84,84,Card,8600
85,85,Cash,9700
86,86,Card,10200
87,87,E-Wallet,9000
88,88,Card,6800
89,89,Cash,9600
90,90,Card,9400
91,91,Card,9500
92,92,Card,7800
93,93,E-Wallet,9300
94,94,Cash,11100
95,95,Card,6900
96,96,Cash,7900
97,97,E-Wallet,9000
98,98,Cash,10900
99,99,E-Wallet,6700
100,100,Card,9300
101,101,E-Wallet,23400
102,102,Cash,16600
103,103,Card,15300
104,104,Cash,23900
105,105,Card,11600
106,106,Card,24700
107,107,E-Wallet,10000
108,108,Card,30300
109,109,Cash,24700
110,110,Cash,12000
111,111,Cash,24300
112,112,E-Wallet,31000
113,113,Cash,13200
114,114,E-Wallet,21500
115,115,Card,21600
116,116,E-Wallet,25600
117,117,Cash,30400
118,118,E-Wallet,17200
119,119,Cash,8200
120,120,Cash,9400
121,121,Card,26700
122,122,Cash,14100
123,123,Cash,13000
124,124,Card,25700
125,125,Cash,16300
126,126,Card,18700
127,127,Card,27400
128,128,Card,34600
129,129,Cash,13000
130,130,Cash,30500
131,131,Cash,14600
132,132,Card,21100
133,133,Cash,25100
134,134,Card,28400
135,135,E-Wallet,9800
136,136,Card,18600
137,137,E-Wallet,22300
138,138,Cash,25400
139,139,E-Wallet,8300
140,140,Cash,28100
141,141,E-Wallet,33900
142,142,E-Wallet,27400
143,143,Cash,16600
144,144,Card,29600
145,145,Cash,18900
146,146,Cash,29300
147,147,Cash,15600
148,148,Card,25700
149,149,Card,20000
150,150,Cash,33500
151,151,E-Wallet,27400
152,152,E-Wallet,9900
153,153,E-Wallet,13400
154,154,E-Wallet,9200
155,155,Card,26900
156,156,E-Wallet,17300
157,157,Card,15400
158,158,Cash,34500
159,159,E-Wallet,31400
160,160,Card,23800
161,161,Card,25900
162,162,E-Wallet,34700
163,163,E-Wallet,13900
164,164,E-Wallet,11800
165,165,Cash,25800
166,166,Card,13400
167,167,E-Wallet,14700
168,168,Card,32800
169,169,E-Wallet,18400
170,170,Cash,21200
171,171,Cash,15200
172,172,E-Wallet,31200
173,173,Cash,31000
174,174,E-Wallet,34500
175,175,E-Wallet,21600
176,176,Cash,9900
177,177,Cash,32300
178,178,Card,22700
179,179,Cash,32100
180,180,Cash,28000
181,181,E-Wallet,34900
182,182,Card,23200
183,183,Card,15000
184,184,E-Wallet,21200
185,185,Cash,30600
186,186,E-Wallet,32800
187,187,E-Wallet,19800
188,188,Cash,28800
189,189,E-Wallet,9600
190,190,E-Wallet,16300
191,191,Cash,34000
192,192,Card,29800
193,193,Card,22300
194,194,Card,27900
195,195,E-Wallet,24400
196,196,E-Wallet,27100
197,197,E-Wallet,8700
198,198,Cash,32600
199,199,Cash,15100
200,200,Cash,11800
201,201,Cash,35600
202,202,E-Wallet,32500
203,203,E-Wallet,19700
204,204,Card,21400
205,205,E-Wallet,30700
206,206,Cash,23100
207,207,Cash,35000
208,208,E-Wallet,30400
209,209,Card,11900
210,210,Cash,28500
211,211,E-Wallet,19400
212,212,Card,15500
213,213,Card,25900
214,214,Cash,23500
215,215,Cash,11200
216,216,Card,17800
217,217,Cash,8600
218,218,Cash,24000
219,219,Card,12100
220,220,Cash,18700
221,221,Cash,34900
222,222,E-Wallet,9800
223,223,E-Wallet,25900
224,224,Cash,15800
225,225,Cash,31600
226,226,E-Wallet,22600
227,227,Card,11100
228,228,Cash,19400
229,229,Card,14900
230,230,Card,34400
231,231,Card,34700
232,232,E-Wallet,34100
233,233,Cash,24300
234,234,Cash,8900
235,235,Card,9900
236,236,Cash,13700
237,237,E-Wallet,28900
238,238,E-Wallet,15700
239,239,Card,32800
240,240,E-Wallet,18500
241,241,E-Wallet,27600
242,242,E-Wallet,29700
243,243,Cash,14500
244,244,Card,31300
245,245,Cash,28400
246,246,Card,28700
247,247,E-Wallet,10800
248,248,E-Wallet,15000
249,249,Card,11100
250,250,E-Wallet,11800
251,251,E-Wallet,21800
252,252,E-Wallet,14700
253,253,Cash,15500
254,254,Card,18900
255,255,Cash,20200
256,256,Cash,10900
257,257,Cash,25600
258,258,Cash,25100
259,259,Card,21700
260,260,Card,9300
261,261,Card,26800
262,262,E-Wallet,32700
263,263,Card,23700
264,264,Card,16300
265,265,Card,10400
266,266,Cash,29000
267,267,E-Wallet,28100
268,268,Card,10900
269,269,Card,29000
270,270,Card,19400
271,271,Card,9400
272,272,E-Wallet,9300
273,273,Cash,28400
274,274,E-Wallet,10300
275,275,Card,24900
276,276,Card,30100
277,277,E-Wallet,32200
278,278,Card,25200
279,279,Cash,22600
280,280,Card,24000
281,281,Card,31900
282,282,Card,8500
283,283,Cash,31200
284,284,E-Wallet,26200
285,285,Card,19700
286,286,Card,22800
287,287,Card,12300
288,288,Card,9400
289,289,E-Wallet,22300
290,290,Cash,18400
291,291,E-Wallet,19300
292,292,Cash,29300
293,293,Cash,17600
294,294,Cash,30300
295,295,Card,19700
296,296,Cash,11800
297,297,Cash,11700
298,298,Card,21600
299,299,Cash,9800
300,300,Card,21100
301,301,Cash,26600
302,302,Card,25000
303,303,E-Wallet,26100
304,304,Cash,24600
305,305,Cash,27600
306,306,Cash,24200
307,307,E-Wallet,32000
308,308,Card,32200
309,309,Cash,28400
310,310,E-Wallet,31000
311,311,Cash,17000
312,312,Cash,17000
313,313,Cash,21100
314,314,Card,17100
315,315,E-Wallet,29400
316,316,Cash,15600
317,317,E-Wallet,10400
318,318,Card,11900
319,319,E-Wallet,12700
320,320,Card,14200
321,321,E-Wallet,11100
322,322,E-Wallet,31200
323,323,E-Wallet,23400
324,324,Cash,24700
325,325,Cash,21300
326,326,E-Wallet,21000
327,327,Card,21200
328,328,E-Wallet,28400
329,329,Cash,17200
330,330,Cash,9000
331,331,E-Wallet,12700
332,332,Card,11700
333,333,E-Wallet,25300
334,334,Cash,18400
335,335,E-Wallet,10300
336,336,Card,12100
337,337,Card,21000
338,338,E-Wallet,23100
339,339,Cash,28800
340,340,E-Wallet,11200
341,341,Cash,19700
342,342,Cash,22300
343,343,Card,33600
344,344,Cash,10000
345,345,Card,28200
346,346,Card,31700
347,347,Card,27500
348,348,E-Wallet,9600
349,349,Cash,18900
350,350,Card,16300
351,351,E-Wallet,22100
352,352,E-Wallet,32400
353,353,Card,27300
354,354,Card,26300
355,355,Cash,29100
356,356,E-Wallet,19300
357,357,Cash,34100
358,358,Card,33600
359,359,E-Wallet,15700
360,360,Cash,8200
361,361,Cash,25800
362,362,Card,30300
363,363,Cash,31200
364,364,Cash,30500
365,365,Card,13400
366,366,E-Wallet,30500
367,367,E-Wallet,26800
368,368,Cash,32900
369,369,E-Wallet,14100
370,370,Card,31000
371,371,Card,33500
372,372,E-Wallet,19600
373,373,Card,24000
374,374,Card,12200
375,375,E-Wallet,14800
376,376,E-Wallet,29800
377,377,Card,11000
378,378,Cash,24300
379,379,E-Wallet,9100
380,380,Card,18200
381,381,Card,32600
382,382,Card,29000
383,383,Card,15600
384,384,Card,32400
385,385,Card,13500
386,386,Card,29600
387,387,Card,30800
388,388,Card,22300
389,389,Cash,32000
390,390,E-Wallet,21600
391,391,Card,33800
392,392,Card,27800
393,393,E-Wallet,32900
394,394,Card,34200
395,395,E-Wallet,21300
396,396,E-Wallet,35000
397,397,Card,22400
398,398,Card,16600
399,399,Cash,26400
400,400,Card,12200
401,401,Cash,11100
402,402,Card,16000
403,403,Cash,7600
404,404,Cash,14900
405,405,Card,14800
406,406,Card,22800
407,407,E-Wallet,32600
408,408,E-Wallet,32300
409,409,Card,24900
410,410,Cash,29700
411,411,E-Wallet,26400
412,412,Card,25800
413,413,Cash,16700
414,414,E-Wallet,12800
415,415,Cash,27700
416,416,E-Wallet,25100
417,417,E-Wallet,26700
418,418,Cash,11500
419,419,E-Wallet,27000
420,420,Cash,21700
421,421,E-Wallet,27700
422,422,E-Wallet,8300
423,423,Card,11700
424,424,Cash,23700
425,425,Card,20100
426,426,E-Wallet,8200
427,427,E-Wallet,10500
428,428,E-Wallet,10900
429,429,Cash,11600
430,430,E-Wallet,16800
431,431,Cash,19300
432,432,E-Wallet,14000
433,433,E-Wallet,14500
434,434,Cash,21700
435,435,Card,9600
436,436,Card,15700
437,437,Cash,31700
438,438,Card,16500
439,439,E-Wallet,18300
440,440,E-Wallet,29900
441,441,E-Wallet,17700
442,442,E-Wallet,22200
443,443,Card,26000
444,444,Card,20300
445,445,Card,11800
446,446,Card,18900
447,447,E-Wallet,19200
448,448,Cash,8800
449,449,E-Wallet,26000
450,450,Card,34500
451,451,Cash,13100
452,452,E-Wallet,34100
453,453,Cash,26700
454,454,E-Wallet,30200
455,455,E-Wallet,32100
456,456,E-Wallet,23800
457,457,Cash,31600
458,458,Card,25500
459,459,Cash,29800
460,460,Card,29700
461,461,E-Wallet,11800
462,462,Card,33600
463,463,Card,15400
464,464,E-Wallet,25400
465,465,Cash,33300
466,466,Cash,12000
467,467,Card,21800
468,468,E-Wallet,20500
469,469,Card,15900
470,470,E-Wallet,29200
471,471,E-Wallet,23700
472,472,Cash,28300
473,473,Cash,27800
474,474,Cash,30800
475,475,E-Wallet,13600
476,476,E-Wallet,30500
477,477,Card,15700
478,478,Card,31600
479,479,Card,12700
480,480,E-Wallet,33200
481,481,Card,32400
482,482,Cash,11700
483,483,Card,31800
484,484,Card,9100
485,485,Cash,22100
486,486,Cash,20300
487,487,E-Wallet,14700
488,488,Card,26400
489,489,Cash,10900
490,490,E-Wallet,19100
491,491,Card,25800
492,492,Cash,33400
493,493,Card,10900
494,494,E-Wallet,31900
495,495,Card,27900
496,496,E-Wallet,14600
497,497,Cash,15000
498,498,Cash,15500
499,499,Card,23700
500,500,Cash,21900
501,501,Card,33300
502,502,Cash,30700
503,503,E-Wallet,28200
504,504,Cash,23500
505,505,Card,14800
506,506,E-Wallet,7800
507,507,Card,31800
508,508,E-Wallet,17500
509,509,Cash,29600
510,510,E-Wallet,11000
511,511,Cash,28900
512,512,Card,9800
513,513,Card,8700
514,514,E-Wallet,20600
515,515,Cash,18300
516,516,Card,15700
517,517,Cash,24800
518,518,Card,8400
519,519,Cash,15900
520,520,E-Wallet,29100
521,521,E-Wallet,19700
522,522,Cash,30400
523,523,E-Wallet,9400
524,524,Cash,12400
525,525,E-Wallet,8300
526,526,Card,34200
527,527,Card,22200
528,528,Cash,29700
529,529,E-Wallet,23200
530,530,Cash,21500
531,531,E-Wallet,31300
532,532,Cash,17100
533,533,Card,32200
534,534,E-Wallet,27800
535,535,E-Wallet,29100
536,536,Cash,12300
537,537,Cash,32500
538,538,Card,11600
539,539,E-Wallet,29200
540,540,Cash,33500
541,541,Card,20300
542,542,Card,26900
543,543,E-Wallet,18900
544,544,E-Wallet,23800
545,545,Cash,17200
546,546,E-Wallet,35400
547,547,Card,24100
548,548,Card,30500
549,549,E-Wallet,33600
550,550,Card,28500
551,551,Cash,9700
552,552,Cash,27300
553,553,E-Wallet,35300
554,554,Cash,15400
555,555,Cash,29300
556,556,Card,32200
557,557,E-Wallet,15100
558,558,E-Wallet,14000
559,559,Cash,32900
560,560,Cash,16000
561,561,Card,29600
562,562,Cash,14600
563,563,E-Wallet,34900
564,564,Card,31400
565,565,E-Wallet,23400
566,566,Cash,29100
567,567,Cash,12100
568,568,E-Wallet,30000
569,569,Cash,27600
570,570,Card,31800
571,571,Card,20600
572,572,Card,7900
573,573,E-Wallet,17800
574,574,Card,29500
575,575,E-Wallet,24000
576,576,Card,12700
577,577,Card,21900
578,578,E-Wallet,24000
579,579,Card,18100
580,580,Cash,32300
581,581,Cash,20600
582,582,Card,24500
583,583,Card,33900
584,584,E-Wallet,26800
585,585,E-Wallet,15500
586,586,E-Wallet,31500
587,587,Cash,23800
588,588,Card,17500
589,589,E-Wallet,15600
590,590,E-Wallet,22200
591,591,Cash,8500
592,592,Cash,9900
593,593,Cash,22700
594,594,E-Wallet,23900
595,595,Card,22400
596,596,Cash,17500
597,597,E-Wallet,23900
598,598,Cash,21800
599,599,Card,25000
600,600,Cash,8700
601,601,Cash,31600
602,602,Cash,24000
603,603,Cash,25800
604,604,Cash,16000
605,605,Card,9700
606,606,Card,29800
607,607,E-Wallet,18200
608,608,Cash,17500
609,609,E-Wallet,17100
610,610,Cash,26200
611,611,Card,9900
612,612,E-Wallet,17600
613,613,Cash,15600
614,614,E-Wallet,29900
615,615,Cash,22400
616,616,Cash,20500
617,617,Card,34300
618,618,Cash,22600
619,619,E-Wallet,18100
620,620,E-Wallet,13700
621,621,Card,22800
622,622,Cash,28300
623,623,E-Wallet,30000
624,624,Cash,23300
625,625,Cash,34000
626,626,Card,22800
627,627,Card,31400
628,628,E-Wallet,15300
629,629,E-Wallet,19100
630,630,Card,12100
631,631,E-Wallet,29900
632,632,Card,14200
633,633,Card,29400
634,634,Cash,9400
635,635,Card,34200
636,636,E-Wallet,12800
637,637,E-Wallet,22300
638,638,Cash,7600
639,639,Cash,30700
640,640,Card,34200
641,641,Card,20100
642,642,Cash,9500
643,643,Card,32800
644,644,Card,8500
645,645,Cash,21300
646,646,E-Wallet,26400
647,647,E-Wallet,29000
648,648,E-Wallet,16400
649,649,Card,18700
650,650,Cash,19700
651,651,E-Wallet,27200
652,652,E-Wallet,15900
653,653,E-Wallet,34400
654,654,Card,34200
655,655,Card,28300
656,656,Card,22300
657,657,Card,28100
658,658,Card,33800
659,659,E-Wallet,16000
660,660,Cash,31600
661,661,E-Wallet,16900
662,662,Card,15400
663,663,E-Wallet,9800
664,664,Card,26100
665,665,Card,30600
666,666,E-Wallet,10400
667,667,E-Wallet,31700
668,668,E-Wallet,12600
669,669,E-Wallet,13900
670,670,E-Wallet,30200
671,671,Cash,11100
672,672,E-Wallet,34000
673,673,E-Wallet,9200
674,674,Card,18700
675,675,Cash,20900
676,676,E-Wallet,10800
677,677,Cash,8800
678,678,Card,19700
679,679,Card,18200
680,680,Card,28800
681,681,Cash,12700
682,682,Cash,21100
683,683,E-Wallet,16700
684,684,Card,24600
685,685,Card,18200
686,686,Cash,27300
687,687,Cash,26800
688,688,Cash,34200
689,689,Card,9800
690,690,Cash,17200
691,691,Cash,16600
692,692,Card,15900
693,693,Cash,29600
694,694,Card,9300
695,695,E-Wallet,8500
696,696,Cash,14600
697,697,Card,17500
698,698,Cash,23700
699,699,E-Wallet,29100
700,700,Cash,15600
701,701,Cash,19700
702,702,Card,22900
703,703,Cash,13400
704,704,Cash,25000
705,705,Cash,33000
706,706,Card,32300
707,707,E-Wallet,8200
708,708,Card,11400
709,709,Card,27100
710,710,Card,21500
711,711,E-Wallet,16000
712,712,E-Wallet,16700
713,713,Card,19100
714,714,Cash,18700
715,715,Cash,29200
716,716,Card,28000
717,717,Cash,20500
718,718,Card,28000
719,719,E-Wallet,8200
720,720,E-Wallet,27200
721,721,Cash,27300
722,722,Card,11400
723,723,E-Wallet,15900
724,724,Card,34700
725,725,E-Wallet,15700
726,726,Card,33800
727,727,Cash,31700
728,728,E-Wallet,8100
729,729,Cash,14600
730,730,Cash,30800
731,731,Card,13700
732,732,Cash,11700
733,733,Cash,16100
734,734,Card,21700
735,735,Cash,10700
736,736,Cash,23100
737,737,Card,13100
738,738,E-Wallet,28000
739,739,Cash,11500
740,740,Card,27200
741,741,Card,28500
742,742,E-Wallet,22300
743,743,Cash,21700
744,744,E-Wallet,18300
745,745,Cash,28900
746,746,E-Wallet,34000
747,747,Cash,33100
748,748,Cash,16500
749,749,Card,20500
750,750,Cash,11700
751,751,Card,27400
752,752,Card,9200
753,753,E-Wallet,18500
754,754,Cash,27900
755,755,Card,23300
756,756,Cash,8400
757,757,Card,10900
758,758,Cash,31100
759,759,E-Wallet,9200
760,760,E-Wallet,25700
761,761,Cash,33900
762,762,Card,33200
763,763,Card,23700
764,764,E-Wallet,14000
765,765,Cash,25700
766,766,E-Wallet,23100
767,767,Card,34700
768,768,Card,23100
769,769,Card,25800
770,770,E-Wallet,23800
771,771,Cash,27600
772,772,Card,14100
773,773,Cash,31000
774,774,Cash,19000
775,775,Card,29600
776,776,E-Wallet,14000
777,777,E-Wallet,13700
778,778,E-Wallet,20700
779,779,E-Wallet,25800
780,780,Card,20100
781,781,Cash,14800
782,782,Card,12100
783,783,Cash,10100
784,784,Cash,19200
785,785,Cash,11400
786,786,E-Wallet,26900
787,787,Card,11200
788,788,Cash,29900
789,789,Card,26000
790,790,Card,15400
791,791,Cash,15100
792,792,Card,33100
793,793,Card,13300
794,794,E-Wallet,23100
795,795,E-Wallet,11800
796,796,E-Wallet,17000
797,797,Cash,21600
798,798,Cash,33200
799,799,Cash,19700
800,800,E-Wallet,11100
801,801,Cash,30500
802,802,E-Wallet,26100
803,803,E-Wallet,30500
804,804,Cash,33300
805,805,Card,15000
806,806,Card,15000
807,807,Cash,20400
808,808,Cash,20900
809,809,Cash,29100
810,810,E-Wallet,24300
811,811,E-Wallet,9100
812,812,Cash,13500
813,813,Card,18400
814,814,Card,23600
815,815,Cash,32700
816,816,Card,33600
817,817,Cash,12500
818,818,Cash,21100
819,819,Cash,10200
820,820,E-Wallet,30600
821,821,Cash,35100
822,822,Cash,12200
823,823,E-Wallet,9600
824,824,Card,10500
825,825,E-Wallet,33300
826,826,Cash,16900
827,827,E-Wallet,22100
828,828,E-Wallet,23600
829,829,Card,10100
830,830,Cash,32400
831,831,Cash,28000
832,832,Card,17500
833,833,E-Wallet,23600
834,834,Cash,26000
835,835,Cash,26100
836,836,E-Wallet,11300
837,837,Cash,33900
838,838,Card,33900
839,839,Cash,15200
840,840,Card,10900
841,841,Card,9000
842,842,E-Wallet,24900
843,843,Card,35200
844,844,Card,23000
845,845,Card,9200
846,846,E-Wallet,22400
847,847,Cash,12000
848,848,E-Wallet,9600
849,849,E-Wallet,13400
850,850,Card,9600
851,851,E-Wallet,19500
852,852,Card,29700
853,853,E-Wallet,8400
854,854,Card,28800
855,855,Cash,20400
856,856,E-Wallet,29200
857,857,Cash,22100
858,858,Cash,25600
859,859,Card,34100
860,860,E-Wallet,14900
861,861,Card,28900
862,862,Cash,12900
863,863,Card,15500
864,864,E-Wallet,32400
865,865,Cash,31800
866,866,Cash,18200
867,867,E-Wallet,17800
868,868,E-Wallet,24200
869,869,Card,21100
870,870,E-Wallet,29300
871,871,Cash,30000
872,872,Cash,25500
873,873,E-Wallet,12900
874,874,Cash,20900
875,875,Cash,25800
876,876,E-Wallet,15900
877,877,Cash,29400
878,878,Card,27900
879,879,Card,9700
880,880,Card,13300
881,881,Cash,11400
882,882,E-Wallet,34200
883,883,Card,21600
884,884,Cash,33800
885,885,Cash,25800
886,886,Card,20900
887,887,E-Wallet,24000
888,888,Cash,10100
889,889,E-Wallet,25100
890,890,Cash,21200
891,891,Card,13500
892,892,Cash,9300
893,893,Card,15500
894,894,Cash,20000
895,895,Card,27400
896,896,Cash,28800
897,897,Cash,19500
898,898,E-Wallet,11200
899,899,E-Wallet,27100
900,900,Cash,12900
901,901,Cash,22600
902,902,Cash,34400
903,903,Card,18900
904,904,E-Wallet,31300
905,905,Card,28500
906,906,Cash,8400
907,907,Card,21700
908,908,Cash,30200
909,909,Card,32200
910,910,Card,30300
911,911,Cash,12000
912,912,Cash,34300
913,913,E-Wallet,28700
914,914,Cash,18900
915,915,Card,16500
916,916,Cash,12500
917,917,Card,29400
918,918,Card,16200
919,919,Cash,32900
920,920,E-Wallet,31000
921,921,Card,13400
922,922,E-Wallet,21400
923,923,Cash,17600
924,924,Card,18500
925,925,Cash,10800
926,926,Card,7900
927,927,Cash,6900
928,928,E-Wallet,7100
929,929,Card,7800
930,930,Cash,7300
931,931,Card,7500
932,932,E-Wallet,7300
933,933,Card,8600
934,934,Cash,7300
935,935,Card,7500
936,936,Card,9600
937,937,Cash,8700
938,938,Card,10000
939,939,Card,8200
940,940,Card,9300
941,941,Card,9200
942,942,Card,10100
943,943,E-Wallet,7500
944,944,Card,11200
945,945,Card,9500
946,946,E-Wallet,11000
947,947,Card,7600
948,948,E-Wallet,10000
949,949,Card,7000
950,950,Card,9200
951,951,E-Wallet,8700
952,952,Card,10000
953,953,E-Wallet,10000
954,954,E-Wallet,8100
955,955,Cash,6800
956,956,Card,10800
957,957,E-Wallet,10600
958,958,E-Wallet,6500
959,959,Cash,6900
960,960,E-Wallet,8000
961,961,Cash,9800
962,962,E-Wallet,8400
963,963,E-Wallet,7000
964,964,Card,10900
965,965,E-Wallet,7200
966,966,Cash,8100
967,967,Cash,10200
968,968,Cash,8900
969,969,Cash,7900
970,970,Cash,8200
971,971,E-Wallet,6700
972,972,Cash,8400
973,973,Card,7900
974,974,Card,7500
975,975,E-Wallet,10500
976,976,Cash,7200
977,977,Card,10000
978,978,Cash,11100
979,979,Cash,8500
980,980,E-Wallet,8600
981,981,Card,9000
982,982,Cash,8600
983,983,Card,10700
984,984,E-Wallet,9100
985,985,Cash,9400
986,986,Card,10000
987,987,Cash,10400
988,988,E-Wallet,9900
989,989,Cash,6600
990,990,Card,8900
991,991,E-Wallet,10500
992,992,Card,7800
993,993,Card,8000
994,994,E-Wallet,9500
995,995,E-Wallet,11400
996,996,Card,8900
997,997,Cash,10000
998,998,E-Wallet,9000
999,999,Card,9900
1000,1000,E-Wallet,11000
1001,1001,Cash,8400
1002,1002,E-Wallet,7400
1003,1003,Card,8400
1004,1004,Cash,9200
1005,1005,E-Wallet,11400
1006,1006,E-Wallet,10600
1007,1007,Card,6700
1008,1008,Card,8500
1009,1009,E-Wallet,9200
1010,1010,E-Wallet,9300
1011,1011,Cash,7300
1012,1012,E-Wallet,6400
1013,1013,Cash,8100
1014,1014,Cash,7500
1015,1015,E-Wallet,8700
1016,1016,Cash,10100
1017,1017,Cash,9800
1018,1018,Card,9200
1019,1019,E-Wallet,8300
1020,1020,Card,10500
1021,1021,Card,10500
1022,1022,Card,8300
1023,1023,E-Wallet,21100
1024,1024,Card,28000
1025,1025,E-Wallet,23300
1026,1026,Card,16800
1027,1027,Card,25400
1028,1028,E-Wallet,24800
1029,1029,Cash,30200
1030,1030,E-Wallet,16600
1031,1031,E-Wallet,17800
1032,1032,E-Wallet,26400
1033,1033,Card,34400
1034,1034,Card,17800
1035,1035,Card,33600
1036,1036,E-Wallet,21400
1037,1037,Card,20600
1038,1038,Cash,9900
1039,1039,E-Wallet,28200
1040,1040,E-Wallet,32300
1041,1041,Cash,28500
1042,1042,E-Wallet,25800
1043,1043,Card,17300
1044,1044,Cash,13600
1045,1045,Card,20300
1046,1046,Cash,8600
1047,1047,Cash,22200
1048,1048,Cash,34700
1049,1049,Cash,10700
1050,1050,Cash,25300
1051,1051,E-Wallet,33000
1052,1052,E-Wallet,11900
1053,1053,Cash,16000
1054,1054,Cash,16500
1055,1055,E-Wallet,32100
1056,1056,E-Wallet,28500
1057,1057,Card,13900
1058,1058,E-Wallet,32800
1059,1059,Cash,15100
1060,1060,Cash,12000
1061,1061,E-Wallet,9600
1062,1062,Card,17300
1063,1063,Card,8400
1064,1064,Card,21100
1065,1065,Cash,21500
1066,1066,E-Wallet,29600
1067,1067,Card,17800
1068,1068,Cash,21900
1069,1069,E-Wallet,10000
1070,1070,Cash,15400
1071,1071,Cash,27000
1072,1072,Cash,24500
1073,1073,Card,8200
1074,1074,Cash,21400
1075,1075,Cash,19500
1076,1076,Card,29700
1077,1077,Card,16800
1078,1078,E-Wallet,9300
1079,1079,Cash,18500
1080,1080,Card,15400
1081,1081,E-Wallet,27500
1082,1082,Cash,27400
1083,1083,Card,15800
1084,1084,Card,24200
1085,1085,Card,19200
1086,1086,Card,25200
1087,1087,Cash,12900
1088,1088,E-Wallet,19400
1089,1089,E-Wallet,29500
1090,1090,Cash,15000
1091,1091,E-Wallet,13900
1092,1092,Cash,10300
1093,1093,Card,26600
1094,1094,E-Wallet,30400
1095,1095,E-Wallet,25900
1096,1096,Cash,33500
1097,1097,E-Wallet,9000
1098,1098,Card,28900
1099,1099,E-Wallet,29500
1100,1100,Cash,31900
1101,1101,Card,29900
1102,1102,Card,23600
1103,1103,Cash,15900
1104,1104,Cash,9300
1105,1105,E-Wallet,19400
1106,1106,Cash,34600
1107,1107,Card,24100
1108,1108,Cash,10200
1109,1109,E-Wallet,10200
1110,1110,Card,25400
1111,1111,Cash,25200
1112,1112,Card,31400
1113,1113,E-Wallet,19000
1114,1114,Card,9900
1115,1115,Card,18500
1116,1116,Cash,15600
1117,1117,Card,15200
1118,1118,Card,27500
1119,1119,Cash,12500
1120,1120,Cash,31100
1121,1121,Cash,8700
1122,1122,Card,15300
1123,1123,Cash,16000
1124,1124,E-Wallet,11400
1125,1125,Cash,16600
1126,1126,Cash,15400
1127,1127,Card,24800
1128,1128,E-Wallet,28800
1129,1129,Cash,27100
1130,1130,Cash,29800
1131,1131,Cash,34100
1132,1132,Card,10400
1133,1133,Card,29200
1134,1134,Card,15400
1135,1135,Cash,13500
1136,1136,Card,8000
1137,1137,Cash,14400
1138,1138,Card,9900
1139,1139,Cash,28500
1140,1140,Cash,33500
1141,1141,Card,16200
1142,1142,Cash,10700
1143,1143,Card,32000
1144,1144,E-Wallet,24500
1145,1145,E-Wallet,27700
1146,1146,E-Wallet,23300
1147,1147,Card,16700
1148,1148,Card,9800
1149,1149,Card,26200
1150,1150,E-Wallet,17600
1151,1151,E-Wallet,20600
1152,1152,Card,25900
1153,1153,Cash,9100
1154,1154,E-Wallet,12700
1155,1155,Card,31300
1156,1156,E-Wallet,19300
1157,1157,Cash,20900
1158,1158,Cash,27200
1159,1159,Cash,32500
1160,1160,Card,12700
1161,1161,Card,11600
1162,1162,Cash,29900
1163,1163,E-Wallet,18200
1164,1164,Cash,32100
1165,1165,E-Wallet,20300
1166,1166,Card,17400
1167,1167,Cash,10300
1168,1168,Cash,23700
1169,1169,Cash,25100
1170,1170,Card,15700
1171,1171,Cash,23000
1172,1172,E-Wallet,22900
1173,1173,Cash,11000
1174,1174,Cash,29700
1175,1175,E-Wallet,17200
1176,1176,Card,16300
1177,1177,Cash,26300
1178,1178,Card,26800
1179,1179,Cash,18100
1180,1180,Card,21000
1181,1181,Card,11700
1182,1182,Cash,10300
1183,1183,Cash,12200
1184,1184,E-Wallet,21700
1185,1185,Cash,26700
1186,1186,Cash,16200
1187,1187,E-Wallet,26600
1188,1188,E-Wallet,30500
1189,1189,E-Wallet,13200
1190,1190,Cash,15100
1191,1191,Cash,33800
1192,1192,Card,23600
1193,1193,Cash,12600
1194,1194,Cash,27400
1195,1195,Card,9700
1196,1196,Card,14700
1197,1197,Card,29100
1198,1198,E-Wallet,15500
1199,1199,E-Wallet,14400
1200,1200,E-Wallet,12200
1201,1201,Cash,14900
1202,1202,E-Wallet,9600
1203,1203,Cash,27500
1204,1204,Cash,12500
1205,1205,E-Wallet,14600
1206,1206,Cash,33000
1207,1207,Card,29800
1208,1208,E-Wallet,31100
1209,1209,E-Wallet,31700
1210,1210,Card,19200
1211,1211,Card,26000
1212,1212,Cash,15700
1213,1213,Cash,18400
1214,1214,Card,17200
1215,1215,Card,12900
1216,1216,Cash,9800
1217,1217,E-Wallet,34500
1218,1218,Cash,23000
1219,1219,E-Wallet,26200
1220,1220,Card,17400
1221,1221,Card,15600
1222,1222,E-Wallet,8700
1223,1223,Card,29700
1224,1224,Cash,7700
1225,1225,Cash,8000
1226,1226,E-Wallet,25000
1227,1227,E-Wallet,19300
1228,1228,Card,12400
1229,1229,Cash,32100
1230,1230,Card,21500
1231,1231,Card,10600
1232,1232,E-Wallet,18500
1233,1233,Cash,12400
1234,1234,Cash,24700
1235,1235,Cash,26500
1236,1236,Cash,24800
1237,1237,Cash,12400
1238,1238,E-Wallet,24400
1239,1239,E-Wallet,29200
1240,1240,Card,23500
1241,1241,E-Wallet,29400
1242,1242,Card,12400
1243,1243,Card,10800
1244,1244,E-Wallet,10900
1245,1245,Cash,15500
1246,1246,Card,31900
1247,1247,Cash,31000
1248,1248,E-Wallet,27500
1249,1249,Cash,19500
1250,1250,Cash,34300
1251,1251,Cash,33500
1252,1252,Card,8300
1253,1253,Card,14900
1254,1254,Cash,26800
1255,1255,Cash,23300
1256,1256,Card,19000
1257,1257,Card,8100
1258,1258,Card,10400
1259,1259,Card,23600
1260,1260,Card,35000
1261,1261,E-Wallet,34100
1262,1262,Card,27900
1263,1263,Cash,8600
1264,1264,E-Wallet,20500
1265,1265,Cash,11900
1266,1266,Cash,15600
1267,1267,Card,31300
1268,1268,E-Wallet,34000
1269,1269,Card,10500
1270,1270,E-Wallet,31200
1271,1271,E-Wallet,32800
1272,1272,E-Wallet,15700
1273,1273,Cash,14700
1274,1274,E-Wallet,12100
1275,1275,E-Wallet,30800
1276,1276,E-Wallet,16900
1277,1277,Cash,16800
1278,1278,Card,23700
1279,1279,E-Wallet,14600
1280,1280,Cash,20600
1281,1281,E-Wallet,11200
1282,1282,Card,22900
1283,1283,Cash,30800
1284,1284,E-Wallet,20700
1285,1285,Cash,16000
1286,1286,Card,10400
1287,1287,Cash,24200
1288,1288,Card,13600
1289,1289,Card,8900
1290,1290,Card,30500
1291,1291,Cash,32300
1292,1292,Card,25800
1293,1293,Cash,14500
1294,1294,Card,13800
1295,1295,Cash,22600
1296,1296,Cash,16500
1297,1297,Cash,8500
1298,1298,Cash,24600
1299,1299,Cash,28000
1300,1300,Card,18000
1301,1301,Card,29600
1302,1302,E-Wallet,8300
1303,1303,Card,27500
1304,1304,Cash,9600
1305,1305,Cash,32100
1306,1306,Cash,22200
1307,1307,Card,11000
1308,1308,E-Wallet,24700
1309,1309,E-Wallet,8100
1310,1310,Cash,27200
1311,1311,Card,24300
1312,1312,E-Wallet,26900
1313,1313,Cash,28900
1314,1314,Card,8300
1315,1315,E-Wallet,28800
1316,1316,Cash,24300
1317,1317,Cash,8700
1318,1318,Card,32700
1319,1319,E-Wallet,8400
1320,1320,Cash,32600
1321,1321,Card,30500
1322,1322,Card,29800
1323,1323,Card,17800
1324,1324,Card,9300
1325,1325,Cash,29900
1326,1326,E-Wallet,27200
1327,1327,E-Wallet,32500
1328,1328,Cash,27100
1329,1329,Cash,24400
1330,1330,E-Wallet,12600
1331,1331,E-Wallet,11200
1332,1332,E-Wallet,20900
1333,1333,Card,12700
1334,1334,Cash,28300
1335,1335,Cash,28700
1336,1336,Card,25300
1337,1337,Card,15100
1338,1338,E-Wallet,10800
1339,1339,E-Wallet,29600
1340,1340,Cash,19200
1341,1341,Card,14100
1342,1342,Card,24300
1343,1343,Cash,12000
1344,1344,Cash,12900
1345,1345,E-Wallet,34100
1346,1346,E-Wallet,16000
1347,1347,Card,12700
1348,1348,Card,23500
1349,1349,Card,32300
1350,1350,Cash,13200
1351,1351,Cash,25500
1352,1352,Cash,19600
1353,1353,Card,13700
1354,1354,Card,17900
1355,1355,Card,30700
1356,1356,Card,32900
1357,1357,E-Wallet,8900
1358,1358,E-Wallet,21900
1359,1359,Cash,29500
1360,1360,Cash,14200
1361,1361,E-Wallet,7600
1362,1362,Cash,27100
1363,1363,E-Wallet,13100
1364,1364,Card,21100
1365,1365,Cash,21400
1366,1366,Card,27200
1367,1367,Cash,26800
1368,1368,E-Wallet,30300
1369,1369,Cash,24800
1370,1370,Card,13200
1371,1371,E-Wallet,28400
1372,1372,Cash,17100
1373,1373,Cash,15600
1374,1374,Card,15300
1375,1375,Card,24500
1376,1376,Card,25800
1377,1377,Cash,21600
1378,1378,E-Wallet,32200
1379,1379,Cash,29400
1380,1380,Cash,15200
1381,1381,Cash,21700
1382,1382,E-Wallet,28800
1383,1383,Cash,13800
1384,1384,E-Wallet,11800
1385,1385,E-Wallet,30100
1386,1386,Cash,27900
1387,1387,E-Wallet,12100
1388,1388,E-Wallet,16900
1389,1389,Cash,30600
1390,1390,E-Wallet,11200
1391,1391,E-Wallet,15000
1392,1392,E-Wallet,11400
1393,1393,Cash,30900
1394,1394,Cash,13400
1395,1395,Cash,32900
1396,1396,Cash,15800
1397,1397,E-Wallet,18400
1398,1398,Card,17300
1399,1399,Card,18300
1400,1400,Cash,20300
1401,1401,Card,22300
1402,1402,Cash,35200
1403,1403,E-Wallet,21300
1404,1404,Cash,26500
1405,1405,Card,8400
1406,1406,Card,19300
1407,1407,Cash,27200
1408,1408,Cash,10700
1409,1409,Card,19900
1410,1410,Cash,10600
1411,1411,Cash,10900
1412,1412,Card,31300
1413,1413,Card,29600
1414,1414,Card,29400
1415,1415,Card,30600
1416,1416,Cash,24000
1417,1417,E-Wallet,33800
1418,1418,Cash,11600
1419,1419,Card,27200
1420,1420,Card,33400
1421,1421,Card,28300
1422,1422,Card,22500
1423,1423,Cash,28600
1424,1424,Card,24900
1425,1425,Cash,25300
1426,1426,Cash,28900
1427,1427,Cash,21700
1428,1428,E-Wallet,26700
1429,1429,Cash,26000
1430,1430,E-Wallet,8500
1431,1431,E-Wallet,25300
1432,1432,E-Wallet,13300
1433,1433,Card,8700
1434,1434,Cash,14100
1435,1435,E-Wallet,25100
1436,1436,Cash,23600
1437,1437,Cash,10200
1438,1438,Cash,30000
1439,1439,E-Wallet,12200
1440,1440,Card,33600
1441,1441,E-Wallet,31400
1442,1442,Card,11200
1443,1443,Cash,30200
1444,1444,Card,21600
1445,1445,Card,23600
1446,1446,E-Wallet,18900
1447,1447,Card,9300
1448,1448,E-Wallet,16000
1449,1449,E-Wallet,31200
1450,1450,Cash,10300
1451,1451,E-Wallet,18200
1452,1452,E-Wallet,19600
1453,1453,Cash,25700
1454,1454,Card,21300
1455,1455,Cash,18900
1456,1456,Card,30300
1457,1457,E-Wallet,20500
1458,1458,E-Wallet,9600
1459,1459,Cash,15900
1460,1460,Cash,20000
1461,1461,Card,8400
1462,1462,Cash,17100
1463,1463,Card,11200
1464,1464,Card,16400
1465,1465,E-Wallet,14000
1466,1466,Card,25700
1467,1467,Card,25300
1468,1468,Card,22800
1469,1469,E-Wallet,20600
1470,1470,E-Wallet,20500
1471,1471,Card,28500
1472,1472,Card,22800
1473,1473,Cash,22500
1474,1474,E-Wallet,8100
1475,1475,E-Wallet,23600
1476,1476,Card,9200
1477,1477,Cash,18900
1478,1478,Card,34400
1479,1479,Cash,27000
1480,1480,Card,34600
1481,1481,Card,11600
1482,1482,Cash,27600
1483,1483,Cash,9600
1484,1484,E-Wallet,26700
1485,1485,Card,29600
1486,1486,Card,11900
1487,1487,Card,20000
1488,1488,Cash,16400
1489,1489,Cash,21200
1490,1490,Card,32800
1491,1491,Card,23400
1492,1492,Cash,17300
1493,1493,Cash,23700
1494,1494,E-Wallet,8700
1495,1495,Card,8600
1496,1496,Card,15000
1497,1497,Card,11300
1498,1498,Card,9700
1499,1499,E-Wallet,11500
1500,1500,Card,9400
1501,1501,Card,14100
1502,1502,Card,15000
1503,1503,E-Wallet,12600
1504,1504,Card,17900
1505,1505,Cash,29800
1506,1506,E-Wallet,26100
1507,1507,Cash,8300
1508,1508,E-Wallet,8700
1509,1509,Cash,20100
1510,1510,Cash,25500
1511,1511,Card,32100
1512,1512,Card,9200
1513,1513,Card,21300
1514,1514,Card,25400
1515,1515,E-Wallet,17800
1516,1516,Cash,27000
1517,1517,Card,24500
1518,1518,Card,29300
1519,1519,E-Wallet,21300
1520,1520,E-Wallet,29600
1521,1521,Card,21200
1522,1522,E-Wallet,14500
1523,1523,Card,25400
1524,1524,E-Wallet,13500
1525,1525,Card,28400
1526,1526,Cash,8300
1527,1527,Card,10300
1528,1528,Cash,15200
1529,1529,Card,22400
1530,1530,Cash,11100
1531,1531,Card,10300
1532,1532,Card,27100
1533,1533,Cash,28900
1534,1534,E-Wallet,11400
1535,1535,E-Wallet,32500
1536,1536,Cash,28800
1537,1537,Card,23400
1538,1538,E-Wallet,18700
1539,1539,E-Wallet,34400
1540,1540,E-Wallet,32200
1541,1541,E-Wallet,34100
1542,1542,E-Wallet,28500
1543,1543,E-Wallet,30000
1544,1544,Card,8600
1545,1545,E-Wallet,24000
1546,1546,Card,12800
1547,1547,Cash,13100
1548,1548,Cash,15100
1549,1549,E-Wallet,19200
1550,1550,Cash,10100
1551,1551,Cash,30100
1552,1552,Card,29300
1553,1553,Card,32100
1554,1554,E-Wallet,25500
1555,1555,E-Wallet,20100
1556,1556,Cash,25900
1557,1557,Card,16800
1558,1558,Cash,11700
1559,1559,E-Wallet,12500
1560,1560,Card,14900
1561,1561,Card,31100
1562,1562,Cash,30600
1563,1563,Card,35000
1564,1564,E-Wallet,17800
1565,1565,E-Wallet,33900
1566,1566,Card,23200
1567,1567,Cash,23200
1568,1568,Card,24700
1569,1569,Cash,33800
1570,1570,Cash,8300
1571,1571,Card,27800
1572,1572,Card,13200
1573,1573,Cash,32700
1574,1574,E-Wallet,31800
1575,1575,E-Wallet,17100
1576,1576,Cash,28600
1577,1577,Cash,18000
1578,1578,E-Wallet,12400
1579,1579,E-Wallet,30800
1580,1580,E-Wallet,26300
1581,1581,Cash,14000
1582,1582,Cash,19600
1583,1583,Card,24300
1584,1584,Cash,10900
1585,1585,Cash,10000
1586,1586,E-Wallet,8300
1587,1587,Cash,15500
1588,1588,Cash,33100
1589,1589,Card,9900
1590,1590,E-Wallet,10300
1591,1591,Cash,34100
1592,1592,E-Wallet,17200
1593,1593,Cash,28400
1594,1594,E-Wallet,22100
1595,1595,Cash,33300
1596,1596,Card,16700
1597,1597,E-Wallet,13700
1598,1598,E-Wallet,28700
1599,1599,Card,10600
1600,1600,Card,14100
1601,1601,E-Wallet,33400
1602,1602,Cash,9300
1603,1603,Cash,16000
1604,1604,Cash,17200
1605,1605,Card,34000
1606,1606,Cash,25200
1607,1607,Card,25600
1608,1608,Cash,29100
1609,1609,E-Wallet,13700
1610,1610,E-Wallet,20400
1611,1611,E-Wallet,21500
1612,1612,Cash,32800
1613,1613,Card,23000
1614,1614,Cash,19200
1615,1615,E-Wallet,18200
1616,1616,E-Wallet,11000
1617,1617,Cash,23300
1618,1618,Card,9400
1619,1619,Cash,10200
1620,1620,Card,11000
1621,1621,Cash,18800
1622,1622,Card,12900
1623,1623,E-Wallet,32300
1624,1624,Cash,19500
1625,1625,Cash,18100
1626,1626,Cash,8800
1627,1627,Cash,29200
1628,1628,E-Wallet,11000
1629,1629,Cash,33400
1630,1630,E-Wallet,23900
1631,1631,Cash,14100
1632,1632,E-Wallet,31200
1633,1633,Cash,11900
1634,1634,Card,32100
1635,1635,Card,18800
1636,1636,E-Wallet,20000
1637,1637,Cash,21600
1638,1638,Card,33400
1639,1639,E-Wallet,27000
1640,1640,Cash,27100
1641,1641,Card,16600
1642,1642,Card,8100
1643,1643,E-Wallet,32000
1644,1644,E-Wallet,20400
1645,1645,Card,33900
1646,1646,Cash,13000
1647,1647,Card,8800
1648,1648,E-Wallet,15100
1649,1649,Card,27500
1650,1650,Cash,32400
1651,1651,Card,14600
1652,1652,Card,7700
1653,1653,Cash,12800
1654,1654,Cash,11600
1655,1655,Cash,28900
1656,1656,Card,32000
1657,1657,Card,8100
1658,1658,Card,22100
1659,1659,E-Wallet,16300
1660,1660,E-Wallet,20000
1661,1661,E-Wallet,10500
1662,1662,E-Wallet,14700
1663,1663,E-Wallet,25000
1664,1664,Card,17700
1665,1665,E-Wallet,15100
1666,1666,Card,22100
1667,1667,Cash,12400
1668,1668,Cash,25300
1669,1669,Cash,19200
1670,1670,Cash,11900
1671,1671,E-Wallet,28300
1672,1672,E-Wallet,10600
1673,1673,E-Wallet,30100
1674,1674,Cash,17500
1675,1675,Card,34700
1676,1676,E-Wallet,9500
1677,1677,Card,35300
1678,1678,Cash,28200
1679,1679,Card,26700
1680,1680,Card,34200
1681,1681,E-Wallet,25400
1682,1682,Card,31500
1683,1683,Cash,19800
1684,1684,Cash,34100
1685,1685,Cash,13800
1686,1686,E-Wallet,16700
1687,1687,Cash,8800
1688,1688,E-Wallet,15500
1689,1689,Cash,31500
1690,1690,E-Wallet,9900
1691,1691,E-Wallet,8300
1692,1692,Card,25100
1693,1693,Card,12600
1694,1694,Card,23500
1695,1695,E-Wallet,24700
1696,1696,Cash,25400
1697,1697,E-Wallet,16200
1698,1698,E-Wallet,31700
1699,1699,Cash,22300
1700,1700,E-Wallet,13700
1701,1701,E-Wallet,28900
1702,1702,Card,25500
1703,1703,Card,31700
1704,1704,Cash,16600
1705,1705,Card,10500
1706,1706,E-Wallet,10300
1707,1707,E-Wallet,13600
1708,1708,Card,11300
1709,1709,Card,17400
1710,1710,Card,20000
1711,1711,E-Wallet,27200
1712,1712,Card,9100
1713,1713,E-Wallet,23200
1714,1714,Card,20500
1715,1715,E-Wallet,14600
1716,1716,Cash,23000
1717,1717,Card,22600
1718,1718,E-Wallet,12700
1719,1719,Card,23100
1720,1720,Cash,23300
1721,1721,E-Wallet,22200
1722,1722,Cash,8500
1723,1723,Card,29400
1724,1724,Card,20500
1725,1725,Card,30000
1726,1726,Cash,13600
1727,1727,E-Wallet,26400
1728,1728,Card,34000
1729,1729,Card,10900
1730,1730,Card,18600
1731,1731,E-Wallet,29500
1732,1732,Card,15500
1733,1733,Cash,25300
1734,1734,Card,29000
1735,1735,Cash,30400
1736,1736,Cash,16500
1737,1737,Card,16600
1738,1738,Cash,10400
1739,1739,Cash,13000
1740,1740,E-Wallet,19400
1741,1741,Card,15300
1742,1742,E-Wallet,10300
1743,1743,Cash,31200
1744,1744,Card,13300
1745,1745,Card,22200
1746,1746,Cash,33700
1747,1747,Cash,14100
1748,1748,Cash,16900
1749,1749,E-Wallet,33100
1750,1750,E-Wallet,13400
1751,1751,Card,8600
1752,1752,Cash,10100
1753,1753,E-Wallet,12800
1754,1754,Card,14000
1755,1755,Card,11900
1756,1756,Cash,24900
1757,1757,E-Wallet,14700
1758,1758,E-Wallet,23800
1759,1759,Cash,10300
1760,1760,E-Wallet,14800
1761,1761,Card,10700
1762,1762,Cash,26300
1763,1763,Card,14700
1764,1764,Card,29400
1765,1765,Card,13600
1766,1766,E-Wallet,18900
1767,1767,E-Wallet,30300
1768,1768,Card,18200
1769,1769,E-Wallet,24700
1770,1770,Cash,34200
1771,1771,Cash,32800
1772,1772,Cash,22200
1773,1773,E-Wallet,22000
1774,1774,Card,29800
1775,1775,Cash,31000
1776,1776,Cash,21000
1777,1777,Card,9500
1778,1778,Cash,30800
1779,1779,Cash,26000
1780,1780,Cash,13800
1781,1781,E-Wallet,34600
1782,1782,E-Wallet,19500
1783,1783,E-Wallet,34200
1784,1784,Cash,25000
1785,1785,Card,27200
1786,1786,Card,33700
1787,1787,Cash,29200
1788,1788,Card,9600
1789,1789,Cash,25100
1790,1790,Cash,17400
1791,1791,Cash,30200
1792,1792,Card,25100
1793,1793,E-Wallet,17200
1794,1794,Cash,14100
1795,1795,E-Wallet,18000
1796,1796,Cash,24900
1797,1797,Card,33100
1798,1798,E-Wallet,12300
1799,1799,E-Wallet,24600
1800,1800,Cash,17800
1801,1801,Cash,33800
1802,1802,E-Wallet,35000
1803,1803,E-Wallet,33200
1804,1804,E-Wallet,13400
1805,1805,E-Wallet,25800
1806,1806,Cash,24400
1807,1807,Card,14200
1808,1808,Cash,16500
1809,1809,Card,21200
1810,1810,Cash,11300
1811,1811,Cash,30600
1812,1812,Cash,33200
1813,1813,Card,11500
1814,1814,E-Wallet,12100
1815,1815,Card,10600
1816,1816,Card,8700
1817,1817,Card,23800
1818,1818,Card,25100
1819,1819,Card,32200
1820,1820,Cash,20100
1821,1821,E-Wallet,14700
1822,1822,Cash,26000
1823,1823,Cash,11800
1824,1824,Card,33600
1825,1825,E-Wallet,10500
1826,1826,Card,18200
1827,1827,E-Wallet,16600
1828,1828,E-Wallet,17200
1829,1829,Card,30300
1830,1830,Cash,24200
1831,1831,Cash,29200
1832,1832,Card,16400
1833,1833,E-Wallet,29200
1834,1834,Cash,32700
1835,1835,Card,25600
1836,1836,E-Wallet,28200
1837,1837,E-Wallet,9600
1838,1838,E-Wallet,16900
1839,1839,E-Wallet,16400
1840,1840,E-Wallet,18300
1841,1841,Cash,15400
1842,1842,Card,27300
1843,1843,Cash,33000
1844,1844,E-Wallet,25500
1845,1845,Card,22600
1846,1846,Cash,17600
1847,1847,Cash,11500
1848,1848,E-Wallet,19500
1849,1849,Card,28700
1850,1850,Cash,14300
1851,1851,E-Wallet,32200
1852,1852,Cash,19900
1853,1853,Card,26900
1854,1854,Cash,25500
1855,1855,E-Wallet,14900
1856,1856,E-Wallet,21300
1857,1857,E-Wallet,17900
1858,1858,E-Wallet,17600
1859,1859,Card,8500
1860,1860,E-Wallet,14400
1861,1861,Cash,27900
1862,1862,Card,33500
1863,1863,Cash,27000
1864,1864,Card,12800
1865,1865,Card,22600
1866,1866,E-Wallet,22900
1867,1867,Card,18300
1868,1868,Cash,26800
1869,1869,E-Wallet,22100
1870,1870,Card,9300
1871,1871,E-Wallet,16800
1872,1872,Card,25100
1873,1873,Card,12600
1874,1874,E-Wallet,17200
1875,1875,E-Wallet,25600
1876,1876,Card,25600
1877,1877,Card,33000
1878,1878,E-Wallet,10100
1879,1879,Cash,21100
1880,1880,E-Wallet,16200
1881,1881,Card,16800
1882,1882,Cash,24300
1883,1883,Card,20400
1884,1884,Card,21300
1885,1885,Card,27000
1886,1886,Cash,14900
1887,1887,E-Wallet,18900
1888,1888,E-Wallet,8300
1889,1889,E-Wallet,24500
1890,1890,E-Wallet,16000
1891,1891,Card,22800
1892,1892,E-Wallet,11700
1893,1893,Card,10500
1894,1894,Cash,25000
1895,1895,E-Wallet,10700
1896,1896,Cash,33000
1897,1897,E-Wallet,22400
1898,1898,E-Wallet,17400
1899,1899,Cash,25200
1900,1900,E-Wallet,27600
1901,1901,Cash,33400
1902,1902,E-Wallet,23300
1903,1903,Card,8100
1904,1904,Cash,21100
1905,1905,Card,16500
1906,1906,Cash,11000
1907,1907,Cash,21800
1908,1908,Card,31000
1909,1909,Card,14200
1910,1910,Card,11600
1911,1911,Cash,17000
1912,1912,Card,12700
1913,1913,Cash,34100
1914,1914,Card,7600
1915,1915,Cash,15000
1916,1916,Cash,32700
1917,1917,Cash,18100
1918,1918,E-Wallet,33800
1919,1919,Card,25400
1920,1920,Cash,13700
1921,1921,Cash,24500
1922,1922,Card,18200
1923,1923,E-Wallet,10600
1924,1924,Card,10300
1925,1925,Cash,27900
1926,1926,Cash,18400
1927,1927,E-Wallet,18400
1928,1928,Card,33900
1929,1929,Card,24300
1930,1930,Cash,20600
1931,1931,E-Wallet,9900
1932,1932,E-Wallet,35200
1933,1933,Cash,28000
1934,1934,Cash,34300
1935,1935,Card,10500
1936,1936,E-Wallet,29300
1937,1937,Card,14400
1938,1938,E-Wallet,31300
1939,1939,Cash,16500
1940,1940,E-Wallet,22600
1941,1941,Card,25200
1942,1942,Cash,29500
1943,1943,Cash,18900
1944,1944,E-Wallet,9000
1945,1945,Card,12500
1946,1946,Card,13700
1947,1947,Card,22800
1948,1948,Cash,27700
1949,1949,Card,8400
1950,1950,E-Wallet,16100
1951,1951,Cash,18600
1952,1952,Cash,31300
1953,1953,Cash,13600
1954,1954,E-Wallet,27800
1955,1955,Cash,31300
1956,1956,E-Wallet,12300
1957,1957,Cash,25600
1958,1958,Cash,32400
1959,1959,Cash,12500
1960,1960,Card,7700
1961,1961,E-Wallet,8600
1962,1962,E-Wallet,20900
1963,1963,Card,33400
1964,1964,E-Wallet,10700
1965,1965,Card,9300
1966,1966,Cash,14000
1967,1967,Card,30900
1968,1968,Cash,31400
1969,1969,Card,32200
1970,1970,Card,23000
1971,1971,Card,8700
1972,1972,Cash,24200
1973,1973,Card,29400
1974,1974,E-Wallet,9900
1975,1975,Card,15700
1976,1976,E-Wallet,9000
1977,1977,Cash,26600
1978,1978,E-Wallet,20400
1979,1979,Cash,11400
1980,1980,Cash,29000
1981,1981,Card,34300
1982,1982,Card,19700
1983,1983,Card,29900
1984,1984,Card,22300
1985,1985,E-Wallet,31800
1986,1986,E-Wallet,8900
1987,1987,Card,32600
1988,1988,E-Wallet,13500
1989,1989,Card,34200
1990,1990,Card,22400
1991,1991,Card,15200
1992,1992,E-Wallet,8800
1993,1993,Card,30300
1994,1994,Cash,10100
1995,1995,Cash,20100
1996,1996,E-Wallet,32000
1997,1997,Cash,15400
1998,1998,Cash,24400
1999,1999,E-Wallet,20600
2000,2000,Card,11600
2001,2001,Cash,10200
2002,2002,Card,33700
2003,2003,E-Wallet,9600
2004,2004,Card,24900
2005,2005,Cash,29200
2006,2006,Cash,34800
2007,2007,Cash,27200
2008,2008,E-Wallet,35200
2009,2009,Cash,30200
2010,2010,E-Wallet,18600
2011,2011,E-Wallet,9300
2012,2012,Cash,28100
2013,2013,E-Wallet,19900
2014,2014,E-Wallet,16700
2015,2015,Cash,23300
2016,2016,Card,10500
2017,2017,E-Wallet,15100
2018,2018,Card,22700
2019,2019,Card,19000
2020,2020,E-Wallet,31200
2021,2021,E-Wallet,29400
2022,2022,Card,29200
2023,2023,E-Wallet,21300
2024,2024,E-Wallet,33200
2025,2025,Cash,12300
2026,2026,E-Wallet,26000
2027,2027,Cash,29300
2028,2028,E-Wallet,22100
2029,2029,E-Wallet,12700
2030,2030,Card,15600
2031,2031,Cash,27800
2032,2032,Card,18200
2033,2033,Card,23000
2034,2034,Card,9300
2035,2035,E-Wallet,6900
2036,2036,Card,6700
2037,2037,Card,8400
2038,2038,Card,10300
2039,2039,Card,7300
2040,2040,E-Wallet,6700
2041,2041,Cash,8300
2042,2042,Card,8600
2043,2043,E-Wallet,7600
2044,2044,Card,10900
2045,2045,E-Wallet,7300
2046,2046,E-Wallet,9300
2047,2047,Card,6800
2048,2048,Cash,10600
2049,2049,Cash,7300
2050,2050,Card,9900
2051,2051,Card,6600
2052,2052,Cash,10400
2053,2053,Card,7400
2054,2054,Card,10500
2055,2055,Card,9100
2056,2056,Card,8500
2057,2057,Card,7300
2058,2058,E-Wallet,9200
2059,2059,Card,10000
2060,2060,E-Wallet,8700
2061,2061,E-Wallet,10000
2062,2062,Card,7700
2063,2063,E-Wallet,7500
2064,2064,Card,8700
2065,2065,E-Wallet,7000
2066,2066,Cash,9200
2067,2067,Cash,10200
2068,2068,E-Wallet,9900
2069,2069,Cash,9700
2070,2070,Card,9200
2071,2071,E-Wallet,8900
2072,2072,E-Wallet,10000
2073,2073,E-Wallet,6600
2074,2074,E-Wallet,8800
2075,2075,Card,9700
2076,2076,Cash,11100
2077,2077,E-Wallet,9600
2078,2078,E-Wallet,10000
2079,2079,Card,8400
2080,2080,Cash,8800
2081,2081,E-Wallet,8000
2082,2082,Card,7200
2083,2083,Cash,9800
2084,2084,E-Wallet,9800
2085,2085,Card,10200
2086,2086,E-Wallet,8300
2087,2087,Card,10800
2088,2088,Cash,7100
2089,2089,Cash,10100
2090,2090,Cash,8200
2091,2091,E-Wallet,7700
2092,2092,Cash,9100
2093,2093,Cash,9000
2094,2094,Cash,10800
2095,2095,Card,7800
2096,2096,Card,11200
2097,2097,Cash,10700
2098,2098,Card,11300
2099,2099,Card,7200
2100,2100,E-Wallet,9400
2101,2101,Cash,9200
2102,2102,Cash,7300
2103,2103,E-Wallet,7600
2104,2104,Card,6900
2105,2105,Cash,10900
2106,2106,Card,8300
2107,2107,E-Wallet,24600
2108,2108,E-Wallet,11900
2109,2109,Cash,14200
2110,2110,Card,32800
2111,2111,Card,30000
2112,2112,Card,17400
2113,2113,Cash,15900
2114,2114,E-Wallet,19300
2115,2115,Card,18400
2116,2116,Card,18600
2117,2117,Cash,29500
2118,2118,Cash,33800
2119,2119,Cash,13800
2120,2120,Card,9700
2121,2121,Cash,24700
2122,2122,Cash,28400
2123,2123,Card,19100
2124,2124,Cash,10200
2125,2125,E-Wallet,19600
2126,2126,E-Wallet,9700
2127,2127,Cash,34300
2128,2128,Cash,25200
2129,2129,Cash,14700
2130,2130,Card,28800
2131,2131,Card,26400
2132,2132,Card,23300
2133,2133,Cash,12300
2134,2134,Card,20100
2135,2135,Cash,23700
2136,2136,Cash,12400
2137,2137,Cash,32700
2138,2138,Card,20000
2139,2139,Cash,26600
2140,2140,Card,29900
2141,2141,Cash,30900
2142,2142,Cash,23700
2143,2143,Card,23700
2144,2144,Cash,32900
2145,2145,E-Wallet,34300
2146,2146,Cash,16400
2147,2147,E-Wallet,28700
2148,2148,Cash,13900
2149,2149,E-Wallet,32700
2150,2150,Card,21800
2151,2151,Cash,32100
2152,2152,Cash,10700
2153,2153,Card,28700
2154,2154,E-Wallet,20700
2155,2155,E-Wallet,29800
2156,2156,E-Wallet,26100
2157,2157,Cash,18100
2158,2158,Card,16800
2159,2159,Card,22900
2160,2160,Card,24100
2161,2161,Card,18700
2162,2162,E-Wallet,32900
2163,2163,E-Wallet,20900
2164,2164,Card,30700
2165,2165,Card,9300
2166,2166,E-Wallet,25800
2167,2167,Cash,20800
2168,2168,Cash,13100
2169,2169,Card,8700
2170,2170,Card,28700
2171,2171,Card,19500
2172,2172,Cash,28500
2173,2173,Card,19400
2174,2174,Card,11000
2175,2175,E-Wallet,15400
2176,2176,Card,31900
2177,2177,E-Wallet,28600
2178,2178,Cash,28900
2179,2179,Cash,18800
2180,2180,Cash,18300
2181,2181,Cash,33600
2182,2182,Cash,13700
2183,2183,Card,27600
2184,2184,Card,24800
2185,2185,Cash,25900
2186,2186,E-Wallet,23800
2187,2187,Card,31500
2188,2188,Cash,25900
2189,2189,E-Wallet,12500
2190,2190,Cash,34400
2191,2191,Card,26400
2192,2192,Card,20600
2193,2193,E-Wallet,14800
2194,2194,Cash,18900
2195,2195,E-Wallet,26800
2196,2196,Card,31800
2197,2197,Card,19000
2198,2198,Cash,11200
2199,2199,Card,29400
2200,2200,E-Wallet,14200
2201,2201,Cash,33200
2202,2202,E-Wallet,9600
2203,2203,E-Wallet,32500
2204,2204,Cash,16800
2205,2205,Cash,23400
2206,2206,E-Wallet,22900
2207,2207,E-Wallet,11700
2208,2208,E-Wallet,30800
2209,2209,Card,20800
2210,2210,Card,34800
2211,2211,Cash,11200
2212,2212,E-Wallet,9100
2213,2213,Card,12200
2214,2214,Card,31300
2215,2215,Cash,12700
2216,2216,E-Wallet,8600
2217,2217,Cash,31400
2218,2218,Card,32400
2219,2219,E-Wallet,29300
2220,2220,Cash,31800
2221,2221,Card,13500
2222,2222,Cash,15100
2223,2223,Cash,27700
2224,2224,Cash,28100
2225,2225,E-Wallet,23600
2226,2226,Cash,29500
2227,2227,E-Wallet,15600
2228,2228,E-Wallet,7700
2229,2229,Card,10500
2230,2230,E-Wallet,22600
2231,2231,E-Wallet,14100
2232,2232,E-Wallet,17400
2233,2233,E-Wallet,30600
2234,2234,E-Wallet,19900
2235,2235,Cash,11300
2236,2236,Cash,30400
2237,2237,Card,25500
2238,2238,Cash,12200
2239,2239,Cash,17600
2240,2240,Cash,19900
2241,2241,Card,20800
2242,2242,Cash,29400
2243,2243,E-Wallet,33000
2244,2244,Cash,11300
2245,2245,E-Wallet,8900
2246,2246,Cash,9600
2247,2247,Card,10900
2248,2248,Cash,28200
2249,2249,Card,28800
2250,2250,E-Wallet,23800
2251,2251,E-Wallet,21900
2252,2252,E-Wallet,21700
2253,2253,Card,34900
2254,2254,Card,21300
2255,2255,Cash,14000
2256,2256,E-Wallet,32600
2257,2257,E-Wallet,14400
2258,2258,E-Wallet,26500
2259,2259,Card,8500
2260,2260,Card,19200
2261,2261,Card,8900
2262,2262,Cash,34400
2263,2263,Cash,20700
2264,2264,Card,20400
2265,2265,Cash,11700
2266,2266,Card,17200
2267,2267,E-Wallet,31900
2268,2268,E-Wallet,8700
2269,2269,Cash,28200
2270,2270,Cash,8300
2271,2271,Cash,27200
2272,2272,Cash,24500
2273,2273,Cash,24200
2274,2274,Card,22300
2275,2275,E-Wallet,16800
2276,2276,E-Wallet,19000
2277,2277,Card,13300
2278,2278,E-Wallet,13000
2279,2279,Card,13800
2280,2280,Cash,34200
2281,2281,Cash,14800
2282,2282,Card,22500
2283,2283,Card,8400
2284,2284,E-Wallet,35400
2285,2285,E-Wallet,10000
2286,2286,E-Wallet,12700
2287,2287,Cash,15200
2288,2288,E-Wallet,12400
2289,2289,Cash,15600
2290,2290,Card,12000
2291,2291,Cash,28800
2292,2292,Cash,14200
2293,2293,E-Wallet,26000
2294,2294,Cash,27200
2295,2295,Cash,18100
2296,2296,Card,17500
2297,2297,Card,17300
2298,2298,Cash,16400
2299,2299,Cash,12700
2300,2300,Card,26700
2301,2301,E-Wallet,21400
2302,2302,E-Wallet,22000
2303,2303,Cash,32600
2304,2304,E-Wallet,31500
2305,2305,Card,28200
2306,2306,Card,13700
2307,2307,Card,21300
2308,2308,Cash,22400
2309,2309,Cash,34100
2310,2310,Card,19700
2311,2311,Cash,29600
2312,2312,Card,31600
2313,2313,E-Wallet,11600
2314,2314,Card,30000
2315,2315,E-Wallet,18100
2316,2316,E-Wallet,11700
2317,2317,Cash,34100
2318,2318,E-Wallet,17400
2319,2319,Cash,10800
2320,2320,Cash,26700
2321,2321,Cash,30600
2322,2322,Cash,24700
2323,2323,Cash,20200
2324,2324,Card,27600
2325,2325,Cash,27800
2326,2326,Cash,21100
2327,2327,Card,17500
2328,2328,E-Wallet,18000
2329,2329,Cash,34200
2330,2330,Cash,16800
2331,2331,Card,16400
2332,2332,E-Wallet,11500
2333,2333,E-Wallet,32000
2334,2334,Card,16800
2335,2335,E-Wallet,19900
2336,2336,E-Wallet,18400
2337,2337,Card,23000
2338,2338,Cash,27300
2339,2339,E-Wallet,23100
2340,2340,Cash,27700
2341,2341,Card,18900
2342,2342,Card,25600
2343,2343,Cash,33100
2344,2344,Card,16600
2345,2345,Cash,25800
2346,2346,Cash,31100
2347,2347,Card,22100
2348,2348,Card,9300
2349,2349,E-Wallet,22700
2350,2350,E-Wallet,13200
2351,2351,Card,26800
2352,2352,E-Wallet,21600
2353,2353,Cash,18700
2354,2354,E-Wallet,22700
2355,2355,E-Wallet,17500
2356,2356,Card,15100
2357,2357,E-Wallet,10500
2358,2358,Cash,26700
2359,2359,Cash,20200
2360,2360,Card,20100
2361,2361,E-Wallet,25100
2362,2362,Cash,9700
2363,2363,E-Wallet,15100
2364,2364,Cash,29200
2365,2365,E-Wallet,29300
2366,2366,Cash,26200
2367,2367,Card,29800
2368,2368,Cash,32000
2369,2369,Cash,16000
2370,2370,Card,29000
2371,2371,Cash,24200
2372,2372,E-Wallet,15000
2373,2373,E-Wallet,26800
2374,2374,Cash,17100
2375,2375,Cash,23200
2376,2376,Cash,21300
2377,2377,Cash,29100
2378,2378,E-Wallet,20300
2379,2379,Cash,9000
2380,2380,Cash,19300
2381,2381,E-Wallet,26300
2382,2382,Card,20200
2383,2383,Card,14700
2384,2384,Card,9900
2385,2385,Card,17600
2386,2386,E-Wallet,10700
2387,2387,E-Wallet,17400
2388,2388,E-Wallet,14400
2389,2389,Card,33100
2390,2390,Cash,27400
2391,2391,E-Wallet,21200
2392,2392,E-Wallet,22700
2393,2393,Cash,18400
2394,2394,Cash,20500
2395,2395,Card,22000
2396,2396,Card,10000
2397,2397,E-Wallet,18000
2398,2398,Card,13700
2399,2399,E-Wallet,23600
2400,2400,E-Wallet,30500
2401,2401,Card,10300
2402,2402,Cash,21800
2403,2403,Cash,9600
2404,2404,Card,30100
2405,2405,Cash,8700
2406,2406,Cash,25200
2407,2407,E-Wallet,32300
2408,2408,Cash,22900
2409,2409,Card,24800
2410,2410,E-Wallet,17600
2411,2411,E-Wallet,17300
2412,2412,Card,31200
2413,2413,Cash,23600
2414,2414,E-Wallet,24600
2415,2415,Card,27100
2416,2416,E-Wallet,33100
2417,2417,Card,24600
2418,2418,Card,21300
2419,2419,E-Wallet,18600
2420,2420,E-Wallet,20900
2421,2421,E-Wallet,27600
2422,2422,Cash,27800
2423,2423,Card,22800
2424,2424,E-Wallet,29400
2425,2425,E-Wallet,11200
2426,2426,E-Wallet,19200
2427,2427,Cash,10900
2428,2428,Cash,26000
2429,2429,Cash,29900
2430,2430,Card,26400
2431,2431,Card,17800
2432,2432,Card,32900
2433,2433,E-Wallet,14400
2434,2434,Card,25700
2435,2435,Card,9900
2436,2436,E-Wallet,33000
2437,2437,E-Wallet,20400
2438,2438,Card,17600
2439,2439,Card,9900
2440,2440,Card,12200
2441,2441,E-Wallet,11400
2442,2442,Card,30500
2443,2443,Cash,20100
2444,2444,Card,30300
2445,2445,E-Wallet,31100
2446,2446,Card,27900
2447,2447,Cash,15600
2448,2448,Cash,29400
2449,2449,Card,15900
2450,2450,Card,27000
2451,2451,Cash,20700
2452,2452,Cash,19600
2453,2453,E-Wallet,11000
2454,2454,E-Wallet,9300
2455,2455,Cash,23200
2456,2456,Card,27000
2457,2457,E-Wallet,12900
2458,2458,E-Wallet,33600
2459,2459,E-Wallet,29100
2460,2460,Card,13400
2461,2461,E-Wallet,23900
2462,2462,Cash,14100
2463,2463,E-Wallet,12100
2464,2464,Cash,32300
2465,2465,Cash,30200
2466,2466,Cash,17600
2467,2467,Card,29200
2468,2468,Card,10400
2469,2469,Cash,32200
2470,2470,Cash,9300
2471,2471,Cash,20500
2472,2472,E-Wallet,17400
2473,2473,Cash,27200
2474,2474,Card,16900
2475,2475,Cash,9200
2476,2476,E-Wallet,14000
2477,2477,Card,18300
2478,2478,Cash,29600
2479,2479,E-Wallet,20700
2480,2480,Card,13200
2481,2481,E-Wallet,10300
2482,2482,Cash,32400
2483,2483,Cash,19600
2484,2484,E-Wallet,29600
2485,2485,Cash,32400
2486,2486,Cash,23900
2487,2487,Card,22300
2488,2488,E-Wallet,22300
2489,2489,Card,29200
2490,2490,E-Wallet,34600
2491,2491,E-Wallet,28300
2492,2492,E-Wallet,19100
2493,2493,Cash,26200
2494,2494,Cash,32900
2495,2495,Card,27000
2496,2496,Card,24300
2497,2497,Cash,10100
2498,2498,E-Wallet,23900
2499,2499,Card,33200
2500,2500,Cash,29500
2501,2501,Cash,25000
2502,2502,Card,17000
2503,2503,E-Wallet,31200
2504,2504,Card,25300
2505,2505,Card,12300
2506,2506,E-Wallet,17600
2507,2507,E-Wallet,16100
2508,2508,E-Wallet,26300
2509,2509,E-Wallet,31800
2510,2510,Card,10200
2511,2511,Cash,10500
2512,2512,Cash,18100
2513,2513,Cash,29400
2514,2514,Card,18200
2515,2515,Cash,7600
2516,2516,E-Wallet,13400
2517,2517,Cash,27500
2518,2518,E-Wallet,33800
2519,2519,Cash,32800
2520,2520,Cash,19600
2521,2521,Card,6500
2522,2522,Cash,10800
2523,2523,E-Wallet,7600
2524,2524,Cash,10400
2525,2525,Card,7600
2526,2526,E-Wallet,8200
2527,2527,Card,7800
2528,2528,Cash,6700
2529,2529,E-Wallet,11000
2530,2530,Card,10900
2531,2531,Cash,8800
2532,2532,E-Wallet,8900
2533,2533,Card,9100
2534,2534,Cash,7300
2535,2535,Cash,10400
2536,2536,Cash,8000
2537,2537,E-Wallet,10100
2538,2538,Card,9900
2539,2539,E-Wallet,7900
2540,2540,Cash,7500
2541,2541,E-Wallet,6200
2542,2542,Card,10400
2543,2543,Cash,9800
2544,2544,Card,7100
2545,2545,E-Wallet,10800
2546,2546,E-Wallet,10300
2547,2547,Card,9900
2548,2548,E-Wallet,9400
2549,2549,E-Wallet,9000
2550,2550,E-Wallet,10200
2551,2551,Card,6900
2552,2552,Card,7600
2553,2553,Cash,9600
2554,2554,E-Wallet,8200
2555,2555,Card,6800
2556,2556,Cash,9900
2557,2557,E-Wallet,10100
2558,2558,Cash,8300
2559,2559,Cash,11000
2560,2560,Cash,7000
2561,2561,E-Wallet,10900
2562,2562,E-Wallet,9400
2563,2563,E-Wallet,10600
2564,2564,Card,10300
2565,2565,E-Wallet,10000
2566,2566,Cash,9900
2567,2567,Card,9500
2568,2568,Card,6900
2569,2569,Card,7900
2570,2570,Card,7200
2571,2571,Card,8100
2572,2572,Cash,7500
2573,2573,Card,7900
2574,2574,Cash,7400
2575,2575,Cash,10200
2576,2576,Cash,9900
2577,2577,E-Wallet,9700
2578,2578,E-Wallet,8800
2579,2579,Cash,6800
2580,2580,E-Wallet,9900
2581,2581,Cash,7500
2582,2582,Cash,9700
2583,2583,Cash,9800
2584,2584,Cash,6600
2585,2585,E-Wallet,9100
2586,2586,Card,8500
2587,2587,Cash,9200
2588,2588,Card,10700
2589,2589,Card,10100
2590,2590,E-Wallet,10000
2591,2591,Cash,6200
2592,2592,Card,9200
2593,2593,E-Wallet,7400
2594,2594,Card,8300
2595,2595,E-Wallet,7500
2596,2596,Cash,8600
2597,2597,Card,10400
2598,2598,Card,11100
2599,2599,Card,8000
2600,2600,Cash,7500
2601,2601,Cash,8900
2602,2602,Cash,9300
2603,2603,Card,7500
2604,2604,E-Wallet,7100
2605,2605,Card,7700
2606,2606,Card,9500
2607,2607,Cash,7800
2608,2608,E-Wallet,6700
2609,2609,Card,9200
2610,2610,E-Wallet,6800
2611,2611,Card,10800
2612,2612,Card,7800
2613,2613,E-Wallet,33500
2614,2614,E-Wallet,31200
2615,2615,Cash,21700
2616,2616,E-Wallet,26500
2617,2617,Card,31700
2618,2618,E-Wallet,14600
2619,2619,E-Wallet,16500
2620,2620,Cash,34200
2621,2621,Cash,21900
2622,2622,Cash,22100
2623,2623,E-Wallet,30000
2624,2624,E-Wallet,31600
2625,2625,Card,19300
2626,2626,Card,20000
2627,2627,Card,32300
2628,2628,Card,28600
2629,2629,Cash,15000
2630,2630,E-Wallet,22500
2631,2631,Card,11400
2632,2632,Cash,9600
2633,2633,Card,10800
2634,2634,Cash,23700
2635,2635,E-Wallet,18600
2636,2636,Card,33000
2637,2637,Cash,9700
2638,2638,Cash,12700
2639,2639,Card,11000
2640,2640,Card,15800
2641,2641,Card,12100
2642,2642,Cash,34800
2643,2643,E-Wallet,18700
2644,2644,Card,12100
2645,2645,Cash,19700
2646,2646,Card,33200
2647,2647,Cash,14800
2648,2648,E-Wallet,15900
2649,2649,Cash,19000
2650,2650,E-Wallet,30500
2651,2651,Cash,10300
2652,2652,E-Wallet,15300
2653,2653,Cash,30300
2654,2654,Cash,16700
2655,2655,Cash,27300
2656,2656,E-Wallet,25600
2657,2657,Cash,27600
2658,2658,E-Wallet,19800
2659,2659,E-Wallet,17700
2660,2660,Card,8600
2661,2661,E-Wallet,17200
2662,2662,Card,11600
2663,2663,Cash,26200
2664,2664,Card,32400
2665,2665,Card,23700
2666,2666,E-Wallet,9700
2667,2667,Card,28900
2668,2668,Card,27900
2669,2669,Cash,21800
2670,2670,Card,31000
2671,2671,E-Wallet,10500
2672,2672,Cash,28800
2673,2673,Card,24200
2674,2674,Card,11700
2675,2675,Card,19100
2676,2676,Cash,9600
2677,2677,Cash,16100
2678,2678,Card,21900
2679,2679,E-Wallet,18900
2680,2680,Card,11400
2681,2681,Card,16900
2682,2682,Cash,31400
2683,2683,E-Wallet,33000
2684,2684,Card,27600
2685,2685,E-Wallet,23100
2686,2686,Cash,28200
2687,2687,Card,21000
2688,2688,Cash,11700
2689,2689,E-Wallet,26800
2690,2690,E-Wallet,10200
2691,2691,Cash,18800
2692,2692,E-Wallet,18700
2693,2693,Card,9900
2694,2694,Cash,10700
2695,2695,Cash,18100
2696,2696,E-Wallet,14300
2697,2697,Card,34000
2698,2698,Card,18700
2699,2699,Card,16800
2700,2700,Card,34200
2701,2701,Cash,30200
2702,2702,E-Wallet,13600
2703,2703,Cash,18300
2704,2704,Card,27900
2705,2705,Cash,29700
2706,2706,Card,15300
2707,2707,E-Wallet,19700
2708,2708,Cash,14500
2709,2709,Card,12500
2710,2710,Cash,15100
2711,2711,Cash,16900
2712,2712,Cash,22800
2713,2713,Cash,10000
2714,2714,E-Wallet,11900
2715,2715,E-Wallet,13000
2716,2716,E-Wallet,23700
2717,2717,E-Wallet,17000
2718,2718,Card,20000
2719,2719,Cash,15000
2720,2720,Cash,16000
2721,2721,E-Wallet,30200
2722,2722,Cash,17200
2723,2723,Card,11000
2724,2724,Cash,15700
2725,2725,Cash,17000
2726,2726,E-Wallet,19100
2727,2727,Cash,23600
2728,2728,Card,27700
2729,2729,Cash,24500
2730,2730,Card,15100
2731,2731,Cash,33300
2732,2732,Cash,11400
2733,2733,E-Wallet,31600
2734,2734,E-Wallet,25200
2735,2735,Cash,22100
2736,2736,Cash,12000
2737,2737,Card,7400
2738,2738,E-Wallet,8800
2739,2739,E-Wallet,10100
2740,2740,Card,8800
2741,2741,E-Wallet,8900
2742,2742,Card,8200
2743,2743,E-Wallet,11200
2744,2744,E-Wallet,8800
2745,2745,E-Wallet,11000
2746,2746,Cash,10800
2747,2747,Card,6700
2748,2748,Cash,9000
2749,2749,E-Wallet,8100
2750,2750,E-Wallet,10000
2751,2751,E-Wallet,8100
2752,2752,Card,8200
2753,2753,Card,8700
2754,2754,Cash,10000
2755,2755,Card,9400
2756,2756,Card,8000
2757,2757,Cash,7800
2758,2758,Card,10500
2759,2759,Cash,10400
2760,2760,Card,8800
2761,2761,Cash,10000
2762,2762,Card,9900
2763,2763,E-Wallet,9000
2764,2764,E-Wallet,9700
2765,2765,E-Wallet,7100
2766,2766,Card,9800
2767,2767,E-Wallet,6200
2768,2768,Card,6600
2769,2769,Cash,9800
2770,2770,E-Wallet,7900
2771,2771,E-Wallet,9100
2772,2772,E-Wallet,8600
2773,2773,E-Wallet,7400
2774,2774,Cash,8500
2775,2775,Cash,7600
2776,2776,Card,10500
2777,2777,Cash,9100
2778,2778,Card,7100
2779,2779,E-Wallet,8900
2780,2780,Card,8900
2781,2781,Card,9600
2782,2782,E-Wallet,10800
2783,2783,Cash,9900
2784,2784,Card,9400
2785,2785,E-Wallet,7000
2786,2786,Card,7800
2787,2787,E-Wallet,11100
2788,2788,Cash,7600
2789,2789,Cash,8700
2790,2790,E-Wallet,7500
2791,2791,Cash,7800
2792,2792,E-Wallet,7500
2793,2793,Cash,7600
2794,2794,Cash,7300
2795,2795,Cash,8500
2796,2796,Cash,7900
2797,2797,Card,10600
2798,2798,E-Wallet,9900
2799,2799,E-Wallet,9900
2800,2800,Cash,8300
2801,2801,Cash,6600
2802,2802,E-Wallet,9300
2803,2803,Card,7000
2804,2804,Card,9200
2805,2805,E-Wallet,10400
2806,2806,Card,8100
2807,2807,E-Wallet,8300
2808,2808,Card,10300
2809,2809,E-Wallet,7900
2810,2810,Cash,7300
2811,2811,Cash,8800
2812,2812,Cash,9300
2813,2813,Card,10300
2814,2814,Card,10900
2815,2815,E-Wallet,8800
2816,2816,Card,9900
2817,2817,E-Wallet,9600
2818,2818,E-Wallet,24800
2819,2819,Card,20600
2820,2820,E-Wallet,26300
2821,2821,E-Wallet,18800
2822,2822,Card,12100
2823,2823,Cash,18000
2824,2824,E-Wallet,8800
2825,2825,Card,21800
2826,2826,Cash,34000
2827,2827,E-Wallet,15300
2828,2828,Cash,26300
2829,2829,E-Wallet,29000
2830,2830,Cash,12000
2831,2831,E-Wallet,11900
2832,2832,E-Wallet,20500
2833,2833,E-Wallet,13300
2834,2834,E-Wallet,24900
2835,2835,Cash,8200
2836,2836,Cash,24200
2837,2837,Cash,11400
2838,2838,E-Wallet,28100
2839,2839,Card,8000
2840,2840,Cash,17600
2841,2841,E-Wallet,33500
2842,2842,Card,23200
2843,2843,Cash,24500
2844,2844,E-Wallet,25200
2845,2845,Cash,13600
2846,2846,E-Wallet,30300
2847,2847,E-Wallet,31400
2848,2848,Card,14400
2849,2849,Card,12700
2850,2850,Card,29000
2851,2851,Cash,15100
2852,2852,E-Wallet,14900
2853,2853,Cash,16900
2854,2854,E-Wallet,34200
2855,2855,E-Wallet,23300
2856,2856,Card,31600
2857,2857,Cash,11900
2858,2858,Cash,17100
2859,2859,E-Wallet,31400
2860,2860,Cash,9900
2861,2861,Card,7700
2862,2862,E-Wallet,30200
2863,2863,E-Wallet,21900
2864,2864,Cash,24700
2865,2865,Cash,7600
2866,2866,E-Wallet,14300
2867,2867,Cash,20700
2868,2868,Card,33500
2869,2869,Cash,9000
2870,2870,Cash,15900
2871,2871,Card,16200
2872,2872,E-Wallet,10800
2873,2873,E-Wallet,27900
2874,2874,E-Wallet,13900
2875,2875,E-Wallet,17100
2876,2876,E-Wallet,20500
2877,2877,Cash,14900
2878,2878,E-Wallet,21000
2879,2879,Cash,32200
2880,2880,Cash,9700
2881,2881,E-Wallet,12500
2882,2882,E-Wallet,27100
2883,2883,Cash,15700
2884,2884,Cash,25700
2885,2885,Cash,21400
2886,2886,Cash,28700
2887,2887,Cash,18200
2888,2888,E-Wallet,14100
2889,2889,Cash,29300
2890,2890,E-Wallet,15000
2891,2891,Cash,25500
2892,2892,E-Wallet,29900
2893,2893,Card,23700
2894,2894,Card,18000
2895,2895,E-Wallet,29700
2896,2896,E-Wallet,30800
2897,2897,E-Wallet,28700
2898,2898,Cash,9400
2899,2899,E-Wallet,18200
2900,2900,E-Wallet,29600
2901,2901,E-Wallet,34100
2902,2902,E-Wallet,28400
2903,2903,Card,33400
2904,2904,E-Wallet,10300
2905,2905,E-Wallet,29100
2906,2906,Cash,29300
2907,2907,Card,17900
2908,2908,E-Wallet,32700
2909,2909,Card,33300
2910,2910,E-Wallet,17700
2911,2911,E-Wallet,23100
2912,2912,E-Wallet,24600
2913,2913,Card,31900
2914,2914,Cash,24500
2915,2915,E-Wallet,24500
2916,2916,E-Wallet,18100
2917,2917,Card,31100
2918,2918,Card,18600
2919,2919,Cash,14900
2920,2920,E-Wallet,31300
2921,2921,Card,16400
2922,2922,E-Wallet,14800
2923,2923,Cash,16200
2924,2924,E-Wallet,22800
2925,2925,Card,29000
2926,2926,Cash,12500
2927,2927,Card,14700
2928,2928,E-Wallet,32400
2929,2929,Card,16500
2930,2930,E-Wallet,19600
2931,2931,Cash,9800
2932,2932,Card,22200
2933,2933,Cash,25100
2934,2934,Card,23500
2935,2935,Card,16300
2936,2936,Card,13000
2937,2937,E-Wallet,32300
2938,2938,E-Wallet,12700
2939,2939,Card,31200
2940,2940,E-Wallet,33900
2941,2941,E-Wallet,13700
2942,2942,Cash,23300
2943,2943,E-Wallet,8200
2944,2944,E-Wallet,32000
2945,2945,Card,23500
2946,2946,Cash,33700
2947,2947,Card,15000
2948,2948,Cash,10100
2949,2949,Cash,10600
2950,2950,Cash,33900
2951,2951,Cash,20100
2952,2952,Card,14200
2953,2953,Cash,20100
2954,2954,Card,22800
2955,2955,E-Wallet,22100
2956,2956,Card,18600
2957,2957,E-Wallet,31200
2958,2958,E-Wallet,29800
2959,2959,Cash,18800
2960,2960,Card,26800
2961,2961,Cash,13900
2962,2962,E-Wallet,18300
2963,2963,E-Wallet,23800
2964,2964,E-Wallet,34400
2965,2965,Card,19600
2966,2966,Cash,23600
2967,2967,E-Wallet,9600
2968,2968,Card,21800
2969,2969,Card,14200
2970,2970,Card,10700
2971,2971,E-Wallet,25800
2972,2972,Cash,14600
2973,2973,Cash,21700
2974,2974,Cash,13600
2975,2975,Cash,31700
2976,2976,E-Wallet,16500
2977,2977,Cash,15900
2978,2978,Cash,22700
2979,2979,E-Wallet,23800
2980,2980,Card,30700
2981,2981,E-Wallet,28300
2982,2982,E-Wallet,11600
2983,2983,E-Wallet,11900
2984,2984,Cash,33900
2985,2985,E-Wallet,21000
2986,2986,Cash,12600
2987,2987,E-Wallet,17300
2988,2988,E-Wallet,18300
2989,2989,Card,8300
2990,2990,Card,32300
2991,2991,Cash,15300
2992,2992,Card,25600
2993,2993,Cash,30000
2994,2994,E-Wallet,24400
2995,2995,E-Wallet,28500
2996,2996,Cash,24300
2997,2997,Card,31800
2998,2998,Cash,10000
2999,2999,Card,9600
3000,3000,Card,20500
3001,3001,Card,30100
3002,3002,Card,28000
3003,3003,E-Wallet,30300
3004,3004,E-Wallet,10700
3005,3005,Card,19100
3006,3006,Cash,8200
3007,3007,E-Wallet,30100
3008,3008,Cash,33900
3009,3009,Cash,19400
3010,3010,Cash,18000
3011,3011,Cash,32900
3012,3012,E-Wallet,7600
3013,3013,E-Wallet,9100
3014,3014,E-Wallet,10800
3015,3015,Cash,8300
3016,3016,Cash,7300
3017,3017,Card,9500
3018,3018,Cash,8700
3019,3019,Card,11200
3020,3020,Cash,8400
3021,3021,Cash,11100
3022,3022,Card,7700
3023,3023,E-Wallet,9900
3024,3024,Card,9600
3025,3025,Cash,9900
3026,3026,E-Wallet,11000
3027,3027,Cash,8800
3028,3028,Cash,7200
3029,3029,Cash,10300
3030,3030,Cash,11000
3031,3031,Cash,8000
3032,3032,Card,9000
3033,3033,Cash,8000
3034,3034,Cash,8200
3035,3035,Cash,9600
3036,3036,E-Wallet,10300
3037,3037,Card,9100
3038,3038,Card,10700
3039,3039,Card,8600
3040,3040,Cash,8900
3041,3041,E-Wallet,9700
3042,3042,E-Wallet,9500
3043,3043,Cash,8400
3044,3044,Card,10700
3045,3045,E-Wallet,9100
3046,3046,E-Wallet,7400
3047,3047,Card,7000
3048,3048,Card,7300
3049,3049,Card,8000
3050,3050,Cash,7500
3051,3051,Card,11000
3052,3052,Cash,8800
3053,3053,E-Wallet,7000
3054,3054,Card,9200
3055,3055,Card,7400
3056,3056,Cash,10600
3057,3057,Cash,10600
3058,3058,Card,8100
3059,3059,E-Wallet,6100
3060,3060,E-Wallet,6900
3061,3061,Card,7200
3062,3062,Cash,11100
3063,3063,Cash,10000
3064,3064,E-Wallet,9600
3065,3065,Card,10500
3066,3066,Card,8900
3067,3067,Cash,11300
3068,3068,Card,10800
3069,3069,Cash,8700
3070,3070,Cash,9500
3071,3071,Card,8300
3072,3072,Cash,7300
3073,3073,Card,8300
3074,3074,E-Wallet,10600
3075,3075,Cash,7400
3076,3076,Card,9800
3077,3077,Cash,29700
3078,3078,E-Wallet,25300
3079,3079,Card,28500
3080,3080,E-Wallet,10800
3081,3081,E-Wallet,22400
3082,3082,Card,8200
3083,3083,E-Wallet,17600
3084,3084,Cash,31900
3085,3085,E-Wallet,10700
3086,3086,Card,11500
3087,3087,Cash,29000
3088,3088,E-Wallet,8700
3089,3089,E-Wallet,12000
3090,3090,Card,19000
3091,3091,E-Wallet,25900
3092,3092,Card,16900
3093,3093,E-Wallet,30100
3094,3094,E-Wallet,24900
3095,3095,Cash,11100
3096,3096,E-Wallet,8200
3097,3097,Cash,23800
3098,3098,Cash,26300
3099,3099,Card,9700
3100,3100,Cash,27700
3101,3101,Cash,23300
3102,3102,E-Wallet,28500
3103,3103,Cash,22600
3104,3104,Cash,8800
3105,3105,Cash,27100
3106,3106,Cash,27400
3107,3107,Card,17800
3108,3108,E-Wallet,27400
3109,3109,Card,24700
3110,3110,Card,34900
3111,3111,Cash,9100
3112,3112,E-Wallet,22300
3113,3113,E-Wallet,11500
3114,3114,Card,31200
3115,3115,Card,13300
3116,3116,Card,30600
3117,3117,E-Wallet,24900
3118,3118,E-Wallet,27400
3119,3119,Cash,34600
3120,3120,E-Wallet,31200
3121,3121,Cash,10100
3122,3122,Cash,13700
3123,3123,Cash,9600
3124,3124,Cash,17400
3125,3125,Card,19000
3126,3126,Cash,20200
3127,3127,E-Wallet,27200
3128,3128,Card,20100
3129,3129,E-Wallet,28200
3130,3130,E-Wallet,34800
3131,3131,Card,19700
3132,3132,Cash,28400
3133,3133,Cash,20900
3134,3134,Cash,24700
3135,3135,E-Wallet,12900
3136,3136,E-Wallet,10500
3137,3137,Cash,35300
3138,3138,Card,17400
3139,3139,Cash,22400
3140,3140,Cash,16800
3141,3141,E-Wallet,13800
3142,3142,Cash,14300
3143,3143,Cash,9000
3144,3144,E-Wallet,27100
3145,3145,E-Wallet,17200
3146,3146,E-Wallet,22500
3147,3147,Cash,31500
3148,3148,Cash,29000
3149,3149,E-Wallet,16400
3150,3150,E-Wallet,33500
3151,3151,E-Wallet,25900
3152,3152,E-Wallet,8500
3153,3153,Card,24900
3154,3154,Cash,23100
3155,3155,E-Wallet,29600
3156,3156,E-Wallet,24900
3157,3157,E-Wallet,10900
3158,3158,Card,17000
3159,3159,Cash,18400
3160,3160,Cash,13100
3161,3161,E-Wallet,19200
3162,3162,Card,34200
3163,3163,E-Wallet,28400
3164,3164,Cash,13100
3165,3165,E-Wallet,27600
3166,3166,E-Wallet,11100
3167,3167,Cash,29400
3168,3168,Cash,35200
3169,3169,Card,26100
3170,3170,Cash,30400
3171,3171,Cash,31200
3172,3172,E-Wallet,9100
3173,3173,E-Wallet,25900
3174,3174,Cash,11300
3175,3175,Card,15100
3176,3176,E-Wallet,21400
3177,3177,Card,33800
3178,3178,E-Wallet,15300
3179,3179,E-Wallet,33500
3180,3180,Cash,9100
3181,3181,Cash,30600
3182,3182,E-Wallet,21100
3183,3183,Cash,19000
3184,3184,Card,24500
3185,3185,E-Wallet,19900
3186,3186,Card,28000
3187,3187,Card,22700
3188,3188,Card,18900
3189,3189,E-Wallet,12700
3190,3190,Card,27700
3191,3191,Card,10200
3192,3192,E-Wallet,34200
3193,3193,E-Wallet,25300
3194,3194,Cash,9400
3195,3195,E-Wallet,32900
3196,3196,Card,32700
3197,3197,E-Wallet,30700
3198,3198,E-Wallet,22700
3199,3199,E-Wallet,18300
3200,3200,E-Wallet,19200
3201,3201,E-Wallet,19600
3202,3202,Card,18200
3203,3203,Card,12500
3204,3204,Card,21400
3205,3205,E-Wallet,21300
3206,3206,E-Wallet,18100
3207,3207,E-Wallet,22500
3208,3208,Card,31700
3209,3209,Card,32500
3210,3210,Cash,22600
3211,3211,E-Wallet,33400
3212,3212,Card,11000
3213,3213,E-Wallet,14600
3214,3214,E-Wallet,15700
3215,3215,Card,30500
3216,3216,Card,11000
3217,3217,Cash,13900
3218,3218,Card,26500
3219,3219,Cash,9100
3220,3220,Card,29400
3221,3221,Card,13700
3222,3222,E-Wallet,33200
3223,3223,Cash,26900
3224,3224,Card,32300
3225,3225,Cash,35000
3226,3226,Cash,24800
3227,3227,Cash,20200
3228,3228,E-Wallet,11600
3229,3229,Card,13000
3230,3230,E-Wallet,31000
3231,3231,Card,28400
3232,3232,Cash,34400
3233,3233,Card,26100
3234,3234,E-Wallet,29400
3235,3235,Cash,12000
3236,3236,Cash,29300
3237,3237,Card,9400
3238,3238,Cash,8400
3239,3239,E-Wallet,15900
3240,3240,Cash,32600
3241,3241,E-Wallet,17500
3242,3242,Card,27500
3243,3243,Cash,16500
3244,3244,Card,19500
3245,3245,Cash,30400
3246,3246,Card,34600
3247,3247,E-Wallet,20600
3248,3248,E-Wallet,10200
3249,3249,Cash,18300
3250,3250,Card,13300
3251,3251,E-Wallet,27600
3252,3252,E-Wallet,12100
3253,3253,Cash,14400
3254,3254,E-Wallet,15500
3255,3255,E-Wallet,15900
3256,3256,Cash,24000
3257,3257,Cash,17700
3258,3258,Card,14000
3259,3259,E-Wallet,29900
3260,3260,Card,18900
3261,3261,Cash,8200
3262,3262,Cash,21500
3263,3263,Card,28600
3264,3264,Card,8000
3265,3265,Card,31400
3266,3266,Card,20000
3267,3267,Card,25300
3268,3268,Cash,16400
3269,3269,Card,15600
3270,3270,E-Wallet,10200
3271,3271,E-Wallet,11700
3272,3272,Cash,22600
3273,3273,E-Wallet,8700
3274,3274,Cash,29900
3275,3275,Cash,11100
3276,3276,Card,24100
3277,3277,Cash,31200
3278,3278,Cash,24900
3279,3279,E-Wallet,15300
3280,3280,Card,16200
3281,3281,Cash,29100
3282,3282,E-Wallet,8400
3283,3283,E-Wallet,9500
3284,3284,Cash,22500
3285,3285,Cash,14800
3286,3286,Card,7800
3287,3287,E-Wallet,27200
3288,3288,Cash,26900
3289,3289,Cash,27000
3290,3290,Card,13100
3291,3291,Cash,22500
3292,3292,Card,14100
3293,3293,Cash,27300
3294,3294,Cash,34200
3295,3295,E-Wallet,12500
3296,3296,E-Wallet,14800
3297,3297,Card,12800
3298,3298,Cash,8700
3299,3299,Cash,20900
3300,3300,Cash,26100
3301,3301,Card,28200
3302,3302,Card,32400
3303,3303,Card,8400
3304,3304,Card,18900
3305,3305,Card,30300
3306,3306,Card,33100
3307,3307,Card,30100
3308,3308,E-Wallet,13000
3309,3309,E-Wallet,26400
3310,3310,Card,17800
3311,3311,Cash,8600
3312,3312,Cash,23100
3313,3313,Card,27200
3314,3314,E-Wallet,34500
3315,3315,E-Wallet,29600
3316,3316,Card,13000
3317,3317,Card,11100
3318,3318,Card,26800
3319,3319,Cash,25800
3320,3320,Cash,25500
3321,3321,Card,21200
3322,3322,Card,31000
3323,3323,Card,31700
3324,3324,Cash,17500
3325,3325,Cash,28000
3326,3326,Cash,25100
3327,3327,Cash,24200
3328,3328,Card,16600
3329,3329,Cash,29100
3330,3330,Card,32600
3331,3331,E-Wallet,22700
3332,3332,E-Wallet,27500
3333,3333,Card,22200
3334,3334,Cash,16800
3335,3335,Cash,16700
3336,3336,E-Wallet,16500
3337,3337,Cash,25600
3338,3338,E-Wallet,24800
3339,3339,Card,12500
3340,3340,E-Wallet,26600
3341,3341,E-Wallet,15300
3342,3342,Cash,16200
3343,3343,Card,10600
3344,3344,E-Wallet,22300
3345,3345,Card,27800
3346,3346,Cash,27600
3347,3347,Cash,17000
3348,3348,Card,8500
3349,3349,Card,13100
3350,3350,Cash,12300
3351,3351,Cash,16100
3352,3352,Cash,17100
3353,3353,Card,24000
3354,3354,Card,26300
3355,3355,E-Wallet,19200
3356,3356,Card,32500
3357,3357,E-Wallet,9200
3358,3358,Cash,25700
3359,3359,Cash,30300
3360,3360,Card,26300
3361,3361,Card,10600
3362,3362,E-Wallet,11700
3363,3363,E-Wallet,20000
3364,3364,Card,22700
3365,3365,Card,26300
3366,3366,Cash,20400
3367,3367,Card,34900
3368,3368,Card,12900
3369,3369,Card,32300
3370,3370,E-Wallet,13300
3371,3371,Cash,30300
3372,3372,E-Wallet,9100
3373,3373,Cash,19000
3374,3374,E-Wallet,26500
3375,3375,E-Wallet,9900
3376,3376,E-Wallet,12700
3377,3377,Cash,9200
3378,3378,E-Wallet,10000
3379,3379,Card,14900
3380,3380,E-Wallet,24700
3381,3381,Cash,9200
3382,3382,Card,22400
3383,3383,E-Wallet,10200
3384,3384,Card,28200
3385,3385,Card,11700
3386,3386,E-Wallet,26300
3387,3387,Cash,17900
3388,3388,Cash,31700
3389,3389,Cash,25800
3390,3390,Cash,25700
3391,3391,E-Wallet,17800
3392,3392,Cash,9400
3393,3393,Card,22800
3394,3394,Cash,30500
3395,3395,Cash,25800
3396,3396,Cash,14700
3397,3397,Card,11500
3398,3398,Cash,32400
3399,3399,Card,27500
3400,3400,Cash,21000
3401,3401,E-Wallet,32100
3402,3402,Cash,22000
3403,3403,E-Wallet,32400
3404,3404,E-Wallet,30700
3405,3405,Cash,19600
3406,3406,Cash,9600
3407,3407,E-Wallet,20800
3408,3408,Cash,30400
3409,3409,Cash,29700
3410,3410,Card,34500
3411,3411,Card,8800
3412,3412,Cash,26500
3413,3413,Card,9100
3414,3414,E-Wallet,22100
3415,3415,E-Wallet,25000
3416,3416,Cash,12200
3417,3417,E-Wallet,33700
3418,3418,E-Wallet,29400
3419,3419,Cash,25400
3420,3420,Card,20000
3421,3421,Card,27800
3422,3422,Cash,29600
3423,3423,E-Wallet,16500
3424,3424,Cash,23000
3425,3425,E-Wallet,16200
3426,3426,Card,28900
3427,3427,Card,17800
3428,3428,Cash,25200
3429,3429,E-Wallet,7700
3430,3430,E-Wallet,18400
3431,3431,E-Wallet,10600
3432,3432,Card,26100
3433,3433,Card,16900
3434,3434,E-Wallet,25500
3435,3435,E-Wallet,22500
3436,3436,Cash,24900
3437,3437,Cash,23400
3438,3438,E-Wallet,19600
3439,3439,Cash,27500
3440,3440,E-Wallet,33800
3441,3441,E-Wallet,25500
3442,3442,Card,12000
3443,3443,Cash,20000
3444,3444,E-Wallet,12800
3445,3445,Card,12800
3446,3446,E-Wallet,9400
3447,3447,Card,29900
3448,3448,Card,14700
3449,3449,Cash,27900
3450,3450,Card,19500
3451,3451,E-Wallet,30800
3452,3452,Card,26800
3453,3453,Cash,21700
3454,3454,E-Wallet,9000
3455,3455,Card,25600
3456,3456,E-Wallet,21800
3457,3457,E-Wallet,11500
3458,3458,E-Wallet,11600
3459,3459,E-Wallet,13500
3460,3460,Cash,17500
3461,3461,Cash,27700
3462,3462,E-Wallet,26700
3463,3463,Cash,26500
3464,3464,E-Wallet,30500
3465,3465,E-Wallet,23300
3466,3466,E-Wallet,31500
3467,3467,Cash,18200
3468,3468,Cash,19300
3469,3469,Card,14500
3470,3470,Cash,28300
3471,3471,E-Wallet,30700
3472,3472,Card,24300
3473,3473,Cash,18600
3474,3474,Cash,13900
3475,3475,E-Wallet,10600
3476,3476,Cash,22600
3477,3477,Card,28500
3478,3478,Cash,28200
3479,3479,Card,15300
3480,3480,E-Wallet,15500
3481,3481,Cash,27400
3482,3482,Card,8600
3483,3483,Cash,18800
3484,3484,Card,32400
3485,3485,E-Wallet,22700
3486,3486,E-Wallet,28000
3487,3487,E-Wallet,9000
3488,3488,Card,23600
3489,3489,E-Wallet,23600
3490,3490,Card,32000
3491,3491,Card,10500
3492,3492,Cash,14200
3493,3493,E-Wallet,17400
3494,3494,E-Wallet,25500
3495,3495,Card,14400
3496,3496,Card,17200
3497,3497,Card,32200
3498,3498,Card,28300
3499,3499,Cash,32000
3500,3500,E-Wallet,23300
3501,3501,E-Wallet,24000
3502,3502,Cash,25300
3503,3503,E-Wallet,23100
3504,3504,Card,16500
3505,3505,Cash,29100
3506,3506,Cash,17500
3507,3507,Cash,21900
3508,3508,Cash,19300
3509,3509,Cash,20900
3510,3510,Card,9800
3511,3511,Card,13900
3512,3512,Card,31200
3513,3513,E-Wallet,20400
3514,3514,E-Wallet,23400
3515,3515,Card,31000
3516,3516,Cash,32200
3517,3517,E-Wallet,14100
3518,3518,Cash,15300
3519,3519,Card,10000
3520,3520,Card,13100
3521,3521,E-Wallet,31000
3522,3522,Card,32000
3523,3523,E-Wallet,28600
3524,3524,Card,30600
3525,3525,Card,18600
3526,3526,E-Wallet,35200
3527,3527,E-Wallet,12900
3528,3528,Cash,12200
3529,3529,Card,31300
3530,3530,Card,25900
3531,3531,Card,34300
3532,3532,E-Wallet,17500
3533,3533,Cash,31300
3534,3534,Cash,9800
3535,3535,E-Wallet,24800
3536,3536,E-Wallet,24400
3537,3537,Card,10700
3538,3538,Card,11300
3539,3539,Card,29100
3540,3540,Cash,17400
3541,3541,Cash,27000
3542,3542,E-Wallet,15500
3543,3543,Cash,34300
3544,3544,E-Wallet,24900
3545,3545,Card,14700
3546,3546,E-Wallet,10700
3547,3547,Cash,25400
3548,3548,E-Wallet,20700
3549,3549,E-Wallet,15200
3550,3550,Card,21100
3551,3551,Card,34200
3552,3552,Card,17500
3553,3553,Cash,21000
3554,3554,E-Wallet,9600
3555,3555,Cash,13100
3556,3556,Cash,27600
3557,3557,Card,24200
3558,3558,E-Wallet,18000
3559,3559,Card,21100
3560,3560,Cash,11400
3561,3561,Card,11300
3562,3562,Cash,34700
3563,3563,E-Wallet,23100
3564,3564,Cash,14200
3565,3565,Cash,15800
3566,3566,Card,16600
3567,3567,Card,31400
3568,3568,Cash,17000
3569,3569,Cash,14000
3570,3570,Cash,8900
3571,3571,E-Wallet,22300
3572,3572,E-Wallet,27200
3573,3573,Cash,17800
3574,3574,Card,18000
3575,3575,Cash,29700
3576,3576,Cash,21500
3577,3577,Card,28000
3578,3578,E-Wallet,32700
3579,3579,Card,32600
3580,3580,Card,14800
3581,3581,Card,25300
3582,3582,Card,33900
3583,3583,Cash,19600
3584,3584,E-Wallet,27900
3585,3585,E-Wallet,17100
3586,3586,Card,26400
3587,3587,Cash,22300
3588,3588,E-Wallet,28600
3589,3589,Cash,8900
3590,3590,E-Wallet,13900
3591,3591,Cash,23700
3592,3592,E-Wallet,11700
3593,3593,Cash,8500
3594,3594,Card,24500
3595,3595,Card,9700
3596,3596,E-Wallet,14500
3597,3597,Cash,28100
3598,3598,Cash,14800
3599,3599,Card,15700
3600,3600,Cash,34000
3601,3601,Card,32200
3602,3602,Card,10900
3603,3603,E-Wallet,29900
3604,3604,E-Wallet,30600
3605,3605,Card,21900
3606,3606,E-Wallet,7900
3607,3607,E-Wallet,21500
3608,3608,Card,30700
3609,3609,Cash,11700
3610,3610,E-Wallet,31800
3611,3611,Cash,25400
3612,3612,E-Wallet,32400
3613,3613,Cash,24000
3614,3614,Card,32900
3615,3615,Cash,30600
3616,3616,Cash,20700
3617,3617,Card,16500
3618,3618,E-Wallet,15900
3619,3619,Cash,34500
3620,3620,Card,12600
3621,3621,Card,18600
3622,3622,E-Wallet,22400
3623,3623,Cash,15400
3624,3624,Cash,8500
3625,3625,E-Wallet,11400
3626,3626,Cash,29200
3627,3627,E-Wallet,23000
3628,3628,E-Wallet,30600
3629,3629,Card,10300
3630,3630,Cash,17700
3631,3631,Cash,14300
3632,3632,Cash,17000
3633,3633,Card,8000
3634,3634,E-Wallet,11900
3635,3635,Cash,13800
3636,3636,Card,15400
3637,3637,E-Wallet,14600
3638,3638,E-Wallet,30500
3639,3639,E-Wallet,15800
3640,3640,E-Wallet,16400
3641,3641,Card,9500
3642,3642,Cash,16000
3643,3643,Cash,23600
3644,3644,E-Wallet,31500
3645,3645,Card,28200
3646,3646,Cash,16400
3647,3647,Card,18000
3648,3648,Cash,19100
3649,3649,Cash,13300
3650,3650,Card,16500
3651,3651,Cash,19600
3652,3652,Cash,18200
3653,3653,E-Wallet,11700
3654,3654,E-Wallet,22100
3655,3655,Cash,16600
3656,3656,E-Wallet,14500
3657,3657,Card,14800
3658,3658,Cash,12300
3659,3659,Cash,26400
3660,3660,Cash,14000
3661,3661,Card,27700
3662,3662,Card,14900
3663,3663,Cash,12100
3664,3664,Cash,8300
3665,3665,E-Wallet,34400
3666,3666,Cash,11100
3667,3667,Card,13600
3668,3668,Cash,34100
3669,3669,Card,24900
3670,3670,E-Wallet,8700
3671,3671,Cash,9900
3672,3672,Cash,28600
3673,3673,Card,17400
3674,3674,Cash,14600
3675,3675,Card,30100
3676,3676,E-Wallet,10900
3677,3677,Card,13100
3678,3678,Cash,28400
3679,3679,Card,32900
3680,3680,E-Wallet,26700
3681,3681,Cash,30500
3682,3682,Cash,31300
3683,3683,Cash,8700
3684,3684,Card,21300
3685,3685,Card,12000
3686,3686,Card,10400
3687,3687,E-Wallet,34300
3688,3688,Card,20400
3689,3689,Cash,15700
3690,3690,Cash,29000
3691,3691,Card,23000
3692,3692,Card,17000
3693,3693,Cash,9900
3694,3694,Cash,22300
3695,3695,Cash,21500
3696,3696,Card,23100
3697,3697,E-Wallet,24100
3698,3698,Card,29800
3699,3699,Card,34100
3700,3700,Card,7600
3701,3701,Card,31000
3702,3702,E-Wallet,27600
3703,3703,E-Wallet,26900
3704,3704,E-Wallet,26000
3705,3705,Card,20000
3706,3706,Card,29800
3707,3707,Card,27300
3708,3708,E-Wallet,21300
3709,3709,Card,14500
3710,3710,Cash,11500
3711,3711,Cash,11200
3712,3712,Cash,19900
3713,3713,E-Wallet,34800
3714,3714,E-Wallet,29500
3715,3715,Card,28700
3716,3716,E-Wallet,26900
3717,3717,Cash,7700
3718,3718,E-Wallet,10500
3719,3719,Card,9000
3720,3720,E-Wallet,8400
3721,3721,Card,9900
3722,3722,Cash,7400
3723,3723,Card,10800
3724,3724,Card,9600
3725,3725,E-Wallet,9500
3726,3726,Cash,10700
3727,3727,Card,7400
3728,3728,Card,7700
3729,3729,E-Wallet,8300
3730,3730,E-Wallet,7500
3731,3731,Cash,8800
3732,3732,Card,8100
3733,3733,Card,9500
3734,3734,E-Wallet,8500
3735,3735,Cash,9400
3736,3736,Card,8100
3737,3737,Cash,10500
3738,3738,Cash,7100
3739,3739,Cash,9700
3740,3740,Cash,6900
3741,3741,Cash,8900
3742,3742,Card,9600
3743,3743,Cash,8900
3744,3744,E-Wallet,10700
3745,3745,Cash,10400
3746,3746,Cash,8000
3747,3747,Cash,7900
3748,3748,Card,10900
3749,3749,Card,7900
3750,3750,Cash,7500
3751,3751,Cash,9600
3752,3752,Card,10500
3753,3753,E-Wallet,7900
3754,3754,Card,10100
3755,3755,E-Wallet,6200
3756,3756,Cash,6300
3757,3757,E-Wallet,10100
3758,3758,E-Wallet,9200
3759,3759,Cash,9200
3760,3760,Card,9200
3761,3761,E-Wallet,7500
3762,3762,Cash,9600
3763,3763,E-Wallet,8900
3764,3764,E-Wallet,10500
3765,3765,Cash,7500
3766,3766,Card,11000
3767,3767,Cash,10000
3768,3768,Card,10700
3769,3769,E-Wallet,8900
3770,3770,Cash,8600
3771,3771,Cash,7800
3772,3772,E-Wallet,9500
3773,3773,E-Wallet,9400
3774,3774,Cash,9800
3775,3775,E-Wallet,7600
3776,3776,Card,8900
3777,3777,Card,22200
3778,3778,Cash,13300
3779,3779,Cash,19300
3780,3780,Card,21800
3781,3781,Card,14000
3782,3782,Cash,12300
3783,3783,Cash,24200
3784,3784,Card,12600
3785,3785,E-Wallet,32200
3786,3786,E-Wallet,24400
3787,3787,Card,29800
3788,3788,Card,16500
3789,3789,Cash,34000
3790,3790,Cash,32000
3791,3791,Card,29000
3792,3792,Card,23600
3793,3793,E-Wallet,20800
3794,3794,Cash,23000
3795,3795,Card,10200
3796,3796,Card,12400
3797,3797,Cash,22000
3798,3798,Cash,17900
3799,3799,Card,27700
3800,3800,E-Wallet,8100
3801,3801,E-Wallet,13400
3802,3802,Card,13000
3803,3803,E-Wallet,32400
3804,3804,Card,11400
3805,3805,Card,24800
3806,3806,Card,20900
3807,3807,Card,30300
3808,3808,Cash,20700
3809,3809,Card,29900
3810,3810,Card,17400
3811,3811,E-Wallet,24700
3812,3812,Card,21500
3813,3813,E-Wallet,13200
3814,3814,E-Wallet,29000
3815,3815,Card,11900
3816,3816,Card,10800
3817,3817,Card,21100
3818,3818,Card,10300
3819,3819,Cash,15700
3820,3820,Cash,32500
3821,3821,E-Wallet,17300
3822,3822,E-Wallet,29300
3823,3823,Card,24900
3824,3824,Cash,19500
3825,3825,E-Wallet,17500
3826,3826,Card,20900
3827,3827,E-Wallet,21300
3828,3828,Card,11600
3829,3829,E-Wallet,31800
3830,3830,E-Wallet,9100
3831,3831,Cash,20800
3832,3832,Cash,17400
3833,3833,Card,12100
3834,3834,Cash,16600
3835,3835,Card,16800
3836,3836,Card,26700
3837,3837,Cash,7700
3838,3838,Card,22600
3839,3839,E-Wallet,9800
3840,3840,Cash,22000
3841,3841,Card,11900
3842,3842,Card,27000
3843,3843,Cash,33800
3844,3844,E-Wallet,30100
3845,3845,Cash,18800
3846,3846,E-Wallet,24800
3847,3847,Cash,25000
3848,3848,E-Wallet,30100
3849,3849,Cash,9500
3850,3850,Card,12600
3851,3851,E-Wallet,17700
3852,3852,Cash,27100
3853,3853,E-Wallet,10200
3854,3854,Cash,24900
3855,3855,Card,17900
3856,3856,E-Wallet,8800
3857,3857,E-Wallet,25100
3858,3858,Card,10800
3859,3859,Cash,25400
3860,3860,Cash,25500
3861,3861,E-Wallet,17200
3862,3862,Cash,30400
3863,3863,E-Wallet,27000
3864,3864,Cash,14900
3865,3865,Card,9800
3866,3866,Card,11300
3867,3867,E-Wallet,17500
3868,3868,Card,16900
3869,3869,Cash,15400
3870,3870,Card,15000
3871,3871,Cash,23900
3872,3872,E-Wallet,24000
3873,3873,Card,10900
3874,3874,Cash,32500
3875,3875,Cash,14200
3876,3876,E-Wallet,9300
3877,3877,Card,10400
3878,3878,E-Wallet,32100
3879,3879,Cash,9500
3880,3880,E-Wallet,34800
3881,3881,Cash,9800
3882,3882,Card,14300
3883,3883,E-Wallet,32600
3884,3884,Cash,11800
3885,3885,Cash,10400
3886,3886,Card,15600
3887,3887,E-Wallet,27000
3888,3888,Card,12500
3889,3889,Card,25400
3890,3890,Card,16800
3891,3891,Cash,22600
3892,3892,Cash,17700
3893,3893,Cash,27300
3894,3894,Cash,26700
3895,3895,Card,33900
3896,3896,Cash,13800
3897,3897,Card,13000
3898,3898,Card,28100
3899,3899,E-Wallet,19800
3900,3900,Cash,33500
3901,3901,E-Wallet,32900
3902,3902,E-Wallet,19500
3903,3903,Card,11500
3904,3904,Cash,11000
3905,3905,Cash,28100
3906,3906,Cash,32900
3907,3907,E-Wallet,12400
3908,3908,Cash,9400
3909,3909,Card,13100
3910,3910,E-Wallet,18400
3911,3911,Card,34000
3912,3912,Card,32800
3913,3913,Card,31900
3914,3914,Cash,19500
3915,3915,Card,12300
3916,3916,Card,33700
3917,3917,E-Wallet,27300
3918,3918,Card,22800
3919,3919,E-Wallet,31300
3920,3920,Card,16700
3921,3921,Cash,22400
3922,3922,E-Wallet,20500
3923,3923,Cash,22400
3924,3924,Card,15400
3925,3925,E-Wallet,18300
3926,3926,E-Wallet,25200
3927,3927,E-Wallet,34500
3928,3928,E-Wallet,30900
3929,3929,Cash,12500
3930,3930,E-Wallet,15500
3931,3931,E-Wallet,33700
3932,3932,E-Wallet,34000
3933,3933,Cash,17800
3934,3934,Cash,19200
3935,3935,Cash,15500
3936,3936,Card,17800
3937,3937,Card,11700
3938,3938,Cash,13200
3939,3939,Cash,16800
3940,3940,E-Wallet,18100
3941,3941,Card,24300
3942,3942,Card,26200
3943,3943,E-Wallet,26500
3944,3944,Cash,9400
3945,3945,Card,27400
3946,3946,Cash,10100
3947,3947,Cash,22600
3948,3948,E-Wallet,26500
3949,3949,E-Wallet,22700
3950,3950,Cash,21700
3951,3951,E-Wallet,33100
3952,3952,E-Wallet,9900
3953,3953,Card,20500
3954,3954,Cash,12300
3955,3955,Card,19200
3956,3956,E-Wallet,19600
3957,3957,Cash,17000
3958,3958,Card,18500
3959,3959,Cash,34300
3960,3960,Cash,29200
3961,3961,Cash,17200
3962,3962,Card,34500
3963,3963,Cash,22100
3964,3964,E-Wallet,34300
3965,3965,E-Wallet,24400
3966,3966,Card,15800
3967,3967,E-Wallet,16300
3968,3968,Cash,22200
3969,3969,Card,20300
3970,3970,E-Wallet,29500
3971,3971,Card,34800
3972,3972,Cash,16700
3973,3973,E-Wallet,10900
3974,3974,Card,34600
3975,3975,Card,28700
3976,3976,Cash,17900
3977,3977,E-Wallet,30000
3978,3978,Cash,13100
3979,3979,Card,34500
3980,3980,E-Wallet,8800
3981,3981,Card,9900
3982,3982,Card,9100
3983,3983,E-Wallet,18500
3984,3984,E-Wallet,22500
3985,3985,Cash,12700
3986,3986,Card,12800
3987,3987,Cash,33700
3988,3988,Cash,28000
3989,3989,E-Wallet,25300
3990,3990,Card,10600
3991,3991,Card,17900
3992,3992,Cash,12700
3993,3993,E-Wallet,31000
3994,3994,Cash,12100
3995,3995,E-Wallet,12400
3996,3996,E-Wallet,33800
3997,3997,E-Wallet,15300
3998,3998,E-Wallet,28200
3999,3999,E-Wallet,32700
4000,4000,Card,17400
4001,4001,E-Wallet,21400
4002,4002,E-Wallet,25800
4003,4003,Card,9800
4004,4004,Cash,27300
4005,4005,Cash,32100
4006,4006,E-Wallet,11100
4007,4007,Cash,26900
4008,4008,E-Wallet,11200
4009,4009,Cash,29100
4010,4010,E-Wallet,21600
4011,4011,Cash,18800
4012,4012,E-Wallet,27200
4013,4013,E-Wallet,28500
4014,4014,Card,22300
4015,4015,E-Wallet,20700
4016,4016,Cash,24200
4017,4017,Card,9600
4018,4018,Card,27100
4019,4019,Cash,9900
4020,4020,E-Wallet,10100
4021,4021,E-Wallet,34800
4022,4022,E-Wallet,15800
4023,4023,E-Wallet,17800
4024,4024,E-Wallet,23600
4025,4025,Cash,15100
4026,4026,E-Wallet,29900
4027,4027,E-Wallet,27100
4028,4028,E-Wallet,26200
4029,4029,Cash,10000
4030,4030,Cash,34200
4031,4031,E-Wallet,27600
4032,4032,E-Wallet,19600
4033,4033,E-Wallet,18700
4034,4034,E-Wallet,16400
4035,4035,Card,29900
4036,4036,E-Wallet,21000
4037,4037,Cash,27400
4038,4038,Cash,9100
4039,4039,Card,20100
4040,4040,E-Wallet,10500
4041,4041,Card,31000
4042,4042,Cash,25000
4043,4043,Cash,16900
4044,4044,E-Wallet,30400
4045,4045,Cash,28800
4046,4046,Cash,14300
4047,4047,E-Wallet,11000
4048,4048,E-Wallet,22300
4049,4049,E-Wallet,14000
4050,4050,E-Wallet,27000
4051,4051,Cash,22200
4052,4052,E-Wallet,11300
4053,4053,E-Wallet,29400
4054,4054,Card,11000
4055,4055,Cash,26200
4056,4056,E-Wallet,19800
4057,4057,E-Wallet,32200
4058,4058,Card,30300
4059,4059,Cash,10100
4060,4060,Card,13600
4061,4061,E-Wallet,8500
4062,4062,E-Wallet,12700
4063,4063,E-Wallet,13000
4064,4064,E-Wallet,34200
4065,4065,E-Wallet,21300
4066,4066,E-Wallet,32000
4067,4067,Cash,23700
4068,4068,Card,23900
4069,4069,Card,14600
4070,4070,E-Wallet,11000
4071,4071,Card,23500
4072,4072,Cash,16600
4073,4073,E-Wallet,19600
4074,4074,Cash,27600
4075,4075,Cash,32200
4076,4076,Cash,29500
4077,4077,E-Wallet,25100
4078,4078,Cash,29300
4079,4079,Cash,34300
4080,4080,E-Wallet,26700
4081,4081,Card,32100
4082,4082,E-Wallet,8100
4083,4083,E-Wallet,18100
4084,4084,E-Wallet,33200
4085,4085,Cash,27500
4086,4086,Card,21600
4087,4087,E-Wallet,13600
4088,4088,Cash,20500
4089,4089,Cash,13800
4090,4090,Card,18000
4091,4091,E-Wallet,9100
4092,4092,Cash,23300
4093,4093,E-Wallet,24300
4094,4094,Card,15100
4095,4095,Card,12600
4096,4096,E-Wallet,22200
4097,4097,E-Wallet,34500
4098,4098,E-Wallet,16100
4099,4099,Cash,33100
4100,4100,Card,11900
4101,4101,Cash,14500
4102,4102,Cash,29100
4103,4103,E-Wallet,30700
4104,4104,Card,20900
4105,4105,Card,30900
4106,4106,Cash,10000
4107,4107,Cash,19600
4108,4108,Card,26500
4109,4109,Card,15200
4110,4110,Card,26500
4111,4111,Card,33100
4112,4112,E-Wallet,21700
4113,4113,E-Wallet,18800
4114,4114,Card,26600
4115,4115,E-Wallet,9300
4116,4116,Card,10800
4117,4117,E-Wallet,25200
4118,4118,Cash,17100
4119,4119,Card,31000
4120,4120,E-Wallet,18300
4121,4121,Cash,31800
4122,4122,E-Wallet,34800
4123,4123,Cash,28400
4124,4124,Cash,28100
4125,4125,Card,14600
4126,4126,Cash,28700
4127,4127,Cash,12900
4128,4128,Cash,9900
4129,4129,E-Wallet,29700
4130,4130,Cash,30800
4131,4131,Card,10600
4132,4132,Card,22400
4133,4133,Card,8300
4134,4134,Cash,15700
4135,4135,Cash,30200
4136,4136,Cash,26800
4137,4137,Card,26200
4138,4138,E-Wallet,17300
4139,4139,E-Wallet,22800
4140,4140,Cash,29700
4141,4141,Card,27600
4142,4142,E-Wallet,14600
4143,4143,Cash,14000
4144,4144,Cash,27000
4145,4145,Card,26400
4146,4146,E-Wallet,31700
4147,4147,Cash,22900
4148,4148,Card,8800
4149,4149,E-Wallet,11500
4150,4150,Card,30300
4151,4151,E-Wallet,15800
4152,4152,Cash,9400
4153,4153,Cash,14100
4154,4154,Cash,19200
4155,4155,E-Wallet,27800
4156,4156,Card,23000
4157,4157,E-Wallet,32200
4158,4158,Card,29000
4159,4159,Cash,21400
4160,4160,E-Wallet,27200
4161,4161,Cash,10700
4162,4162,Cash,8500
4163,4163,E-Wallet,14100
4164,4164,E-Wallet,25000
4165,4165,Card,18100
4166,4166,E-Wallet,11500
4167,4167,Card,11900
4168,4168,E-Wallet,18000
4169,4169,E-Wallet,17400
4170,4170,Cash,17200
4171,4171,E-Wallet,16400
4172,4172,Cash,34800
4173,4173,E-Wallet,24200
4174,4174,Card,24400
4175,4175,Card,18200
4176,4176,Cash,19700
4177,4177,E-Wallet,9700
4178,4178,E-Wallet,8900
4179,4179,Card,10100
4180,4180,E-Wallet,17600
4181,4181,Card,28200
4182,4182,Card,12600
4183,4183,Card,28600
4184,4184,Cash,34500
4185,4185,Cash,9800
4186,4186,E-Wallet,13500
4187,4187,Cash,32200
4188,4188,E-Wallet,25100
4189,4189,Cash,18200
4190,4190,Cash,17800
4191,4191,E-Wallet,29000
4192,4192,Cash,23800
4193,4193,Card,19700
4194,4194,Card,31300
4195,4195,Card,15600
4196,4196,Card,15300
4197,4197,Card,19600
4198,4198,Cash,17300
4199,4199,Card,22400
4200,4200,Cash,16800
4201,4201,Cash,32600
4202,4202,Cash,25900
4203,4203,E-Wallet,8900
4204,4204,E-Wallet,19500
4205,4205,Card,18000
4206,4206,Cash,8300
4207,4207,Cash,31400
4208,4208,Cash,26400
4209,4209,E-Wallet,14400
4210,4210,Card,26300
4211,4211,E-Wallet,16800
4212,4212,E-Wallet,16000
4213,4213,E-Wallet,16600
4214,4214,E-Wallet,22500
4215,4215,Card,12800
4216,4216,Cash,11900
4217,4217,Card,33500
4218,4218,Card,25900
4219,4219,E-Wallet,30000
4220,4220,E-Wallet,29300
4221,4221,Card,10200
4222,4222,Cash,34200
4223,4223,Cash,11000
4224,4224,Cash,24200
4225,4225,Cash,8300
4226,4226,E-Wallet,18000
4227,4227,E-Wallet,19600
4228,4228,Card,18500
4229,4229,E-Wallet,14500
4230,4230,Card,25600
4231,4231,Card,25600
4232,4232,E-Wallet,13600
4233,4233,E-Wallet,16400
4234,4234,E-Wallet,16300
4235,4235,Cash,19400
4236,4236,Cash,21500
4237,4237,Card,19700
4238,4238,E-Wallet,15600
4239,4239,E-Wallet,13400
4240,4240,E-Wallet,31100
4241,4241,Card,25300
4242,4242,Cash,31900
4243,4243,Cash,15600
4244,4244,E-Wallet,19400
4245,4245,Card,33700
4246,4246,Cash,24100
4247,4247,E-Wallet,19600
4248,4248,Card,12700
4249,4249,E-Wallet,26000
4250,4250,Cash,21800
4251,4251,Card,22700
4252,4252,Cash,9500
4253,4253,Card,23800
4254,4254,E-Wallet,33000
4255,4255,Cash,25800
4256,4256,Cash,20700
4257,4257,E-Wallet,30700
4258,4258,E-Wallet,9900
4259,4259,Cash,14200
4260,4260,E-Wallet,10200
4261,4261,Card,27600
4262,4262,E-Wallet,10700
4263,4263,Cash,13700
4264,4264,E-Wallet,26200
4265,4265,Card,23600
4266,4266,Cash,29900
4267,4267,E-Wallet,13400
4268,4268,Card,17800
4269,4269,Cash,33200
4270,4270,Cash,31300
4271,4271,E-Wallet,13800
4272,4272,Cash,28700
4273,4273,Cash,33700
4274,4274,Cash,21400
4275,4275,E-Wallet,21400
4276,4276,E-Wallet,18500
4277,4277,Cash,12600
4278,4278,Cash,16100
4279,4279,Cash,8800
4280,4280,Cash,32900
4281,4281,Cash,33000
4282,4282,Card,30700
4283,4283,E-Wallet,8300
4284,4284,Card,34700
4285,4285,Card,12700
4286,4286,E-Wallet,23300
4287,4287,Card,17100
4288,4288,Cash,17700
4289,4289,E-Wallet,15900
4290,4290,E-Wallet,33200
4291,4291,Cash,29500
4292,4292,Cash,20600
4293,4293,Card,31800
4294,4294,E-Wallet,24400
4295,4295,Card,8700
4296,4296,E-Wallet,15800
4297,4297,Card,29100
4298,4298,Card,11700
4299,4299,Card,25800
4300,4300,Card,33000
4301,4301,Card,25900
4302,4302,Cash,28100
4303,4303,E-Wallet,11500
4304,4304,E-Wallet,11900
4305,4305,Card,28300
4306,4306,Card,19200
4307,4307,Cash,25000
4308,4308,Card,23400
4309,4309,E-Wallet,31500
4310,4310,E-Wallet,15800
4311,4311,Card,12400
4312,4312,Cash,27000
4313,4313,E-Wallet,22900
4314,4314,Cash,19200
4315,4315,Card,14700
4316,4316,Card,16500
4317,4317,E-Wallet,14800
4318,4318,Card,31000
4319,4319,E-Wallet,15800
4320,4320,Cash,14300
4321,4321,Card,17700
4322,4322,Cash,22800
4323,4323,Cash,16300
4324,4324,E-Wallet,12000
4325,4325,E-Wallet,31700
4326,4326,Cash,32400
4327,4327,Cash,33000
4328,4328,E-Wallet,25800
4329,4329,E-Wallet,32600
4330,4330,E-Wallet,22100
4331,4331,E-Wallet,21300
4332,4332,Cash,18500
4333,4333,E-Wallet,25700
4334,4334,E-Wallet,14100
4335,4335,Cash,17300
4336,4336,Card,24200
4337,4337,Cash,18900
4338,4338,E-Wallet,28900
4339,4339,Cash,34500
4340,4340,E-Wallet,32200
4341,4341,E-Wallet,29500
4342,4342,Cash,25000
4343,4343,Cash,34200
4344,4344,E-Wallet,30700
4345,4345,E-Wallet,23700
4346,4346,Cash,25700
4347,4347,E-Wallet,26100
4348,4348,E-Wallet,20800
4349,4349,Card,32500
4350,4350,E-Wallet,10500
4351,4351,Cash,18000
4352,4352,E-Wallet,32400
4353,4353,Card,22000
4354,4354,E-Wallet,8400
4355,4355,Card,19300
4356,4356,E-Wallet,19000
4357,4357,Cash,22100
4358,4358,Cash,22000
4359,4359,Card,27000
4360,4360,Cash,33400
4361,4361,Card,26600
4362,4362,E-Wallet,27200
4363,4363,Card,8000
4364,4364,Cash,34500
4365,4365,Card,14600
4366,4366,Cash,30000
4367,4367,E-Wallet,31600
4368,4368,Card,27700
4369,4369,E-Wallet,13400
4370,4370,Card,12800
4371,4371,Card,33900
4372,4372,Cash,23900
4373,4373,Card,20100
4374,4374,Cash,13100
4375,4375,E-Wallet,13700
4376,4376,E-Wallet,30600
4377,4377,Cash,16000
4378,4378,E-Wallet,27600
4379,4379,Cash,9800
4380,4380,E-Wallet,20000
4381,4381,Cash,32000
4382,4382,E-Wallet,9600
4383,4383,Cash,15700
4384,4384,Card,32300
4385,4385,Cash,17500
4386,4386,E-Wallet,24700
4387,4387,Cash,32400
4388,4388,Card,20000
4389,4389,Cash,31600
4390,4390,Card,17900
4391,4391,E-Wallet,19500
4392,4392,Cash,15600
4393,4393,E-Wallet,13500
4394,4394,Card,28500
4395,4395,E-Wallet,34100
4396,4396,E-Wallet,10900
4397,4397,Cash,30200
4398,4398,Card,31500
4399,4399,Card,21500
4400,4400,E-Wallet,24000
4401,4401,Cash,13900
4402,4402,Card,11600
4403,4403,E-Wallet,20100
4404,4404,Cash,19000
4405,4405,E-Wallet,26000
4406,4406,E-Wallet,28200
4407,4407,E-Wallet,23700
4408,4408,E-Wallet,32100
4409,4409,Card,27600
4410,4410,Cash,14800
4411,4411,Cash,31000
4412,4412,Cash,14600
4413,4413,Card,10900
4414,4414,Cash,17300
4415,4415,E-Wallet,29300
4416,4416,Card,12100
4417,4417,Card,29000
4418,4418,Card,15000
4419,4419,Cash,11400
4420,4420,Cash,25400
4421,4421,Cash,8600
4422,4422,Cash,10000
4423,4423,E-Wallet,28100
4424,4424,Card,25600
4425,4425,Card,32000
4426,4426,Card,20800
4427,4427,E-Wallet,21100
4428,4428,Card,28700
4429,4429,Cash,26500
4430,4430,E-Wallet,13500
4431,4431,Card,20400
4432,4432,Card,24900
4433,4433,Card,25900
4434,4434,Cash,29400
4435,4435,E-Wallet,32300
4436,4436,Cash,29000
4437,4437,Card,16600
4438,4438,Card,13100
4439,4439,Cash,9800
4440,4440,Cash,12900
4441,4441,Cash,18400
4442,4442,Card,15800
4443,4443,Cash,10500
4444,4444,E-Wallet,27500
4445,4445,E-Wallet,22100
4446,4446,Cash,14900
4447,4447,Card,33900
4448,4448,Card,16400
4449,4449,Card,23200
4450,4450,Cash,34600
4451,4451,E-Wallet,30700
4452,4452,Cash,14600
4453,4453,Card,13600
4454,4454,Cash,13500
4455,4455,Cash,17700
4456,4456,Cash,22400
4457,4457,Card,8700
4458,4458,Cash,12000
4459,4459,Card,22500
4460,4460,Cash,19700
4461,4461,E-Wallet,26600
4462,4462,E-Wallet,14100
4463,4463,Card,21800
4464,4464,Card,18400
4465,4465,Card,14100
4466,4466,Cash,30500
4467,4467,Card,21600
4468,4468,E-Wallet,32600
4469,4469,Card,11300
4470,4470,Cash,32700
4471,4471,Card,25800
4472,4472,Card,13300
4473,4473,E-Wallet,26000
4474,4474,E-Wallet,31600
4475,4475,Cash,32500
4476,4476,Cash,28500
4477,4477,Card,27300
4478,4478,E-Wallet,25600
4479,4479,Cash,10500
4480,4480,Card,33900
4481,4481,Card,16000
4482,4482,Card,16800
4483,4483,E-Wallet,12400
4484,4484,Cash,34300
4485,4485,Card,34300
4486,4486,Cash,33400
4487,4487,E-Wallet,25200
4488,4488,E-Wallet,23600
4489,4489,E-Wallet,29300
4490,4490,Cash,21800
4491,4491,E-Wallet,16200
4492,4492,Card,22100
4493,4493,Cash,17700
4494,4494,Cash,18900
4495,4495,Card,18200
4496,4496,Card,14400
4497,4497,Card,26000
4498,4498,Cash,30100
4499,4499,Cash,22500
4500,4500,Card,18300
4501,4501,Card,32800
4502,4502,Cash,10100
4503,4503,E-Wallet,20000
4504,4504,E-Wallet,25100
4505,4505,Card,19500
4506,4506,E-Wallet,20900
4507,4507,E-Wallet,8700
4508,4508,E-Wallet,29600
4509,4509,Card,17000
4510,4510,E-Wallet,8900
4511,4511,Card,29300
4512,4512,Card,15600
4513,4513,E-Wallet,17800
4514,4514,Card,32300
4515,4515,E-Wallet,8000
4516,4516,Card,27300
4517,4517,Card,13800
4518,4518,E-Wallet,27300
4519,4519,Cash,33700
4520,4520,E-Wallet,25900
4521,4521,E-Wallet,22800
4522,4522,Cash,31400
4523,4523,Cash,24900
4524,4524,Card,20200
4525,4525,E-Wallet,19500
4526,4526,Cash,27700
4527,4527,Card,34000
4528,4528,Card,18100
4529,4529,E-Wallet,23100
4530,4530,Card,29500
4531,4531,Card,15100
4532,4532,E-Wallet,19800
4533,4533,Cash,28400
4534,4534,E-Wallet,34500
4535,4535,Cash,8500
4536,4536,E-Wallet,22800
4537,4537,Card,14900
4538,4538,Cash,34200
4539,4539,Card,12500
4540,4540,E-Wallet,19400
4541,4541,Cash,11000
4542,4542,Card,33300
4543,4543,Card,33500
4544,4544,Card,14600
4545,4545,Card,21200
4546,4546,E-Wallet,10300
4547,4547,E-Wallet,27300
4548,4548,Cash,14000
4549,4549,Card,8000
4550,4550,Card,11600
4551,4551,Cash,18500
4552,4552,Cash,11500
4553,4553,Cash,12800
4554,4554,E-Wallet,15800
4555,4555,Card,23400
4556,4556,E-Wallet,12700
4557,4557,Card,9800
4558,4558,Card,8900
4559,4559,E-Wallet,30700
4560,4560,Card,12800
4561,4561,Cash,11100
4562,4562,Cash,21600
4563,4563,Cash,13900
4564,4564,Cash,32900
4565,4565,E-Wallet,29200
4566,4566,Cash,11800
4567,4567,E-Wallet,25800
4568,4568,Cash,20400
4569,4569,Card,18000
4570,4570,E-Wallet,29000
4571,4571,E-Wallet,18400
4572,4572,Cash,31200
4573,4573,Card,15100
4574,4574,Card,12000
4575,4575,Card,18900
4576,4576,Card,8900
4577,4577,Card,13500
4578,4578,Card,34900
4579,4579,Card,13200
4580,4580,E-Wallet,25000
4581,4581,Cash,9600
4582,4582,Cash,26800
4583,4583,Card,18000
4584,4584,Cash,33100
4585,4585,E-Wallet,21400
4586,4586,Card,25500
4587,4587,E-Wallet,11800
4588,4588,Cash,16700
4589,4589,Cash,22600
4590,4590,E-Wallet,19600
4591,4591,Cash,30600
4592,4592,Cash,29300
4593,4593,Cash,20100
4594,4594,Cash,17700
4595,4595,E-Wallet,25600
4596,4596,Cash,10200
4597,4597,Cash,11400
4598,4598,E-Wallet,21400
4599,4599,Card,8400
4600,4600,Cash,31900
4601,4601,Cash,22000
4602,4602,Cash,21800
4603,4603,Cash,8900
4604,4604,E-Wallet,28500
4605,4605,Card,14000
4606,4606,Cash,23400
4607,4607,Cash,27900
4608,4608,Cash,9500
4609,4609,E-Wallet,16000
4610,4610,E-Wallet,34400
4611,4611,Card,21700
4612,4612,E-Wallet,29500
4613,4613,Cash,33800
4614,4614,E-Wallet,30300
4615,4615,E-Wallet,34500
4616,4616,Card,17800
4617,4617,Card,21200
4618,4618,E-Wallet,18600
4619,4619,Card,10700
4620,4620,Card,20900
4621,4621,Cash,33900
4622,4622,E-Wallet,31900
4623,4623,E-Wallet,15100
4624,4624,E-Wallet,23600
4625,4625,Cash,9800
4626,4626,Card,9900
4627,4627,Card,26200
4628,4628,E-Wallet,27500
4629,4629,Cash,11600
4630,4630,E-Wallet,11400
4631,4631,E-Wallet,10300
4632,4632,E-Wallet,28100
4633,4633,Cash,15600
4634,4634,E-Wallet,13500
4635,4635,Card,14800
4636,4636,Cash,17600
4637,4637,Card,26200
4638,4638,Card,30300
4639,4639,Cash,33600
4640,4640,Cash,9300
4641,4641,E-Wallet,26100
4642,4642,Card,12900
4643,4643,E-Wallet,19500
4644,4644,Card,11300
4645,4645,Cash,16400
4646,4646,E-Wallet,9300
4647,4647,Card,9500
4648,4648,Cash,33200
4649,4649,Card,28000
4650,4650,E-Wallet,27900
4651,4651,E-Wallet,8600
4652,4652,Cash,30400
4653,4653,Card,11100
4654,4654,E-Wallet,24400
4655,4655,Card,29200
4656,4656,E-Wallet,27800
4657,4657,Card,18800
4658,4658,Cash,13300
4659,4659,Card,31600
4660,4660,E-Wallet,22100
4661,4661,Cash,11800
4662,4662,Card,19900
4663,4663,Cash,33900
4664,4664,Cash,10400
4665,4665,E-Wallet,18200
4666,4666,Cash,20800
4667,4667,Card,33300
4668,4668,Card,24200
4669,4669,Card,11000
4670,4670,Cash,28700
4671,4671,E-Wallet,16400
4672,4672,Cash,24900
4673,4673,E-Wallet,16000
4674,4674,Card,7800
4675,4675,E-Wallet,16800
4676,4676,Cash,19500
4677,4677,Cash,21200
4678,4678,Cash,35100
4679,4679,Cash,26200
4680,4680,Card,34000
4681,4681,Cash,7700
4682,4682,Cash,12700
4683,4683,E-Wallet,25900
4684,4684,Cash,33800
4685,4685,Card,21000
4686,4686,E-Wallet,18000
4687,4687,E-Wallet,31700
4688,4688,Card,25400
4689,4689,Cash,13200
4690,4690,E-Wallet,10300
4691,4691,Card,21700
4692,4692,E-Wallet,23600
4693,4693,E-Wallet,12600
4694,4694,Card,8300
4695,4695,Cash,16600
4696,4696,Card,24600
4697,4697,E-Wallet,11500
4698,4698,Card,9500
4699,4699,Cash,10700
4700,4700,Cash,22900
4701,4701,E-Wallet,32600
4702,4702,Cash,25600
4703,4703,E-Wallet,11900
4704,4704,E-Wallet,34400
4705,4705,Cash,25100
4706,4706,Cash,11600
4707,4707,Cash,21200
4708,4708,E-Wallet,28900
4709,4709,Card,15600
4710,4710,Cash,8200
4711,4711,E-Wallet,30900
4712,4712,Cash,10100
4713,4713,Cash,11300
4714,4714,E-Wallet,21800
4715,4715,E-Wallet,33200
4716,4716,E-Wallet,26700
4717,4717,E-Wallet,22100
4718,4718,E-Wallet,9700
4719,4719,E-Wallet,12500
4720,4720,Cash,31200
4721,4721,E-Wallet,25600
4722,4722,Cash,19600
4723,4723,Card,29100
4724,4724,Card,32500
4725,4725,Cash,19200
4726,4726,Card,19300
4727,4727,E-Wallet,29100
4728,4728,Card,24100
4729,4729,Cash,23500
4730,4730,Card,18900
4731,4731,Cash,12600
4732,4732,E-Wallet,14800
4733,4733,Card,19200
4734,4734,Cash,8900
4735,4735,Cash,29700
4736,4736,E-Wallet,30700
4737,4737,Card,24700
4738,4738,Card,20000
4739,4739,E-Wallet,11300
4740,4740,Cash,29400
4741,4741,E-Wallet,21200
4742,4742,E-Wallet,25000
4743,4743,Card,22300
4744,4744,Cash,16900
4745,4745,E-Wallet,26600
4746,4746,Cash,34800
4747,4747,E-Wallet,9300
4748,4748,Cash,9200
4749,4749,Card,9700
4750,4750,Card,9500
4751,4751,E-Wallet,8900
4752,4752,E-Wallet,7000
4753,4753,Cash,7800
4754,4754,Cash,6700
4755,4755,Card,8100
4756,4756,E-Wallet,9800
4757,4757,Card,10500
4758,4758,E-Wallet,10200
4759,4759,Cash,7100
4760,4760,E-Wallet,8900
4761,4761,Cash,9600
4762,4762,Card,10700
4763,4763,E-Wallet,10300
4764,4764,E-Wallet,9600
4765,4765,E-Wallet,10300
4766,4766,Card,8000
4767,4767,E-Wallet,6600
4768,4768,Card,9400
4769,4769,Cash,10400
4770,4770,Card,8800
4771,4771,E-Wallet,10100
4772,4772,E-Wallet,7600
4773,4773,Cash,10200
4774,4774,Card,6000
4775,4775,Cash,10800
4776,4776,E-Wallet,9600
4777,4777,Cash,9300
4778,4778,E-Wallet,10000
4779,4779,E-Wallet,10100
4780,4780,Card,7700
4781,4781,E-Wallet,8500
4782,4782,E-Wallet,7600
4783,4783,E-Wallet,8500
4784,4784,Cash,7800
4785,4785,Card,11000
4786,4786,Card,6300
4787,4787,Cash,10200
4788,4788,E-Wallet,7600
4789,4789,Card,11200
4790,4790,Cash,7400
4791,4791,Cash,7800
4792,4792,Cash,9800
4793,4793,Card,9700
4794,4794,E-Wallet,7900
4795,4795,Card,7900
4796,4796,Cash,8900
4797,4797,E-Wallet,7800
4798,4798,Card,10900
4799,4799,Card,8200
4800,4800,E-Wallet,8500
4801,4801,Cash,9500
4802,4802,Card,8000
4803,4803,Card,8600
4804,4804,Cash,6900
4805,4805,Cash,7800
4806,4806,Cash,7100
4807,4807,E-Wallet,6000
4808,4808,Card,7900
4809,4809,E-Wallet,10200
4810,4810,E-Wallet,9300
4811,4811,Cash,9800
4812,4812,Cash,10000
4813,4813,Card,6800
4814,4814,Cash,9000
4815,4815,E-Wallet,8400
4816,4816,Card,7000
4817,4817,Card,10300
4818,4818,E-Wallet,7300
4819,4819,Cash,9900
4820,4820,Card,7000
4821,4821,E-Wallet,9400
4822,4822,Card,9300
4823,4823,E-Wallet,7200
4824,4824,Card,9700
4825,4825,Cash,9600
4826,4826,Cash,8600
4827,4827,E-Wallet,8200
4828,4828,Cash,7200
4829,4829,Card,6800
4830,4830,Card,7000
4831,4831,Cash,7900
4832,4832,Card,9500
4833,4833,E-Wallet,9400
4834,4834,Cash,9400
4835,4835,Card,8400
4836,4836,E-Wallet,8100
4837,4837,E-Wallet,9100
4838,4838,E-Wallet,8100
4839,4839,E-Wallet,10400
4840,4840,E-Wallet,8300
4841,4841,Cash,8800
4842,4842,E-Wallet,7900
4843,4843,Card,7900
4844,4844,Card,7900
4845,4845,E-Wallet,7200
4846,4846,E-Wallet,19000
4847,4847,E-Wallet,25000
4848,4848,E-Wallet,28300
4849,4849,Cash,21300
4850,4850,E-Wallet,13900
4851,4851,E-Wallet,24100
4852,4852,E-Wallet,20400
4853,4853,E-Wallet,12700
4854,4854,Card,11500
4855,4855,Cash,25700
4856,4856,Card,14000
4857,4857,E-Wallet,22600
4858,4858,E-Wallet,21700
4859,4859,E-Wallet,29700
4860,4860,Cash,27600
4861,4861,Card,22700
4862,4862,Cash,30600
4863,4863,E-Wallet,25700
4864,4864,E-Wallet,10500
4865,4865,Card,23300
4866,4866,E-Wallet,20700
4867,4867,Cash,9300
4868,4868,E-Wallet,10900
4869,4869,Cash,13400
4870,4870,Cash,32000
4871,4871,Cash,20400
4872,4872,E-Wallet,28600
4873,4873,Cash,32600
4874,4874,Card,24700
4875,4875,Card,8500
4876,4876,Cash,24500
4877,4877,Cash,22000
4878,4878,E-Wallet,20100
4879,4879,Cash,31900
4880,4880,Card,11200
4881,4881,Cash,21400
4882,4882,Card,17500
4883,4883,E-Wallet,8100
4884,4884,Card,13000
4885,4885,E-Wallet,31800
4886,4886,Cash,25400
4887,4887,E-Wallet,24100
4888,4888,Card,25000
4889,4889,Cash,8200
4890,4890,Cash,30200
4891,4891,E-Wallet,21400
4892,4892,E-Wallet,10700
4893,4893,E-Wallet,20500
4894,4894,E-Wallet,32300
4895,4895,Card,12400
4896,4896,E-Wallet,28700
4897,4897,Cash,27200
4898,4898,Card,28700
4899,4899,Card,8500
4900,4900,E-Wallet,16700
4901,4901,Card,20300
4902,4902,Card,33400
4903,4903,Card,8800
4904,4904,Card,26100
4905,4905,E-Wallet,14400
4906,4906,Card,20000
4907,4907,Cash,23000
4908,4908,E-Wallet,9200
4909,4909,Card,31700
4910,4910,E-Wallet,28900
4911,4911,Card,11700
4912,4912,E-Wallet,23000
4913,4913,Card,13400
4914,4914,Cash,25800
4915,4915,Card,12900
4916,4916,Cash,16200
4917,4917,Cash,8200
4918,4918,Cash,14800
4919,4919,E-Wallet,16800
4920,4920,Card,29400
4921,4921,Cash,14200
4922,4922,E-Wallet,28000
4923,4923,Cash,7900
4924,4924,Card,18000
4925,4925,Cash,14700
4926,4926,Cash,9000
4927,4927,Cash,10900
4928,4928,Cash,34100
4929,4929,Card,25400
4930,4930,E-Wallet,17000
4931,4931,E-Wallet,32000
4932,4932,Card,18600
4933,4933,Card,21900
4934,4934,E-Wallet,13000
4935,4935,E-Wallet,23200
4936,4936,Card,32000
4937,4937,Cash,28700
4938,4938,E-Wallet,9100
4939,4939,E-Wallet,7700
4940,4940,Cash,16600
4941,4941,E-Wallet,15600
4942,4942,Cash,32100
4943,4943,Cash,34700
4944,4944,E-Wallet,11800
4945,4945,Cash,30400
4946,4946,E-Wallet,15100
4947,4947,E-Wallet,25700
4948,4948,E-Wallet,8200
4949,4949,Cash,25600
4950,4950,Card,24200
4951,4951,E-Wallet,33200
4952,4952,E-Wallet,26100
4953,4953,E-Wallet,9200
4954,4954,Card,34300
4955,4955,E-Wallet,16100
4956,4956,E-Wallet,11700
4957,4957,Cash,18300
4958,4958,Card,17900
4959,4959,Card,30600
4960,4960,Card,13500
4961,4961,E-Wallet,33800
4962,4962,E-Wallet,30900
4963,4963,Cash,32500
4964,4964,E-Wallet,16600
4965,4965,Card,20700
4966,4966,E-Wallet,19100
4967,4967,Cash,25800
4968,4968,E-Wallet,7700
4969,4969,Cash,22900
4970,4970,Card,23700
4971,4971,E-Wallet,10000
4972,4972,Card,13800
4973,4973,Card,22000
4974,4974,E-Wallet,32400
4975,4975,Card,29500
4976,4976,Card,8000
4977,4977,E-Wallet,29400
4978,4978,E-Wallet,16000
4979,4979,Card,18900
4980,4980,Cash,18800
4981,4981,Card,31200
4982,4982,Cash,16900
4983,4983,Card,23600
4984,4984,Cash,20800
4985,4985,Cash,29600
4986,4986,E-Wallet,26700
4987,4987,Cash,23300
4988,4988,Cash,18800
4989,4989,Cash,33200
4990,4990,Card,10600
4991,4991,Cash,16000
4992,4992,E-Wallet,10800
4993,4993,Cash,17800
4994,4994,Cash,14800
4995,4995,Card,31300
4996,4996,Cash,20300
4997,4997,Cash,29600
4998,4998,Cash,30800
4999,4999,Card,13500
5000,5000,Cash,21400
5001,5001,Card,26200
5002,5002,Card,25900
5003,5003,E-Wallet,24700
5004,5004,E-Wallet,29100
5005,5005,E-Wallet,22900
5006,5006,Card,28500
5007,5007,E-Wallet,18200
5008,5008,Card,20300
5009,5009,E-Wallet,12100
5010,5010,Card,31100
5011,5011,Cash,14400
5012,5012,Card,20800
5013,5013,E-Wallet,24700
5014,5014,E-Wallet,25100
5015,5015,E-Wallet,30400
5016,5016,Card,26100
5017,5017,E-Wallet,12300
5018,5018,Card,17000
5019,5019,E-Wallet,8200
5020,5020,Card,22300
5021,5021,Cash,8800
5022,5022,Cash,29700
5023,5023,E-Wallet,16500
5024,5024,Cash,30700
5025,5025,E-Wallet,23100
5026,5026,E-Wallet,8800
5027,5027,Card,14500
5028,5028,Card,18700
5029,5029,E-Wallet,19800
5030,5030,E-Wallet,30200
5031,5031,Card,13100
5032,5032,E-Wallet,31300
5033,5033,Cash,20300
5034,5034,Card,31200
5035,5035,Cash,10800
5036,5036,Cash,19100
5037,5037,Cash,22500
5038,5038,Card,31500
5039,5039,Card,11200
5040,5040,Card,9400
5041,5041,E-Wallet,34200
5042,5042,Cash,19200
5043,5043,E-Wallet,31600
5044,5044,E-Wallet,22900
5045,5045,Cash,22200
5046,5046,Card,16700
5047,5047,Card,33100
5048,5048,Cash,27700
5049,5049,E-Wallet,15700
5050,5050,E-Wallet,15600
5051,5051,Card,14000
5052,5052,Card,13500
5053,5053,Cash,15800
5054,5054,E-Wallet,30900
5055,5055,Card,9900
5056,5056,Card,31700
5057,5057,E-Wallet,31600
5058,5058,Card,30100
5059,5059,Card,13500
5060,5060,Cash,18800
5061,5061,Card,17300
5062,5062,Card,8400
5063,5063,Cash,26200
5064,5064,Card,22800
5065,5065,Cash,31500
5066,5066,Card,8100
5067,5067,E-Wallet,9100
5068,5068,E-Wallet,12700
5069,5069,Cash,12500
5070,5070,E-Wallet,13600
5071,5071,E-Wallet,21200
5072,5072,Cash,9300
5073,5073,Cash,33000
5074,5074,Card,18600
5075,5075,Cash,33000
5076,5076,Cash,34100
5077,5077,E-Wallet,14000
5078,5078,Card,8600
5079,5079,Card,11100
5080,5080,E-Wallet,16400
5081,5081,Card,21600
5082,5082,Cash,24200
5083,5083,Cash,27900
5084,5084,E-Wallet,11500
5085,5085,E-Wallet,34400
5086,5086,Card,9500
5087,5087,Card,8300
5088,5088,Cash,7700
5089,5089,E-Wallet,6700
5090,5090,Card,9100
5091,5091,Cash,9400
5092,5092,Cash,10600
5093,5093,Cash,7100
5094,5094,Cash,9600
5095,5095,Card,8700
5096,5096,Cash,7500
5097,5097,E-Wallet,9200
5098,5098,Card,8700
5099,5099,E-Wallet,10400
5100,5100,Cash,8800
5101,5101,Cash,7800
5102,5102,Cash,10400
5103,5103,Cash,10200
5104,5104,Cash,7200
5105,5105,E-Wallet,7300
5106,5106,E-Wallet,7500
5107,5107,E-Wallet,7500
5108,5108,E-Wallet,7700
5109,5109,Cash,8500
5110,5110,E-Wallet,7200
5111,5111,Card,9600
5112,5112,Card,7200
5113,5113,Cash,9900
5114,5114,E-Wallet,7400
5115,5115,Card,6600
5116,5116,Card,9400
5117,5117,Card,9900
5118,5118,E-Wallet,10000
5119,5119,Cash,9300
5120,5120,Cash,9100
5121,5121,Card,8000
5122,5122,E-Wallet,8800
5123,5123,E-Wallet,7500
5124,5124,Cash,6900
5125,5125,Cash,10100
5126,5126,E-Wallet,10700
5127,5127,E-Wallet,9900
5128,5128,E-Wallet,7900
5129,5129,Card,10700
5130,5130,Card,7600
5131,5131,Cash,9700
5132,5132,Card,8900
5133,5133,E-Wallet,8500
5134,5134,Card,9300
5135,5135,Card,9900
5136,5136,E-Wallet,8600
5137,5137,Card,6900
5138,5138,Card,8500
5139,5139,E-Wallet,10100
5140,5140,Card,8800
5141,5141,Cash,6700
5142,5142,Card,7700
5143,5143,E-Wallet,9000
5144,5144,Cash,9300
5145,5145,Card,7000
5146,5146,Card,8100
5147,5147,E-Wallet,9100
5148,5148,Cash,7600
5149,5149,E-Wallet,8000
5150,5150,Card,11100
5151,5151,Card,10000
5152,5152,Card,8700
5153,5153,Card,8400
5154,5154,Cash,10400
5155,5155,Cash,10800
5156,5156,E-Wallet,10700
5157,5157,E-Wallet,8300
5158,5158,E-Wallet,9100
5159,5159,Card,9900
5160,5160,Card,10200
5161,5161,Cash,10100
5162,5162,E-Wallet,10000
5163,5163,E-Wallet,8200
5164,5164,Cash,10400
5165,5165,Card,8400
5166,5166,E-Wallet,9800
5167,5167,E-Wallet,7500
5168,5168,E-Wallet,10000
5169,5169,Card,10300
5170,5170,Cash,8900
5171,5171,Cash,16100
5172,5172,Card,26100
5173,5173,Card,26700
5174,5174,Cash,34200
5175,5175,Card,13500
5176,5176,Cash,11400
5177,5177,Cash,11300
5178,5178,E-Wallet,14300
5179,5179,Card,34500
5180,5180,Card,17000
5181,5181,Cash,26600
5182,5182,Cash,26400
5183,5183,E-Wallet,31300
5184,5184,Cash,17700
5185,5185,Cash,23100
5186,5186,Card,27100
5187,5187,Cash,29600
5188,5188,Cash,14800
5189,5189,Cash,10400
5190,5190,E-Wallet,16700
5191,5191,Cash,25900
5192,5192,E-Wallet,17200
5193,5193,E-Wallet,12000
5194,5194,Cash,25000
5195,5195,E-Wallet,29900
5196,5196,Cash,15900
5197,5197,Cash,10200
5198,5198,Card,19900
5199,5199,Cash,20800
5200,5200,Cash,9000
5201,5201,Card,26700
5202,5202,Card,16900
5203,5203,E-Wallet,10800
5204,5204,Cash,18000
5205,5205,E-Wallet,28100
5206,5206,E-Wallet,34400
5207,5207,Card,29700
5208,5208,Card,23300
5209,5209,Card,32200
5210,5210,Cash,14100
5211,5211,E-Wallet,10900
5212,5212,Cash,21500
5213,5213,E-Wallet,17700
5214,5214,Card,20200
5215,5215,Card,31800
5216,5216,E-Wallet,25700
5217,5217,E-Wallet,18000
5218,5218,Card,31800
5219,5219,Card,14000
5220,5220,Cash,18400
5221,5221,Card,27800
5222,5222,E-Wallet,22700
5223,5223,E-Wallet,26100
5224,5224,E-Wallet,24400
5225,5225,Card,11100
5226,5226,Cash,7600
5227,5227,Card,34000
5228,5228,Card,15300
5229,5229,Cash,32600
5230,5230,Cash,33000
5231,5231,Cash,19200
5232,5232,E-Wallet,32400
5233,5233,Cash,20700
5234,5234,E-Wallet,27300
5235,5235,E-Wallet,21400
5236,5236,E-Wallet,23400
5237,5237,Card,33300
5238,5238,Card,28700
5239,5239,E-Wallet,18300
5240,5240,Cash,26600
5241,5241,Cash,23800
5242,5242,Cash,10900
5243,5243,Cash,9100
5244,5244,E-Wallet,24400
5245,5245,Card,15600
5246,5246,Card,27400
5247,5247,Card,13000
5248,5248,Card,11900
5249,5249,E-Wallet,7100
5250,5250,Cash,10600
5251,5251,E-Wallet,10700
5252,5252,Card,6100
5253,5253,E-Wallet,7200
5254,5254,Cash,10500
5255,5255,Cash,6000
5256,5256,E-Wallet,9100
5257,5257,Cash,10000
5258,5258,Cash,8400
5259,5259,E-Wallet,7100
5260,5260,E-Wallet,10800
5261,5261,Cash,6500
5262,5262,Cash,11200
5263,5263,E-Wallet,8200
5264,5264,E-Wallet,8400
5265,5265,E-Wallet,9000
5266,5266,Cash,7000
5267,5267,Cash,8700
5268,5268,Card,8500
5269,5269,E-Wallet,7600
5270,5270,Card,8300
5271,5271,Cash,8000
5272,5272,E-Wallet,7100
5273,5273,Cash,6900
5274,5274,Card,11200
5275,5275,E-Wallet,9400
5276,5276,Cash,10600
5277,5277,Cash,10800
5278,5278,E-Wallet,9800
5279,5279,E-Wallet,8900
5280,5280,Cash,10000
5281,5281,Cash,9500
5282,5282,Card,10200
5283,5283,Cash,9700
5284,5284,Card,8200
5285,5285,E-Wallet,10400
5286,5286,E-Wallet,8600
5287,5287,Cash,7700
5288,5288,E-Wallet,9900
5289,5289,Card,9100
5290,5290,E-Wallet,10700
5291,5291,E-Wallet,11200
5292,5292,Cash,9800
5293,5293,E-Wallet,8100
5294,5294,Cash,10000
5295,5295,Card,7200
5296,5296,Cash,9200
5297,5297,Cash,8500
5298,5298,Cash,7400
5299,5299,Cash,8600
5300,5300,Card,9500
5301,5301,E-Wallet,9800
5302,5302,Cash,8800
5303,5303,E-Wallet,7100
5304,5304,Card,8300
5305,5305,Cash,11200
5306,5306,Card,10000
5307,5307,E-Wallet,7100
5308,5308,Card,11200
5309,5309,Card,9800
5310,5310,Card,9300
5311,5311,E-Wallet,9400
5312,5312,E-Wallet,8800
5313,5313,Cash,10800
5314,5314,E-Wallet,7800
5315,5315,Card,7100
5316,5316,E-Wallet,6400
5317,5317,Card,7500
5318,5318,Card,10600
5319,5319,E-Wallet,8800
5320,5320,Cash,9600
5321,5321,Card,10200
5322,5322,Cash,10100
5323,5323,Card,10400
5324,5324,Card,7000
5325,5325,Cash,8000
5326,5326,Card,7900
5327,5327,Cash,7700
5328,5328,Cash,6200
5329,5329,E-Wallet,8500
5330,5330,E-Wallet,7000
5331,5331,Card,8600
5332,5332,E-Wallet,7600
5333,5333,Card,10200
5334,5334,E-Wallet,6100
