id_order,id_driver,id_customer,tanggal,jarak_km,durasi_menit,tarif
1,1,53.0,2023-08-23,1.08,5,8200
2,1,44.0,2023-06-04,0.72,2,7100
3,1,185.0,2023-07-19,1.13,5,8300
4,1,90.0,2023-12-17,1.18,4,8200
5,1,138.0,2023-04-08,0.62,2,6400
6,1,110.0,2023-03-13,0.79,2,7400
7,1,77.0,2023-12-01,0.77,3,7700
8,1,13.0,2023-12-13,1.3,5,9300
9,1,155.0,2023-03-30,1.77,5,10600
10,1,97.0,2023-09-25,1.59,4,10000
11,1,116.0,2023-01-12,1.35,5,9200
12,1,98.0,2023-01-03,1.75,6,9800
13,1,102.0,2023-07-20,0.94,4,8000
14,1,144.0,2023-12-27,0.84,2,7800
15,1,54.0,2023-11-08,1.92,8,10700
16,1,89.0,2023-05-12,1.97,4,11000
17,1,,2023-04-05,1.59,4,9600
18,1,5.0,2023-07-18,0.9,3,7200
19,1,187.0,2023-08-23,1.9,5,11200
20,1,165.0,2023-07-15,0.63,2,7300
21,1,130.0,2023-12-26,0.94,2,8000
22,1,153.0,2023-07-09,0.92,3,7700
23,1,36.0,2023-04-11,1.63,5,10200
24,1,,2023-02-09,1.26,4,8400
25,1,6.0,2023-09-29,1.72,4,10300
26,1,9.0,2023-08-05,1.53,7,9900
27,1,196.0,2023-09-19,1.61,6,9400
28,1,9.0,2023-03-18,1.64,4,10400
29,1,194.0,2023-08-29,1.38,5,9600
30,1,79.0,2023-05-01,1.75,5,10700
31,1,55.0,2023-10-22,1.11,5,8600
32,1,37.0,2023-03-26,0.53,1,6100
33,1,50.0,2023-06-07,0.92,4,7300
34,1,35.0,2023-01-07,1.3,5,8500
35,1,181.0,2023-07-08,1.18,5,8700
36,1,37.0,2023-09-19,1.92,7,10900
37,1,166.0,2023-04-28,1.34,6,8700
38,1,140.0,2023-02-08,1.98,6,10900
39,1,171.0,2023-07-02,0.79,3,6900
40,1,28.0,2023-11-04,1.62,4,9900
41,1,200.0,2023-06-17,0.69,2,7200
42,1,100.0,2023-02-03,1.27,4,8900
43,1,18.0,2023-09-05,0.6,2,6600
44,1,158.0,2023-07-11,1.85,8,10000
45,1,,2023-04-28,1.12,4,8500
46,1,20.0,2023-02-21,1.64,3,9800
47,1,63.0,2023-12-29,1.41,6,8900
48,1,74.0,2023-07-21,0.72,2,7200
49,1,145.0,2023-05-06,1.8,7,10800
50,1,99.0,2023-12-16,1.72,4,10200
51,1,200.0,2023-09-22,1.59,3,9400
52,1,86.0,2023-04-19,1.09,3,8100
53,1,24.0,2023-12-22,1.61,6,10300
54,1,,2023-12-30,1.39,3,9000
55,1,44.0,2023-12-30,0.6,1,7300
56,1,79.0,2023-06-01,0.85,1,7200
57,1,,2023-06-03,1.76,6,10300
58,1,51.0,2023-02-08,0.84,2,7100
59,1,139.0,2023-11-19,1.56,7,9300
60,1,102.0,2023-05-15,1.53,6,9700
61,1,147.0,2023-02-16,1.86,8,11000
62,1,98.0,2023-03-25,1.09,4,7700
63,1,197.0,2023-07-21,0.89,2,7500
64,1,52.0,2023-11-20,1.75,5,10700
65,1,112.0,2023-11-21,1.17,2,9000
66,1,61.0,2023-07-11,0.64,2,7100
67,1,,2023-06-01,1.46,5,9100
68,1,161.0,2023-03-10,1.1,2,7900
69,1,82.0,2023-06-19,1.91,9,10300
70,1,118.0,2023-08-14,1.86,3,10800
71,1,,2023-08-10,0.92,2,7700
72,1,155.0,2023-01-03,0.96,4,8000
73,1,,2023-09-02,0.83,3,6900
74,1,188.0,2023-11-10,1.38,5,9600
75,1,115.0,2023-08-13,1.81,7,10300
76,1,143.0,2023-12-11,1.76,5,10600
77,1,148.0,2023-11-02,1.22,4,8600
78,1,144.0,2023-03-26,1.97,9,11100
79,1,136.0,2023-03-17,0.74,2,7600
80,1,66.0,2023-12-28,1.96,4,11200
81,1,16.0,2023-10-05,0.69,3,7500
82,1,19.0,2023-09-21,0.64,2,6700
83,1,139.0,2023-10-11,1.59,7,9500
84,1,177.0,2023-07-22,1.22,2,8600
85,1,188.0,2023-11-25,1.61,5,9700
86,1,140.0,2023-03-05,1.59,5,10200
87,1,49.0,2023-06-14,1.5,6,9000
88,1,188.0,2023-10-13,0.73,3,6800
89,1,70.0,2023-06-27,1.64,8,9600
90,1,42.0,2023-04-19,1.63,4,9400
91,1,135.0,2023-05-03,1.36,5,9500
92,1,166.0,2023-07-15,0.83,1,7800
93,1,159.0,2023-09-27,1.49,4,9300
94,1,144.0,2023-06-23,1.92,5,11100
95,1,163.0,2023-04-02,0.58,1,6900
96,1,125.0,2023-09-17,0.86,2,7900
97,1,98.0,2023-06-26,1.36,4,9000
98,1,153.0,2023-02-22,1.97,4,10900
99,1,193.0,2023-10-20,0.65,2,6700
100,1,144.0,2023-11-02,1.41,2,9300
101,2,,2023-08-21,5.98,26,23400
102,2,174.0,2023-10-17,4.05,18,16600
103,2,,2023-02-18,3.33,12,15300
104,2,39.0,2023-04-04,6.17,16,23900
105,2,36.0,2023-10-11,2.27,7,11600
106,2,52.0,2023-03-09,6.64,21,24700
107,2,120.0,2023-06-22,1.75,5,10000
108,2,117.0,2023-04-16,8.49,35,30300
109,2,196.0,2023-07-06,6.49,28,24300
110,2,24.0,2023-11-25,2.3,7,12000
111,2,175.0,2023-06-30,6.39,27,24300
112,2,162.0,2023-09-29,8.66,26,31000
113,2,186.0,2023-05-12,2.63,8,13200
114,2,134.0,2023-04-23,5.45,12,21000
115,2,75.0,2023-01-17,5.53,26,21600
116,2,5.0,2023-10-16,7.01,31,25600
117,2,111.0,2023-02-26,8.46,25,30400
118,2,143.0,2023-09-06,3.91,14,17200
119,2,10.0,2023-01-31,1.06,2,8200
120,2,39.0,2023-03-18,1.47,3,9000
121,2,176.0,2023-05-02,7.3,16,26700
122,2,81.0,2023-05-20,3.12,10,14100
123,2,184.0,2023-02-06,2.61,11,13000
124,2,109.0,2023-10-25,6.86,18,25700
125,2,105.0,2023-09-16,3.62,8,16300
126,2,160.0,2023-04-17,4.58,21,18700
127,2,48.0,2023-01-14,7.5,17,27400
128,2,140.0,2023-08-05,9.67,29,34400
129,2,,2023-12-15,2.47,8,12500
130,2,121.0,2023-10-31,8.35,26,30500
131,2,194.0,2023-02-27,3.3,10,14600
132,2,98.0,2023-05-04,5.41,22,21100
133,2,50.0,2023-08-16,6.66,18,25100
134,2,192.0,2023-07-21,7.85,31,28400
135,3,107.0,2023-06-28,1.68,5,9800
136,3,65.0,2023-12-08,4.52,18,18600
137,3,121.0,2023-01-10,5.76,14,22300
138,3,39.0,2023-09-14,6.69,22,25400
139,3,59.0,2023-11-04,1.24,4,8300
140,3,186.0,2023-05-14,7.72,23,28100
141,3,193.0,2023-03-21,9.72,32,33900
142,3,6.0,2023-05-19,7.62,29,27400
143,3,5.0,2023-02-21,4.0,16,16600
144,3,46.0,2023-01-20,8.36,40,29600
145,3,98.0,2023-04-11,4.74,20,18900
146,3,86.0,2023-03-01,8.02,31,29300
147,3,187.0,2023-09-08,3.47,7,15600
148,3,23.0,2023-12-27,7.09,30,25700
149,3,163.0,2023-03-04,5.0,13,20000
150,3,199.0,2023-08-02,9.54,31,33500
151,3,182.0,2023-04-03,7.57,29,27400
152,3,142.0,2023-02-14,1.76,6,9900
153,3,119.0,2023-08-13,2.72,10,13400
154,3,109.0,2023-08-27,1.48,3,9200
155,3,136.0,2023-08-18,7.49,30,26900
156,3,21.0,2023-03-21,4.16,8,17300
157,3,30.0,2023-08-20,3.39,15,15400
158,4,49.0,2023-04-21,9.73,42,34500
159,4,55.0,2023-10-31,8.97,43,31400
160,4,132.0,2023-01-02,6.27,17,23800
161,4,104.0,2023-01-16,7.08,35,25800
162,4,25.0,2023-10-09,9.76,23,34700
163,4,149.0,2023-09-24,2.96,9,13900
164,4,144.0,2023-04-11,2.39,9,11800
165,4,77.0,2023-03-05,6.94,25,25800
166,4,22.0,2023-07-03,2.83,12,13400
167,4,117.0,2023-04-30,3.24,9,14700
168,4,68.0,2023-12-20,9.27,40,32800
169,4,19.0,2023-10-18,4.45,12,18400
170,4,147.0,2023-08-20,5.44,21,20900
171,4,75.0,2023-12-27,3.34,15,15200
172,4,64.0,2023-10-25,8.9,22,31200
173,4,45.0,2023-11-26,8.54,18,30600
174,4,,2023-09-20,9.73,42,34500
175,4,113.0,2023-11-07,5.64,17,21600
176,4,151.0,2023-11-02,1.7,6,9900
177,4,65.0,2023-07-22,9.2,35,32300
178,4,105.0,2023-02-13,5.78,18,22700
179,4,197.0,2023-05-23,9.03,29,32100
180,4,91.0,2023-10-05,7.76,20,28000
181,4,139.0,2023-02-01,9.95,33,34900
182,4,26.0,2023-04-21,6.09,20,23200
183,4,,2023-01-26,3.18,8,15000
184,4,153.0,2023-05-29,5.28,13,21200
185,4,128.0,2023-12-01,8.72,33,30600
186,4,108.0,2023-08-03,9.18,33,32700
187,4,49.0,2023-01-12,5.1,17,19800
188,4,21.0,2023-02-18,7.85,17,28800
189,5,194.0,2023-05-07,1.48,3,9600
190,5,30.0,2023-12-21,3.75,18,16300
191,5,180.0,2023-12-19,9.6,41,34000
192,5,102.0,2023-10-20,8.07,33,29700
193,5,177.0,2023-05-15,5.95,20,22300
194,5,73.0,2023-06-25,7.64,23,27900
195,5,191.0,2023-12-25,6.54,23,24400
196,5,58.0,2023-07-15,7.4,15,27100
197,5,102.0,2023-10-15,1.41,6,8700
198,5,,2023-04-17,9.29,38,32600
199,5,49.0,2023-05-29,3.25,10,15100
200,5,110.0,2023-08-24,2.08,5,11700
201,5,139.0,2023-09-22,9.9,49,35200
202,5,,2023-04-21,9.07,34,32100
203,5,174.0,2023-06-03,5.07,19,19700
204,5,96.0,2023-03-28,5.53,12,21400
205,5,109.0,2023-05-31,8.69,32,30700
206,5,179.0,2023-02-02,6.19,14,23100
207,5,15.0,2023-03-14,9.93,30,35000
208,5,99.0,2023-08-04,8.41,26,30400
209,5,57.0,2023-01-08,2.31,4,11900
210,5,,2023-09-05,8.03,32,28500
211,5,171.0,2023-11-17,4.73,9,19400
212,5,165.0,2023-11-25,3.68,17,15500
213,5,139.0,2023-11-21,7.11,20,25900
214,5,,2023-07-26,6.04,19,23500
215,5,46.0,2023-11-20,1.96,5,11200
216,5,156.0,2023-12-09,4.42,18,17800
217,5,2.0,2023-06-28,1.36,6,8600
218,5,,2023-09-15,6.2,16,24000
219,5,140.0,2023-08-31,2.08,8,11600
220,5,52.0,2023-12-20,4.39,20,18400
221,5,179.0,2023-12-31,9.96,30,34900
222,5,118.0,2023-06-15,1.6,5,9800
223,5,48.0,2023-02-03,6.83,33,25900
224,5,163.0,2023-05-24,3.52,13,15800
225,5,40.0,2023-05-03,8.87,19,31600
226,5,156.0,2023-04-04,5.77,25,22600
227,5,141.0,2023-02-17,2.19,7,11100
228,5,95.0,2023-07-13,4.61,9,19100
229,5,198.0,2023-07-02,3.21,13,14600
230,5,83.0,2023-02-03,9.85,20,34400
231,5,108.0,2023-05-23,9.79,28,34700
232,5,26.0,2023-02-23,9.8,31,34100
233,5,167.0,2023-03-01,6.55,32,24300
234,5,42.0,2023-02-23,1.49,5,8900
235,5,160.0,2023-08-13,1.75,5,9900
236,5,130.0,2023-03-13,2.79,11,13700
237,5,155.0,2023-12-01,7.97,31,28800
238,5,5.0,2023-12-05,3.71,12,15700
239,5,22.0,2023-02-23,9.34,21,32800
240,5,33.0,2023-02-09,4.41,10,18500
241,5,3.0,2023-04-14,7.37,19,27600
242,5,105.0,2023-05-22,8.4,27,29700
243,5,27.0,2023-04-05,3.0,12,14400
244,5,57.0,2023-02-09,8.6,31,31000
245,5,141.0,2023-01-04,7.74,23,28400
246,5,116.0,2023-11-29,7.99,16,28700
247,5,108.0,2023-08-31,1.86,6,10800
248,5,181.0,2023-10-16,3.5,10,15000
249,5,172.0,2023-10-27,1.96,6,11100
250,5,41.0,2023-01-14,2.45,5,11800
251,5,58.0,2023-09-22,5.44,21,21800
252,5,59.0,2023-02-25,3.43,14,14700
253,5,54.0,2023-02-04,3.51,9,15500
254,5,176.0,2023-05-01,4.58,17,18900
255,5,12.0,2023-07-19,5.03,19,20200
256,5,117.0,2023-10-19,1.95,5,10900
257,5,50.0,2023-10-26,6.88,14,25600
258,6,119.0,2023-03-12,6.73,28,25100
259,6,169.0,2023-03-19,5.5,19,21700
260,6,107.0,2023-03-06,1.52,3,9300
261,6,,2023-03-26,7.39,26,26800
262,6,132.0,2023-09-17,9.19,35,32200
263,6,112.0,2023-07-15,6.21,15,23700
264,6,134.0,2023-10-15,3.84,13,16300
265,6,147.0,2023-10-25,1.72,6,10400
266,6,,2023-04-14,8.13,21,29000
267,6,,2023-12-06,7.8,32,28100
268,6,23.0,2023-05-06,2.15,7,10900
269,6,72.0,2023-08-06,8.06,37,29000
270,6,4.0,2023-06-05,4.98,19,19400
271,6,146.0,2023-07-24,1.18,5,9000
272,6,121.0,2023-03-24,1.59,4,9300
273,6,169.0,2023-08-28,7.69,35,28400
274,6,181.0,2023-09-05,1.65,5,10300
275,6,3.0,2023-01-25,6.79,20,24900
276,6,48.0,2024-01-01,8.5,39,30100
277,6,93.0,2023-07-17,9.24,45,32200
278,6,45.0,2023-06-18,6.73,15,24900
279,6,114.0,2023-01-23,5.65,17,22100
280,6,138.0,2023-11-13,6.46,19,24000
281,6,7.0,2023-10-16,8.95,20,31900
282,6,6.0,2023-04-03,1.34,5,8500
283,6,107.0,2023-07-02,8.59,21,31200
284,6,19.0,2023-05-18,7.09,24,26200
285,6,149.0,2023-06-07,4.84,20,19700
286,6,16.0,2023-09-22,5.77,26,22800
287,6,39.0,2023-12-06,2.37,6,12300
288,6,27.0,2023-10-26,1.65,5,9400
289,6,173.0,2023-08-18,5.81,12,22300
290,6,61.0,2023-03-25,4.57,14,18400
291,6,34.0,2023-05-18,4.7,15,19300
292,6,24.0,2023-12-03,8.25,25,29300
293,6,174.0,2023-01-11,4.08,18,17600
294,6,195.0,2023-04-24,8.43,34,30300
295,6,3.0,2023-06-10,4.91,17,19700
296,6,39.0,2023-11-25,2.22,9,11800
297,6,88.0,2023-08-10,2.35,7,11700
298,6,171.0,2023-12-19,5.69,16,21600
299,6,93.0,2023-03-23,1.72,7,9800
300,6,82.0,2023-07-24,5.46,23,21100
301,6,97.0,2023-02-13,7.16,17,26600
302,6,87.0,2023-04-05,6.36,31,24500
303,6,195.0,2023-08-26,6.87,28,26100
304,6,132.0,2023-07-16,6.65,22,24600
305,6,148.0,2023-08-04,7.69,31,27600
306,6,136.0,2023-04-18,6.51,20,24200
307,6,135.0,2023-06-09,8.86,38,32000
308,6,37.0,2023-06-20,8.83,41,31900
309,6,13.0,2023-09-10,7.71,24,28400
310,6,91.0,2023-09-16,8.55,29,31000
311,6,90.0,2023-05-14,3.87,10,17000
312,6,192.0,2023-01-07,3.94,11,16900
313,6,86.0,2023-02-19,5.27,16,21100
314,6,47.0,2023-11-14,3.92,12,17100
315,6,193.0,2023-08-02,8.08,35,29400
316,6,137.0,2023-09-10,3.46,7,15600
317,6,30.0,2023-04-25,1.84,8,10400
318,6,138.0,2023-05-05,2.14,8,11900
319,6,164.0,2023-05-17,2.43,7,12700
320,7,161.0,2023-01-14,2.85,13,14000
321,7,45.0,2023-10-31,2.06,5,11100
322,7,120.0,2023-10-18,8.71,19,31200
323,7,58.0,2023-05-26,6.02,14,23400
324,7,141.0,2023-01-28,6.7,31,24700
325,7,196.0,2023-09-28,5.27,19,21300
326,7,150.0,2023-11-17,5.32,24,21000
327,7,11.0,2023-09-06,5.33,15,20700
328,7,4.0,2023-06-09,7.83,19,28400
329,7,31.0,2023-07-29,3.96,15,17200
330,7,154.0,2023-01-15,1.45,3,9000
331,7,181.0,2023-08-06,2.71,13,12700
332,7,151.0,2023-08-10,2.26,6,11700
333,7,172.0,2023-05-10,6.86,29,25300
334,7,56.0,2023-12-26,4.34,16,18400
335,7,87.0,2023-02-28,1.74,6,10300
336,7,118.0,2023-08-10,2.25,9,12100
337,7,168.0,2023-06-28,5.53,11,21000
338,7,82.0,2023-08-16,5.96,28,22900
339,7,125.0,2023-08-18,7.81,18,28800
340,7,111.0,2023-12-12,2.16,5,11200
341,7,158.0,2023-07-08,4.85,11,19400
342,7,124.0,2023-10-16,5.67,14,22300
343,7,85.0,2023-07-21,9.57,44,33600
344,7,,2023-08-25,1.83,7,10000
345,7,187.0,2023-12-12,7.63,19,28200
346,7,5.0,2023-04-28,8.94,44,31700
347,7,135.0,2023-02-01,7.39,14,27500
348,7,96.0,2023-01-24,1.59,7,9600
349,7,145.0,2023-03-21,4.66,20,18900
350,7,,2023-04-17,3.89,8,16300
351,7,145.0,2023-04-09,5.87,13,22100
352,7,153.0,2023-11-27,9.01,22,32400
353,7,91.0,2023-08-25,7.53,20,27300
354,7,15.0,2023-05-07,7.23,31,26300
355,7,143.0,2023-02-12,8.1,37,29100
356,7,121.0,2023-02-02,4.77,13,18800
357,7,94.0,2023-09-20,9.68,30,34100
358,7,140.0,2023-09-07,9.7,35,33600
359,7,,2023-03-10,3.44,8,15200
360,7,69.0,2023-10-28,1.09,2,8200
361,7,127.0,2023-09-02,6.99,15,25700
362,7,31.0,2023-10-24,8.42,20,30300
363,7,120.0,2023-06-15,8.92,24,31200
364,7,24.0,2023-02-02,8.59,19,30500
365,7,155.0,2023-11-03,2.84,12,13400
366,7,4.0,2023-06-08,8.51,24,30500
367,7,90.0,2023-04-27,7.19,20,26800
368,7,92.0,2023-06-03,9.23,38,32900
369,7,16.0,2023-09-22,2.87,6,14100
370,7,84.0,2023-01-03,8.67,28,31000
371,7,137.0,2023-09-01,9.67,23,33500
372,7,147.0,2023-05-12,4.97,14,19600
373,7,31.0,2023-04-08,6.53,13,24000
374,7,161.0,2023-09-21,2.34,7,12200
375,8,,2023-10-21,3.14,8,14800
376,8,13.0,2023-02-13,8.22,32,29800
377,8,65.0,2023-02-26,1.91,4,11000
378,8,121.0,2023-03-21,6.46,32,24300
379,8,161.0,2023-03-31,1.23,2,9100
380,8,60.0,2023-11-03,4.46,17,18200
381,8,121.0,2023-10-10,9.03,23,32400
382,8,53.0,2023-06-10,8.07,25,29000
383,8,116.0,2023-09-22,3.64,11,15600
384,8,178.0,2023-01-16,9.33,44,32400
385,8,8.0,2023-01-10,2.76,10,13500
386,8,86.0,2023-11-18,8.12,21,29600
387,8,9.0,2023-04-12,8.55,19,30800
388,8,32.0,2023-06-01,5.67,17,22300
389,8,59.0,2023-08-23,8.95,26,32000
390,8,178.0,2023-03-18,5.49,18,21600
391,8,99.0,2023-04-07,9.48,31,33800
392,8,5.0,2023-07-14,7.66,36,27800
393,8,169.0,2023-06-09,9.14,22,32900
394,8,163.0,2023-12-26,9.81,46,34200
395,8,149.0,2023-08-16,5.54,24,21300
396,8,3.0,2023-06-09,9.94,41,34500
397,8,28.0,2023-10-09,5.78,19,22400
398,8,46.0,2023-06-17,3.95,18,16600
399,8,37.0,2023-01-29,7.03,18,26400
400,8,177.0,2023-04-26,2.31,10,12200
401,8,32.0,2023-08-05,1.98,9,11100
402,8,96.0,2023-01-18,3.71,12,16000
403,8,26.0,2023-05-03,1.05,4,7600
404,8,55.0,2023-09-11,3.15,9,14900
405,8,55.0,2023-03-19,3.46,11,14800
406,8,36.0,2023-11-28,6.07,18,22800
407,8,12.0,2023-05-15,9.34,24,32600
408,8,112.0,2023-08-24,9.15,35,32300
409,8,147.0,2023-01-04,6.8,33,24900
410,8,22.0,2023-03-26,8.24,37,29700
411,8,12.0,2023-05-14,7.0,17,26400
412,8,54.0,2023-10-17,6.77,24,25800
413,8,,2023-11-11,3.84,14,16700
414,8,65.0,2023-01-29,2.52,11,12800
415,8,146.0,2023-02-07,7.67,26,27700
416,8,177.0,2023-09-17,6.71,14,25100
417,8,36.0,2023-05-22,7.12,35,26700
418,8,154.0,2023-08-08,2.06,9,11500
419,8,130.0,2023-10-03,7.3,17,27000
420,8,82.0,2023-12-24,5.61,26,21700
421,8,60.0,2023-02-15,7.57,25,27700
422,8,133.0,2023-12-03,1.03,3,8300
423,8,136.0,2023-10-21,2.28,11,11700
424,8,140.0,2023-03-23,6.23,12,23700
425,8,34.0,2023-10-07,4.92,18,19900
426,8,96.0,2023-10-27,1.21,4,8200
427,8,10.0,2023-03-28,1.99,9,10500
428,8,144.0,2023-01-30,1.92,8,10900
429,8,146.0,2023-11-23,2.39,8,11600
430,8,18.0,2023-10-03,3.84,10,16700
431,8,165.0,2023-04-18,4.87,12,19300
432,8,140.0,2023-11-26,3.17,9,14000
433,8,115.0,2023-10-07,3.05,6,14500
434,8,100.0,2023-03-03,5.76,13,21700
435,8,62.0,2023-07-03,1.57,3,9600
436,8,83.0,2023-12-18,3.55,14,15700
437,8,43.0,2023-11-18,8.97,38,31700
438,8,66.0,2023-01-15,3.75,18,16500
439,8,38.0,2023-06-25,4.46,9,18300
440,8,49.0,2023-08-14,8.49,20,29900
441,8,150.0,2023-08-16,4.07,14,17700
442,8,26.0,2023-08-07,5.7,24,22200
443,8,25.0,2023-02-27,6.91,32,26000
444,8,30.0,2023-02-11,5.04,22,20300
445,8,178.0,2023-10-24,2.32,5,11800
446,8,20.0,2023-04-04,4.54,18,18900
447,9,51.0,2023-08-09,4.86,16,19000
448,9,151.0,2023-09-28,1.34,5,8800
449,9,147.0,2023-04-25,7.1,23,26000
450,9,119.0,2023-05-03,9.93,27,34500
451,9,51.0,2023-12-14,2.85,10,13100
452,9,106.0,2023-10-02,9.69,36,34100
453,9,134.0,2023-02-08,7.11,19,26700
454,9,41.0,2023-05-11,8.46,18,30200
455,9,42.0,2023-11-20,8.89,27,32100
456,9,,2023-10-26,6.36,30,23800
457,9,65.0,2023-12-01,8.73,24,31600
458,9,126.0,2023-04-22,6.84,32,25500
459,9,16.0,2023-02-13,8.33,23,29800
460,9,154.0,2023-01-14,8.24,27,29700
461,9,77.0,2023-03-29,2.31,6,11800
462,9,74.0,2023-12-08,9.52,26,33600
463,9,52.0,2023-06-03,3.61,8,15400
464,9,138.0,2023-06-16,6.73,30,25400
465,9,148.0,2023-06-11,9.37,37,33300
466,9,171.0,2023-09-14,2.19,4,12000
467,9,116.0,2023-03-27,5.48,25,21800
468,9,149.0,2023-06-07,5.16,20,20500
469,9,44.0,2023-03-13,3.67,16,15900
470,9,9.0,2023-08-17,8.24,19,29200
471,9,126.0,2023-12-19,6.29,13,23700
472,9,124.0,2023-05-23,7.62,32,28300
473,9,,2023-03-27,7.6,20,27800
474,9,180.0,2023-12-19,8.62,33,30800
475,9,132.0,2023-06-23,2.99,6,13600
476,9,135.0,2023-01-29,8.44,22,30300
477,9,68.0,2023-01-08,3.52,13,15700
478,9,64.0,2023-11-29,9.01,43,31600
479,9,114.0,2023-02-17,2.57,8,12700
480,9,20.0,2023-10-30,9.46,21,33000
481,9,26.0,2023-10-27,9.13,24,32400
482,9,87.0,2023-06-15,2.34,4,11700
483,9,195.0,2023-07-18,9.03,30,31800
484,9,174.0,2023-02-02,1.37,5,9100
485,9,181.0,2023-10-02,5.61,21,22100
486,9,138.0,2023-09-23,5.07,10,20300
487,9,11.0,2023-01-25,3.28,8,14700
488,9,171.0,2023-12-15,7.32,22,26400
489,10,145.0,2023-01-04,1.8,7,10900
490,10,130.0,2023-12-29,4.6,20,18700
491,10,30.0,2023-02-18,6.8,13,25800
492,10,151.0,2023-07-08,9.55,45,33400
493,10,185.0,2023-06-08,1.96,3,10900
494,10,45.0,2023-08-04,9.05,40,31900
495,10,119.0,2023-03-16,7.49,27,27900
496,10,19.0,2023-04-21,3.08,10,14600
497,10,182.0,2023-10-23,3.28,13,15000
498,10,32.0,2023-09-15,3.55,10,15500
499,10,25.0,2023-09-11,6.27,15,23700
500,10,32.0,2023-10-16,5.6,19,21900
501,10,180.0,2023-06-03,9.29,23,33200
502,10,99.0,2023-11-29,8.5,30,30700
503,10,102.0,2023-09-07,7.66,32,28200
504,10,28.0,2023-07-23,6.11,14,23500
505,10,25.0,2023-11-29,3.39,9,14800
506,10,139.0,2023-05-31,1.1,3,7800
507,10,72.0,2023-08-15,8.97,32,31800
508,10,81.0,2023-01-02,4.36,17,17500
509,10,132.0,2023-07-04,8.24,33,29600
510,10,20.0,2023-09-18,2.0,8,11000
511,10,,2023-04-01,8.04,38,28900
512,10,76.0,2023-04-18,1.56,5,9800
513,10,82.0,2023-09-06,1.34,5,8700
514,10,121.0,2023-05-01,5.2,21,20600
515,10,79.0,2023-09-03,4.33,15,18300
516,10,46.0,2023-08-25,3.54,10,15700
517,10,158.0,2023-06-02,6.55,19,24800
518,10,183.0,2023-03-18,1.2,4,8300
519,10,77.0,2023-07-21,3.78,12,15900
520,10,27.0,2023-07-06,8.07,16,29100
521,10,194.0,2023-04-14,4.79,14,19700
522,10,,2023-12-20,8.59,37,30400
523,10,105.0,2023-12-29,1.53,7,9400
524,10,83.0,2023-11-21,2.35,8,12400
525,10,38.0,2023-11-27,1.11,2,8300
526,10,,2023-02-28,9.71,30,34200
527,10,143.0,2023-11-20,5.74,11,22200
528,10,34.0,2023-03-28,8.27,29,29700
529,10,19.0,2023-03-13,5.96,12,22800
530,10,71.0,2023-06-01,5.55,13,21500
531,10,177.0,2023-05-28,8.95,26,31300
532,10,157.0,2023-02-23,3.88,15,17100
533,10,190.0,2023-07-30,8.99,29,32200
534,10,28.0,2023-02-18,7.44,15,27800
535,10,179.0,2023-11-04,8.01,22,29100
536,10,155.0,2023-05-25,2.43,5,12300
537,10,31.0,2023-03-30,9.33,30,32500
538,10,,2023-03-06,2.33,5,11600
539,10,117.0,2023-09-24,8.25,24,29200
540,10,67.0,2023-04-07,9.22,44,33000
541,10,143.0,2023-11-23,5.04,15,20300
542,10,72.0,2023-11-08,7.36,24,26900
543,10,123.0,2023-09-05,4.58,21,18900
544,10,178.0,2023-03-07,6.24,14,23800
545,10,138.0,2023-05-04,3.95,18,17100
546,10,194.0,2023-08-18,9.92,21,35000
547,10,160.0,2023-12-04,6.34,27,23800
548,10,19.0,2023-06-08,8.39,32,30500
549,10,120.0,2023-01-14,9.58,33,33600
550,10,44.0,2023-06-06,7.8,21,28500
551,10,103.0,2023-05-09,1.7,7,9700
552,10,102.0,2023-04-03,7.49,17,27300
553,10,128.0,2023-12-24,10.0,31,35300
554,10,69.0,2023-12-01,3.4,9,15400
555,10,,2023-07-21,8.25,27,29300
556,10,42.0,2023-11-09,9.16,20,32200
557,10,115.0,2023-01-04,3.36,10,15100
558,10,166.0,2023-02-23,2.92,10,13500
559,10,181.0,2023-09-02,9.19,42,32900
560,10,113.0,2023-05-29,3.51,16,16000
561,10,137.0,2023-07-08,8.26,32,29600
562,10,155.0,2023-02-24,3.12,13,14600
563,10,39.0,2023-04-08,9.97,24,34900
564,10,187.0,2023-08-02,8.89,25,31400
565,10,121.0,2023-12-28,6.28,30,23400
566,11,91.0,2023-09-26,8.14,17,29100
567,11,78.0,2023-11-24,2.52,9,12100
568,11,145.0,2023-04-09,8.4,18,30000
569,11,78.0,2023-08-27,7.5,19,27600
570,11,12.0,2023-11-04,9.03,41,31800
571,11,26.0,2023-11-21,5.12,24,20600
572,11,30.0,2023-07-26,1.03,3,7900
573,11,193.0,2023-11-27,4.19,20,17800
574,11,131.0,2023-01-22,7.99,36,29200
575,11,64.0,2023-05-21,6.29,12,24000
576,11,133.0,2023-04-18,2.62,11,12700
577,11,56.0,2023-06-14,5.83,19,21900
578,11,183.0,2023-05-12,6.19,15,24000
579,11,165.0,2023-10-07,4.33,18,18100
580,11,183.0,2023-11-08,8.98,19,32300
581,11,54.0,2023-08-29,5.39,25,20600
582,11,174.0,2023-01-13,6.55,21,24500
583,11,29.0,2023-06-12,9.64,23,33900
584,11,159.0,2023-08-31,7.13,23,26800
585,11,196.0,2023-06-15,3.29,10,15000
586,11,148.0,2023-08-05,8.83,32,31500
587,11,188.0,2023-11-02,6.25,13,23800
588,11,152.0,2023-05-27,4.01,14,17500
589,11,66.0,2023-05-15,3.49,15,15600
590,11,67.0,2023-01-26,5.89,19,22200
591,11,34.0,2023-02-03,1.14,2,8500
592,11,86.0,2023-08-20,1.59,4,9900
593,11,176.0,2023-07-04,6.07,25,22700
594,11,7.0,2023-10-04,6.43,31,23700
595,11,155.0,2023-06-22,5.97,29,22400
596,11,144.0,2023-01-09,4.08,12,17500
597,11,18.0,2023-12-16,6.47,21,23900
598,11,177.0,2023-07-05,5.61,16,21800
599,11,104.0,2023-02-01,6.86,16,25000
600,11,63.0,2023-02-07,1.34,4,8700
601,11,131.0,2023-03-11,9.05,44,31600
602,11,69.0,2023-04-18,6.23,15,24000
603,11,189.0,2023-11-21,6.83,24,25800
604,11,9.0,2023-05-27,3.69,11,16000
605,11,64.0,2023-07-03,1.68,3,9700
606,11,70.0,2023-04-09,8.1,16,29800
607,11,5.0,2023-01-30,4.49,21,18200
608,12,84.0,2023-11-01,4.22,14,17500
609,12,171.0,2023-06-12,3.92,12,17100
610,12,182.0,2023-08-27,7.16,35,26200
611,12,47.0,2023-10-06,1.6,7,9900
612,12,11.0,2023-11-04,4.23,16,17600
613,12,185.0,2023-07-12,3.54,17,15600
614,12,70.0,2023-01-25,8.21,23,29900
615,12,152.0,2023-11-11,5.7,26,22400
616,12,128.0,2023-02-09,5.23,20,20500
617,12,51.0,2023-06-01,9.91,44,34300
618,12,139.0,2023-10-28,5.87,17,22300
619,12,22.0,2023-03-06,4.52,13,18100
620,12,113.0,2023-06-04,2.73,10,13500
621,12,27.0,2023-07-23,5.94,26,22800
622,12,70.0,2023-02-28,7.92,21,28300
623,12,108.0,2023-07-29,8.3,24,30000
624,12,169.0,2023-03-15,6.1,17,23300
625,12,151.0,2023-12-08,9.62,25,34000
626,12,81.0,2023-09-30,5.86,19,22800
627,12,120.0,2023-11-05,8.85,20,31400
628,12,151.0,2023-10-31,3.3,10,15300
629,12,134.0,2023-10-13,4.65,15,19100
630,12,,2023-03-16,2.34,7,12100
631,12,10.0,2023-05-25,8.39,32,29900
632,12,30.0,2023-10-14,2.96,8,14200
633,12,171.0,2023-05-28,8.1,37,29400
634,12,1.0,2023-07-10,1.3,6,9400
635,12,18.0,2023-03-02,9.84,22,34200
636,12,42.0,2023-06-20,2.53,10,12800
637,13,81.0,2023-03-21,5.67,15,22300
638,13,63.0,2023-08-31,1.05,4,7600
639,13,114.0,2023-06-15,8.65,25,30700
640,13,123.0,2023-07-10,9.57,43,34200
641,13,87.0,2023-01-29,4.88,11,20100
642,13,65.0,2023-07-29,1.34,5,9500
643,13,76.0,2023-07-26,9.29,20,32800
644,13,43.0,2023-09-16,1.1,2,8500
645,13,41.0,2023-12-20,5.33,17,21300
646,13,80.0,2023-07-21,7.18,16,26400
647,13,62.0,2023-02-17,7.74,16,28500
648,13,65.0,2023-01-27,3.66,10,16400
649,13,18.0,2023-06-04,4.7,19,18700
650,13,22.0,2023-02-23,4.69,20,19300
651,13,164.0,2023-04-11,7.35,25,27200
652,13,40.0,2023-01-03,3.51,8,15400
653,13,155.0,2023-11-13,9.99,44,34400
654,13,53.0,2023-06-16,9.88,46,34200
655,13,108.0,2023-05-25,7.77,31,28300
656,13,179.0,2023-07-01,5.7,19,22300
657,13,149.0,2023-01-31,7.88,21,28100
658,13,48.0,2023-01-01,9.52,42,33800
659,13,54.0,2023-01-14,3.57,16,16000
660,13,91.0,2023-09-03,8.88,25,31600
661,13,77.0,2023-06-03,4.03,14,16900
662,13,14.0,2023-05-24,3.56,17,15400
663,13,166.0,2023-04-02,1.62,5,9800
664,13,25.0,2023-04-08,7.02,16,26100
665,13,70.0,2023-03-02,8.59,40,30600
666,13,19.0,2023-04-30,1.92,4,10400
667,13,195.0,2023-09-15,8.74,39,31700
668,13,171.0,2023-09-20,2.71,10,12600
669,13,134.0,2023-05-21,2.89,11,13900
670,13,130.0,2023-02-14,8.41,37,30200
671,13,1.0,2023-03-03,1.85,8,10900
672,13,146.0,2023-08-02,9.48,20,33700
673,13,180.0,2023-08-18,1.27,5,9200
674,13,117.0,2023-06-21,4.67,19,18700
675,13,44.0,2023-12-31,5.37,20,20900
676,13,31.0,2023-10-14,1.98,9,10800
677,13,42.0,2023-04-18,1.42,4,8800
678,13,117.0,2023-05-07,4.75,15,19700
679,13,183.0,2023-09-15,4.53,19,18200
680,13,128.0,2023-10-15,7.89,32,28800
681,13,158.0,2023-07-15,2.27,6,12300
682,13,166.0,2023-02-25,5.28,23,21100
683,13,48.0,2023-02-25,3.85,8,16700
684,13,63.0,2023-06-02,6.63,29,24600
685,14,19.0,2023-02-13,4.42,15,18200
686,14,113.0,2023-06-15,7.41,32,27300
687,14,32.0,2023-04-22,7.13,20,26800
688,14,161.0,2023-03-02,9.83,47,34200
689,14,35.0,2023-05-26,1.46,6,9800
690,14,179.0,2023-02-13,4.14,18,17200
691,14,25.0,2023-07-15,3.97,12,16600
692,14,25.0,2023-08-05,3.65,11,15900
693,14,191.0,2023-06-23,8.09,16,29600
694,14,94.0,2023-08-30,1.44,3,9300
695,14,,2023-03-08,1.1,2,8500
696,14,139.0,2023-12-03,3.16,13,14600
697,14,19.0,2023-02-21,4.03,9,17500
698,14,35.0,2023-04-10,6.16,22,23700
699,14,23.0,2023-02-23,7.88,28,29100
700,14,170.0,2023-09-27,3.64,10,15400
701,14,32.0,2023-11-02,5.06,11,19700
702,14,165.0,2023-01-13,5.86,12,22800
703,14,108.0,2023-03-24,2.91,11,13400
704,14,70.0,2023-11-14,6.56,25,25000
705,14,154.0,2023-12-26,9.4,23,33000
706,14,19.0,2023-11-25,9.19,33,32300
707,14,195.0,2023-06-28,1.05,3,8200
708,14,20.0,2023-04-07,2.25,7,11400
709,14,5.0,2023-04-10,7.3,31,27000
710,14,105.0,2023-04-15,5.42,18,21500
711,14,170.0,2023-05-11,3.81,7,16000
712,14,85.0,2023-02-03,3.85,10,16700
713,14,11.0,2023-10-07,4.69,19,19100
714,14,9.0,2023-07-22,4.59,12,18700
715,14,48.0,2023-12-28,8.07,17,29200
716,14,171.0,2023-02-02,7.64,36,28000
717,14,29.0,2023-11-14,5.28,11,20500
718,14,153.0,2023-02-24,7.6,25,28000
719,14,169.0,2023-02-19,1.14,5,8200
720,14,171.0,2023-06-21,7.48,23,27200
721,14,27.0,2023-06-30,7.27,31,27300
722,14,58.0,2023-07-10,2.19,6,11400
723,14,,2023-09-16,3.63,8,15900
724,14,73.0,2023-04-21,9.95,21,34700
725,14,159.0,2023-08-11,3.42,12,15700
726,14,101.0,2023-11-29,9.75,34,33800
727,14,30.0,2023-02-28,8.93,28,31700
728,14,143.0,2023-06-04,1.22,3,8100
729,14,157.0,2023-04-30,3.39,8,14600
730,14,47.0,2023-04-29,8.61,40,30800
731,14,142.0,2023-03-23,2.96,7,13700
732,14,37.0,2023-12-09,2.09,6,11700
733,14,173.0,2023-04-01,3.76,10,16100
734,14,42.0,2023-09-15,5.65,26,21700
735,14,155.0,2023-01-13,1.7,5,10300
736,14,186.0,2023-12-04,5.99,29,23100
737,14,17.0,2023-02-05,2.69,7,12900
738,14,1.0,2023-01-14,7.68,26,28000
739,14,,2023-08-12,2.13,5,11500
740,14,99.0,2023-02-09,7.34,21,27200
741,14,51.0,2023-05-11,7.9,32,28500
742,14,187.0,2023-12-02,5.91,17,22300
743,14,189.0,2023-10-16,5.41,26,21700
744,14,67.0,2023-05-03,4.52,19,18300
745,14,4.0,2023-05-22,8.07,30,28900
746,14,121.0,2023-03-06,9.59,33,34000
747,14,178.0,2023-01-16,9.42,41,33100
748,14,127.0,2023-11-22,3.67,13,16500
749,14,42.0,2023-01-20,5.08,21,20100
750,14,124.0,2023-10-26,2.42,8,11700
751,14,,2023-08-09,7.41,17,27400
752,14,128.0,2023-10-22,1.33,5,9200
753,14,160.0,2023-03-12,4.37,17,18500
754,15,23.0,2023-09-21,7.59,28,27900
755,15,47.0,2023-11-16,6.24,20,23300
756,15,117.0,2023-07-05,1.03,4,8400
757,15,158.0,2023-02-11,2.07,8,10900
758,15,136.0,2023-11-29,8.8,18,31100
759,15,78.0,2023-12-28,1.38,3,9200
760,15,121.0,2023-09-01,6.93,19,25700
761,15,9.0,2023-12-19,9.52,45,33900
762,15,124.0,2023-10-17,9.25,31,33200
763,15,12.0,2023-11-01,6.23,27,23500
764,15,11.0,2023-08-15,2.84,11,14000
765,15,37.0,2023-05-24,7.01,20,25700
766,15,120.0,2023-07-12,5.95,29,23100
767,15,181.0,2023-11-11,9.74,41,34600
768,15,142.0,2023-03-15,6.07,22,22900
769,15,115.0,2023-09-27,6.83,26,25800
770,15,190.0,2023-02-02,6.28,13,23800
771,15,111.0,2023-06-20,7.53,18,27600
772,15,82.0,2023-10-05,2.93,10,14100
773,15,185.0,2023-02-20,8.79,28,31000
774,15,162.0,2023-12-25,4.82,22,19000
775,15,144.0,2023-06-16,8.04,29,29600
776,15,13.0,2023-01-24,3.03,12,14000
777,15,21.0,2023-02-02,2.97,6,13700
778,15,126.0,2023-10-17,5.4,13,20700
779,15,102.0,2023-03-21,6.95,29,25800
780,15,,2023-05-15,5.19,12,20100
781,15,37.0,2023-02-15,3.28,14,14800
782,15,45.0,2023-02-02,2.21,7,12100
783,15,59.0,2023-10-12,1.83,5,10100
784,15,30.0,2023-01-16,4.68,17,19100
785,15,56.0,2023-07-01,2.27,5,11400
786,15,76.0,2023-03-09,7.18,24,26900
787,15,20.0,2023-11-28,2.11,7,11200
788,15,176.0,2023-11-16,8.39,22,29600
789,15,171.0,2023-11-07,6.99,29,26000
790,15,53.0,2023-03-14,3.61,17,15400
791,15,66.0,2023-03-24,3.4,14,15100
792,15,78.0,2023-02-06,9.53,23,33100
793,15,83.0,2023-04-28,2.81,12,13300
794,15,154.0,2023-02-03,5.94,22,23100
795,15,160.0,2023-06-20,2.38,8,11800
796,15,82.0,2023-10-17,3.84,17,17000
797,15,186.0,2023-06-02,5.56,26,21600
798,15,97.0,2023-03-23,9.25,34,33200
799,15,48.0,2023-11-15,4.72,15,19400
800,15,65.0,2023-07-29,2.05,5,10700
801,15,64.0,2023-09-21,8.34,28,30500
802,15,168.0,2023-11-22,6.97,29,26100
803,15,109.0,2023-06-26,8.46,39,30500
804,15,3.0,2023-01-17,9.43,24,33300
805,15,75.0,2023-08-12,3.35,7,15000
806,15,125.0,2023-04-10,3.42,13,15000
807,15,102.0,2023-09-25,5.28,17,20400
808,15,96.0,2023-09-17,5.25,15,20900
809,15,140.0,2023-03-01,8.16,40,29100
810,15,56.0,2023-10-20,6.63,19,24300
811,15,91.0,2023-08-24,1.24,6,9100
812,15,,2023-08-20,2.83,7,13500
813,15,,2023-05-01,4.54,17,18400
814,15,98.0,2023-08-26,6.19,14,23600
815,15,56.0,2023-02-17,9.31,43,32700
816,15,115.0,2023-04-21,9.73,32,33600
817,15,22.0,2023-07-23,2.55,6,12500
818,15,133.0,2023-10-22,5.47,12,21100
819,15,,2023-11-20,1.73,7,10200
820,15,153.0,2023-04-07,8.71,33,30600
821,15,,2023-07-30,9.89,32,35100
822,15,69.0,2023-08-25,2.56,5,12200
823,15,23.0,2023-03-01,1.59,6,9600
824,15,94.0,2023-03-30,2.01,4,10500
825,15,75.0,2023-09-09,9.61,46,33300
826,15,175.0,2023-08-22,4.04,18,16900
827,15,72.0,2023-07-01,5.59,26,22100
828,15,114.0,2023-07-08,6.36,14,23600
829,15,72.0,2023-08-15,1.77,3,10100
830,15,193.0,2023-03-07,9.29,33,32400
831,16,25.0,2023-03-08,7.86,15,28000
832,16,,2023-11-14,4.19,12,17500
833,16,170.0,2023-02-20,6.13,20,23400
834,16,161.0,2023-07-19,6.98,25,26000
835,16,123.0,2023-04-24,7.01,30,26100
836,16,124.0,2023-07-25,2.06,6,11300
837,16,130.0,2023-02-03,9.52,32,33900
838,16,155.0,2023-09-29,9.73,45,33900
839,16,31.0,2024-01-01,3.38,11,15200
840,16,23.0,2023-07-18,1.93,6,10900
841,16,11.0,2023-06-30,1.51,4,9000
842,16,131.0,2023-08-23,6.61,30,24900
843,16,28.0,2023-06-18,9.97,27,34900
844,16,,2023-06-09,6.06,24,22600
845,16,57.0,2023-11-25,1.3,5,9200
846,16,4.0,2023-11-15,5.92,29,22400
847,16,101.0,2023-05-24,2.48,9,12000
848,16,153.0,2023-05-07,1.43,4,9600
849,16,95.0,2023-04-14,2.95,12,13400
850,16,125.0,2023-03-03,1.71,6,9600
851,16,45.0,2023-10-24,4.81,9,19500
852,16,,2023-12-05,8.33,26,29700
853,16,179.0,2023-06-26,1.31,3,8400
854,16,110.0,2023-12-25,7.91,29,28700
855,16,196.0,2023-01-04,4.99,22,20400
856,16,21.0,2023-08-10,8.2,22,29200
857,16,157.0,2023-09-29,5.69,26,22100
858,16,60.0,2023-05-01,6.89,24,25600
859,16,172.0,2023-08-20,9.86,48,34100
860,16,174.0,2023-08-05,3.35,7,14900
861,16,48.0,2023-10-20,7.89,16,28900
862,16,196.0,2023-10-03,2.32,7,12400
863,16,29.0,2023-06-01,3.58,16,15500
864,16,96.0,2023-06-04,9.25,29,32400
865,16,88.0,2023-08-16,8.93,35,31800
866,16,,2023-12-12,4.57,12,18200
867,16,23.0,2023-11-06,4.27,20,17800
868,16,55.0,2023-10-28,6.56,28,24200
869,16,,2023-03-15,5.38,22,21100
870,16,181.0,2023-02-23,8.09,27,29300
871,16,121.0,2023-06-16,8.32,31,30000
872,16,153.0,2023-12-31,6.85,17,25500
873,16,117.0,2023-11-11,2.67,11,12900
874,16,155.0,2023-10-01,5.24,24,20900
875,16,174.0,2023-07-30,7.1,30,25800
876,16,92.0,2023-04-08,3.54,8,15600
877,16,42.0,2023-08-02,8.03,22,29400
878,16,183.0,2023-10-06,7.79,29,27900
879,16,66.0,2023-05-11,1.43,7,9700
880,16,188.0,2023-08-21,2.74,12,13300
881,16,125.0,2023-07-10,2.23,8,11400
882,16,184.0,2023-07-25,9.8,37,34200
883,16,106.0,2023-12-09,5.68,15,21600
884,16,26.0,2023-12-16,9.68,26,33800
885,16,28.0,2023-06-14,6.81,25,25800
886,16,109.0,2023-08-10,5.19,19,20900
887,16,4.0,2023-06-14,6.49,26,24000
888,16,21.0,2023-03-04,1.76,4,10100
889,16,195.0,2023-10-28,6.74,16,25100
890,16,60.0,2023-12-27,5.41,16,21200
891,16,62.0,2023-01-27,2.88,7,13500
892,16,40.0,2023-05-26,1.59,5,9300
893,16,,2023-09-03,3.59,10,15500
894,16,87.0,2023-06-04,5.0,17,20000
895,16,27.0,2023-06-17,7.46,24,27400
896,16,161.0,2023-11-13,8.06,32,28800
897,17,126.0,2023-01-21,4.81,23,19500
898,17,109.0,2023-11-19,2.18,7,11200
899,17,75.0,2023-08-12,7.24,25,27100
900,17,40.0,2023-11-08,2.64,7,12600
901,17,35.0,2023-09-13,5.74,16,22600
902,17,193.0,2023-05-22,9.84,45,34400
903,17,105.0,2023-02-14,4.78,10,18900
904,17,189.0,2023-11-23,8.88,27,31300
905,17,23.0,2023-11-15,7.72,33,28100
906,17,45.0,2023-07-31,1.11,2,8400
907,17,164.0,2023-12-01,5.7,25,21700
908,17,48.0,2023-05-06,8.44,35,30200
909,17,8.0,2023-04-29,8.94,26,32200
910,17,135.0,2023-03-06,8.39,38,30300
911,17,92.0,2023-12-07,2.29,11,12000
912,17,136.0,2023-12-05,9.61,26,34300
913,17,,2023-10-25,7.75,24,28700
914,17,,2023-07-23,4.69,20,18900
915,17,2.0,2023-04-12,3.78,11,16500
916,17,18.0,2023-06-25,2.47,9,12500
917,17,137.0,2023-04-07,7.95,37,29300
918,17,47.0,2023-08-28,3.66,15,15800
919,17,176.0,2023-02-24,9.34,38,32900
920,17,138.0,2023-10-06,8.74,29,31000
921,17,88.0,2023-10-12,2.82,8,13400
922,17,197.0,2023-05-13,5.59,22,21400
923,17,126.0,2023-04-21,4.38,18,17600
924,17,12.0,2023-10-12,4.34,16,18500
925,17,142.0,2023-08-01,1.88,5,10800
926,18,181.0,2023-02-11,0.8,3,7900
927,18,128.0,2023-01-28,0.6,1,6900
928,18,100.0,2023-04-11,0.62,2,7100
929,18,18.0,2023-04-30,0.91,2,7800
930,18,179.0,2023-01-17,0.89,4,7300
931,18,18.0,2023-06-21,0.82,3,7500
932,18,175.0,2023-07-25,0.89,2,7300
933,18,106.0,2023-04-15,1.22,4,8600
934,18,60.0,2023-07-02,0.67,3,7300
935,18,176.0,2023-08-30,0.87,4,7500
936,18,71.0,2023-06-13,1.6,5,9600
937,18,11.0,2023-08-17,1.15,4,8700
938,18,3.0,2023-06-08,1.5,7,10000
939,18,6.0,2023-01-20,1.11,5,8200
940,18,98.0,2023-09-21,1.6,3,9300
941,18,22.0,2023-05-01,1.38,6,9200
942,18,86.0,2023-04-26,1.54,7,10100
943,18,40.0,2023-03-22,0.88,3,7500
944,18,98.0,2023-01-02,1.94,5,11200
945,18,172.0,2023-03-03,1.47,3,9500
946,18,100.0,2023-02-20,1.89,8,11000
947,18,,2023-12-07,1.06,4,7600
948,18,107.0,2023-06-30,1.66,7,9600
949,18,2.0,2023-01-17,0.66,3,7000
950,18,158.0,2023-09-02,1.56,6,9200
951,18,37.0,2023-06-23,1.08,3,8700
952,18,49.0,2023-10-08,1.85,5,10000
953,18,107.0,2023-06-29,1.65,6,10000
954,18,22.0,2023-06-25,0.99,3,7600
955,18,82.0,2023-05-12,0.74,1,6800
956,18,159.0,2023-11-14,1.85,7,10800
957,18,40.0,2023-10-12,1.97,4,10600
958,18,,2023-01-12,0.62,1,6500
959,18,186.0,2023-09-27,0.57,2,6900
960,18,190.0,2023-06-15,1.11,3,8000
961,18,94.0,2023-09-23,1.39,3,9400
962,18,55.0,2023-04-14,1.32,3,8400
963,18,62.0,2023-12-15,0.82,3,7000
964,18,29.0,2023-07-02,1.83,5,10900
965,18,75.0,2023-10-17,0.59,2,7200
966,18,41.0,2023-02-17,1.05,2,8100
967,18,178.0,2023-03-26,1.87,6,10200
968,18,126.0,2023-03-28,1.49,3,8900
969,18,92.0,2023-07-01,0.98,3,7900
970,18,196.0,2023-06-15,0.92,3,8200
971,18,19.0,2023-07-27,0.55,1,6700
972,18,68.0,2023-03-10,0.98,4,8400
973,18,136.0,2023-08-28,0.87,1,7900
974,18,151.0,2023-04-13,0.78,2,7500
975,18,,2023-08-22,1.89,5,10500
976,18,122.0,2023-03-24,0.6,1,7200
977,18,200.0,2023-01-05,1.77,3,10000
978,18,31.0,2023-12-04,1.87,5,11100
979,18,125.0,2023-04-18,1.25,3,8500
980,18,95.0,2023-03-10,1.13,4,8500
981,18,185.0,2023-01-31,1.44,5,9000
982,18,163.0,2023-06-27,1.08,2,8600
983,18,40.0,2023-04-26,1.9,7,10700
984,18,11.0,2023-05-21,1.4,6,9100
985,18,162.0,2023-04-25,1.42,4,9400
986,18,38.0,2023-09-26,1.62,5,10000
987,18,49.0,2023-08-19,1.92,7,10400
988,18,8.0,2023-07-27,1.6,3,9900
989,18,172.0,2023-01-19,0.59,1,6600
990,18,,2023-10-27,1.33,3,8900
991,18,198.0,2023-12-21,1.57,4,10200
992,18,153.0,2023-06-05,1.09,3,7800
993,18,112.0,2023-06-18,1.05,2,8000
994,18,,2023-03-07,1.48,5,9500
995,18,13.0,2023-05-30,1.9,9,10900
996,18,4.0,2023-05-28,1.35,3,8900
997,18,81.0,2023-09-24,1.52,5,10000
998,18,129.0,2023-12-13,1.39,4,9000
999,18,,2023-11-22,1.7,7,9900
1000,18,63.0,2023-10-12,1.9,5,11000
1001,18,,2023-01-09,1.26,5,8400
1002,18,182.0,2023-08-23,0.87,3,7300
1003,18,166.0,2023-07-17,1.06,5,8400
1004,18,77.0,2023-07-23,1.52,3,9200
1005,18,53.0,2023-06-07,1.99,9,11400
1006,18,9.0,2023-02-05,1.78,5,10600
1007,18,130.0,2023-05-17,0.65,2,6700
1008,18,148.0,2023-12-11,1.08,3,8500
1009,18,188.0,2023-10-28,1.41,4,9200
1010,18,83.0,2023-02-16,1.29,5,9300
1011,18,190.0,2023-08-06,0.81,3,7300
1012,18,19.0,2023-12-26,0.5,2,6400
1013,18,76.0,2023-09-13,1.14,5,8100
1014,18,,2023-01-26,0.73,1,7500
1015,18,136.0,2023-01-15,1.18,3,8700
1016,18,195.0,2023-09-17,1.67,5,10100
1017,18,29.0,2023-11-10,1.6,5,9800
1018,18,22.0,2023-11-06,1.35,2,9100
1019,18,24.0,2023-07-19,0.99,3,8300
1020,18,5.0,2023-07-13,1.69,6,10500
1021,18,151.0,2023-08-28,1.91,8,10500
1022,18,69.0,2023-02-03,1.16,2,8300
1023,19,165.0,2023-09-18,5.2,13,20800
1024,19,161.0,2023-08-23,7.82,37,28000
1025,19,56.0,2023-12-29,6.13,26,23300
1026,19,162.0,2023-08-18,3.85,15,16800
1027,19,63.0,2023-02-20,6.93,18,25400
1028,19,22.0,2023-02-17,6.61,32,24800
1029,19,84.0,2023-09-04,8.49,40,30200
1030,19,21.0,2023-07-10,3.76,15,16600
1031,19,7.0,2023-08-15,4.26,15,17800
1032,19,15.0,2023-07-31,7.02,29,26400
1033,19,127.0,2023-06-22,9.58,34,34100
1034,19,116.0,2023-10-19,4.13,9,17800
1035,19,121.0,2023-08-29,9.64,43,33600
1036,19,41.0,2023-12-01,5.36,15,21400
1037,19,171.0,2023-09-19,5.08,13,20600
1038,19,78.0,2023-11-15,1.7,4,9900
1039,19,29.0,2023-12-05,7.71,21,28200
1040,19,128.0,2023-12-13,8.98,39,32000
1041,19,47.0,2023-11-25,7.76,37,28500
1042,19,28.0,2023-10-20,7.11,16,25800
1043,19,86.0,2023-05-26,3.94,17,17300
1044,19,20.0,2023-08-16,2.97,12,13600
1045,19,124.0,2023-05-05,5.14,23,20300
1046,19,93.0,2023-11-28,1.37,2,8600
1047,19,133.0,2023-03-13,5.62,11,22200
1048,19,103.0,2023-08-31,9.77,20,34700
1049,19,129.0,2023-04-29,1.86,5,10700
1050,19,25.0,2023-09-10,6.61,26,25300
1051,20,132.0,2023-10-29,9.38,41,33000
1052,20,145.0,2023-07-11,2.46,6,11900
1053,20,138.0,2023-08-15,3.69,14,16000
1054,20,197.0,2023-11-26,3.9,14,16500
1055,20,,2023-06-29,9.2,25,32100
1056,20,199.0,2023-06-23,7.81,37,28500
1057,20,52.0,2023-08-04,3.01,11,13900
1058,20,30.0,2023-04-07,9.35,41,32600
1059,20,28.0,2023-09-12,3.24,13,15100
1060,20,160.0,2023-02-01,2.2,7,12000
1061,20,36.0,2023-07-15,1.46,7,9600
1062,20,85.0,2023-05-07,4.15,13,17300
1063,20,182.0,2023-01-06,1.29,6,8400
1064,20,27.0,2023-01-26,5.54,24,21100
1065,20,,2024-01-01,5.59,27,21500
1066,20,143.0,2023-09-13,8.23,25,29600
1067,20,169.0,2023-06-05,4.43,19,17800
1068,20,180.0,2023-07-01,5.71,23,21900
1069,20,61.0,2023-03-02,1.55,6,9700
1070,20,165.0,2023-12-21,3.53,13,15400
1071,20,34.0,2023-07-16,7.49,24,27000
1072,21,28.0,2023-12-27,6.53,21,24500
1073,21,,2023-08-01,1.26,6,8200
1074,21,127.0,2023-06-03,5.58,25,21400
1075,21,83.0,2023-10-13,4.7,14,19500
1076,21,85.0,2023-12-29,8.3,27,29700
1077,21,111.0,2023-03-11,3.94,11,16800
1078,21,163.0,2023-09-28,1.49,3,9300
1079,21,31.0,2023-01-12,4.58,14,18500
1080,21,200.0,2023-05-07,3.46,9,15400
1081,21,78.0,2023-05-10,7.68,23,27500
1082,21,123.0,2023-11-04,7.4,31,27400
1083,21,72.0,2023-12-03,3.78,14,15800
1084,21,,2023-04-09,6.41,30,23800
1085,21,8.0,2023-03-20,4.82,13,19200
1086,21,46.0,2023-12-15,6.57,16,25200
1087,21,177.0,2023-05-21,2.77,10,12900
1088,21,168.0,2023-05-30,4.67,15,18900
1089,21,64.0,2023-07-07,8.24,28,29500
1090,21,51.0,2023-10-18,3.52,16,15000
1091,21,15.0,2023-02-25,2.87,9,13900
1092,21,195.0,2023-07-26,1.71,4,10300
1093,21,138.0,2023-09-09,7.24,23,26600
1094,21,192.0,2023-09-21,8.5,31,30400
1095,21,86.0,2023-06-11,6.91,25,25900
1096,21,126.0,2023-12-13,9.4,31,33500
1097,21,69.0,2023-01-07,1.25,5,9000
1098,21,19.0,2023-08-04,8.16,27,28900
1099,21,41.0,2023-11-06,8.13,37,29500
1100,21,55.0,2023-08-03,8.86,23,31900
1101,21,151.0,2023-11-02,8.43,22,29900
1102,21,70.0,2023-04-23,6.13,20,23600
1103,21,40.0,2023-05-22,3.46,16,15400
1104,21,142.0,2023-01-05,1.47,6,9300
1105,21,55.0,2023-06-15,4.93,18,19400
1106,21,124.0,2023-07-27,9.92,47,34600
1107,21,123.0,2023-10-26,6.34,16,24100
1108,21,103.0,2023-06-12,1.77,6,10200
1109,21,167.0,2023-12-03,1.67,5,10200
1110,21,124.0,2023-09-24,6.89,32,25400
1111,21,26.0,2023-01-10,6.82,31,24900
1112,21,108.0,2023-10-23,8.88,23,31400
1113,21,126.0,2023-08-06,4.84,21,19000
1114,21,2.0,2023-02-21,1.73,6,9900
1115,21,116.0,2023-06-28,4.61,21,18500
1116,21,10.0,2023-02-06,3.62,13,15600
1117,21,46.0,2023-07-28,3.31,14,15200
1118,21,33.0,2023-02-23,7.23,19,27100
1119,21,109.0,2023-06-27,2.69,8,12500
1120,21,4.0,2023-03-22,8.83,28,31100
1121,21,36.0,2023-03-18,1.11,4,8700
1122,21,173.0,2023-07-30,3.27,8,15300
1123,21,158.0,2023-04-21,3.8,12,16000
1124,21,38.0,2023-01-11,2.07,5,11400
1125,21,,2023-01-29,3.77,8,16600
1126,21,40.0,2023-02-24,3.57,11,15400
1127,21,139.0,2023-03-28,6.59,25,24800
1128,21,18.0,2023-12-02,7.9,27,28800
1129,22,12.0,2023-09-30,7.25,27,27100
1130,22,,2023-04-03,8.33,38,29800
1131,22,87.0,2023-10-20,9.38,32,33600
1132,22,28.0,2023-05-15,1.75,3,10400
1133,22,14.0,2023-06-18,8.14,37,29200
1134,22,108.0,2023-03-18,3.32,14,15400
1135,22,177.0,2023-11-14,2.96,12,13500
1136,22,135.0,2023-04-12,1.01,5,8000
1137,22,57.0,2023-12-20,2.98,7,14200
1138,22,158.0,2023-09-25,1.82,3,9900
1139,22,25.0,2023-03-05,7.73,34,28500
1140,22,130.0,2023-06-13,9.66,31,33500
1141,22,46.0,2023-07-08,3.79,12,15900
1142,22,151.0,2023-07-23,1.76,4,10500
1143,22,88.0,2023-08-26,9.13,38,32000
1144,22,155.0,2023-11-28,6.37,21,24500
1145,22,191.0,2023-04-08,7.4,30,27700
1146,22,37.0,2023-08-18,6.01,20,23300
1147,22,48.0,2023-09-23,3.78,8,16700
1148,22,2.0,2023-09-29,1.72,4,9800
1149,22,,2023-02-25,7.18,34,26200
1150,22,194.0,2023-08-07,4.21,12,17600
1151,22,60.0,2023-10-27,5.2,15,20600
1152,22,71.0,2023-11-05,6.94,28,25900
1153,22,184.0,2023-02-02,1.25,5,9100
1154,22,192.0,2023-01-31,2.7,6,12700
1155,22,3.0,2023-01-09,8.71,17,31300
1156,22,52.0,2023-08-27,4.62,13,19300
1157,22,68.0,2023-11-15,5.32,13,20900
1158,22,45.0,2023-10-13,7.33,32,27200
1159,22,10.0,2023-07-18,9.12,30,32500
1160,22,55.0,2023-04-07,2.68,7,12700
1161,22,176.0,2023-01-03,2.34,7,11600
1162,22,,2023-08-18,8.38,37,29900
1163,22,11.0,2023-07-03,4.43,10,18200
1164,22,30.0,2023-03-14,9.03,28,32100
1165,22,85.0,2023-08-29,5.01,14,20300
1166,22,109.0,2023-09-08,4.29,17,17400
1167,22,62.0,2023-07-04,1.71,4,10300
1168,22,46.0,2023-02-22,6.22,14,23700
1169,22,35.0,2023-06-30,6.89,24,25100
1170,22,66.0,2023-05-28,3.72,9,15700
1171,22,153.0,2023-11-27,5.89,28,23000
1172,22,59.0,2023-03-29,5.93,12,22900
1173,22,142.0,2023-12-18,1.85,5,11000
1174,22,,2023-06-12,8.22,28,29700
1175,22,13.0,2023-04-03,4.25,20,17200
1176,22,1.0,2023-07-30,3.75,14,15800
1177,22,13.0,2023-06-17,7.1,25,26300
1178,22,95.0,2023-08-21,7.19,30,26800
1179,22,122.0,2023-11-26,4.56,12,18100
1180,22,85.0,2023-11-29,5.53,21,21000
1181,22,141.0,2023-12-05,2.12,10,11700
1182,22,,2023-09-24,1.93,3,10300
1183,22,151.0,2023-03-18,2.09,9,11700
1184,22,76.0,2023-03-31,5.43,11,21700
1185,22,52.0,2023-03-16,7.33,26,26700
1186,22,,2023-05-14,3.75,17,16200
1187,22,164.0,2023-04-09,7.13,26,26600
1188,22,165.0,2023-09-20,8.66,40,30500
1189,22,179.0,2023-07-11,2.78,7,13200
1190,22,99.0,2023-06-28,3.41,11,14900
1191,22,1.0,2023-10-27,9.63,26,33800
1192,22,157.0,2023-08-27,6.14,18,23600
1193,22,2.0,2023-11-23,2.37,6,12600
1194,22,174.0,2023-02-12,7.37,18,27400
1195,22,169.0,2023-04-13,1.43,3,9700
1196,22,86.0,2023-02-14,3.14,7,14700
1197,22,65.0,2023-09-13,8.07,25,29100
1198,22,25.0,2023-02-23,3.31,7,15400
1199,22,92.0,2023-01-27,3.16,13,14400
1200,22,190.0,2023-02-10,2.37,8,12200
1201,22,170.0,2023-10-29,3.26,16,14900
1202,22,164.0,2023-07-10,1.53,7,9600
1203,22,57.0,2023-02-14,7.48,20,27200
1204,22,113.0,2023-01-01,2.37,8,12500
1205,22,26.0,2023-06-06,3.38,13,14600
1206,22,107.0,2023-04-15,9.5,33,33000
1207,22,17.0,2023-12-08,8.38,28,29800
1208,23,135.0,2023-05-20,8.55,35,31100
1209,23,120.0,2023-11-16,9.04,20,31700
1210,23,,2023-07-02,4.89,18,19200
1211,23,119.0,2023-04-07,6.85,19,26000
1212,23,197.0,2023-05-22,3.53,14,15700
1213,23,77.0,2023-01-28,4.36,12,18400
1214,23,189.0,2023-04-12,4.14,17,17200
1215,23,178.0,2023-11-13,2.47,5,12900
1216,23,,2023-01-18,1.49,5,9800
1217,23,180.0,2023-05-03,9.7,27,34500
1218,23,34.0,2023-03-27,5.9,24,23000
1219,23,1.0,2023-04-13,7.26,21,26200
1220,23,198.0,2023-05-08,4.21,13,17400
1221,23,36.0,2023-09-29,3.73,16,15600
1222,23,188.0,2023-05-28,1.39,4,8700
1223,23,84.0,2023-09-17,8.11,19,29700
1224,23,191.0,2023-07-31,1.02,2,7700
1225,23,125.0,2023-06-08,1.14,5,8000
1226,23,184.0,2023-07-23,6.37,14,24500
1227,23,171.0,2023-12-01,4.84,11,19300
1228,23,171.0,2023-01-26,2.27,8,11900
1229,23,123.0,2023-05-27,8.88,18,32100
1230,23,88.0,2023-12-08,5.41,15,21500
1231,23,140.0,2023-06-09,2.06,10,10600
1232,23,115.0,2023-07-26,4.65,17,18500
1233,23,164.0,2023-04-26,2.51,9,12400
1234,23,87.0,2023-12-02,6.63,20,24700
1235,23,102.0,2023-04-22,7.24,27,26500
1236,23,156.0,2023-02-22,6.73,23,24800
1237,23,,2023-08-17,2.52,8,12400
1238,23,86.0,2023-06-08,6.41,26,24400
1239,23,22.0,2023-07-10,8.23,23,29200
1240,23,16.0,2023-02-02,6.2,29,23500
1241,23,172.0,2023-09-01,8.15,21,29400
1242,23,152.0,2023-01-06,2.6,6,12400
1243,23,147.0,2023-03-22,1.79,4,10800
1244,23,123.0,2023-05-26,1.84,8,10800
1245,23,6.0,2023-02-16,3.44,14,15500
1246,23,60.0,2023-06-22,8.77,29,31400
1247,23,88.0,2023-10-13,8.77,25,31000
1248,23,80.0,2023-08-14,7.6,20,27500
1249,23,132.0,2023-08-27,4.96,15,19500
1250,23,29.0,2023-10-09,9.64,35,34300
1251,23,126.0,2023-11-08,9.59,21,33500
1252,23,4.0,2023-03-07,1.07,4,8300
1253,23,154.0,2023-09-20,3.31,11,14900
1254,23,23.0,2023-11-11,7.37,30,26800
1255,23,,2023-04-08,5.97,24,23300
1256,23,175.0,2023-10-21,4.76,12,18700
1257,23,147.0,2023-09-24,1.08,3,8100
1258,23,102.0,2023-06-09,1.77,8,10400
1259,23,167.0,2023-01-25,6.3,25,23600
1260,23,148.0,2023-03-28,9.85,43,35000
1261,24,51.0,2023-07-12,9.69,34,34100
1262,24,43.0,2023-02-14,7.71,20,27900
1263,24,177.0,2023-10-12,1.3,5,8600
1264,24,179.0,2023-10-05,5.15,14,20500
1265,24,157.0,2023-01-16,2.4,6,11900
1266,24,123.0,2023-08-14,3.4,9,15600
1267,24,91.0,2023-07-18,8.65,31,31300
1268,24,184.0,2023-01-28,9.54,40,33600
1269,24,81.0,2023-12-13,1.98,6,10500
1270,24,147.0,2023-12-24,8.91,23,31200
1271,24,181.0,2023-11-03,9.36,30,32800
1272,24,11.0,2023-10-11,3.67,8,15500
1273,24,159.0,2023-03-21,3.3,10,14700
1274,24,169.0,2023-09-02,2.22,10,12100
1275,24,,2023-11-28,8.5,22,30800
1276,24,141.0,2023-03-25,4.02,10,16900
1277,24,50.0,2023-01-12,3.96,14,16800
1278,24,92.0,2023-08-06,6.1,17,23700
1279,24,198.0,2023-05-24,3.09,11,14600
1280,24,133.0,2023-04-09,5.28,16,20300
1281,24,41.0,2023-08-04,1.95,6,11200
1282,24,,2023-03-22,6.05,30,22900
1283,24,46.0,2023-03-31,8.67,38,30800
1284,24,133.0,2023-08-31,5.39,20,20700
1285,24,10.0,2023-08-12,3.61,15,16000
1286,24,68.0,2023-05-11,1.88,8,10400
1287,24,170.0,2023-10-24,6.25,17,24200
1288,25,184.0,2023-03-14,2.83,9,13600
1289,25,42.0,2023-03-10,1.16,2,8900
1290,25,145.0,2023-09-13,8.55,18,30500
1291,25,113.0,2023-07-18,9.0,28,32100
1292,25,110.0,2023-08-16,6.86,30,25800
1293,25,74.0,2023-02-24,3.2,6,14500
1294,25,74.0,2023-08-01,2.85,9,13400
1295,25,86.0,2023-06-14,5.83,25,22600
1296,25,,2023-05-17,3.98,10,16500
1297,25,99.0,2023-04-16,1.31,5,8500
1298,25,183.0,2023-12-18,6.5,22,24600
1299,25,189.0,2023-06-15,7.82,22,28000
1300,25,140.0,2023-02-25,4.53,16,18000
1301,25,193.0,2023-03-28,7.98,23,29300
1302,25,24.0,2023-11-18,1.05,5,8300
1303,25,13.0,2023-07-10,7.54,21,27500
1304,25,72.0,2023-07-21,1.46,5,9600
1305,25,75.0,2023-05-30,9.13,37,32100
1306,25,157.0,2023-02-11,5.82,26,22200
1307,25,45.0,2023-02-26,2.14,6,11000
1308,25,183.0,2023-04-29,6.45,21,24700
1309,25,170.0,2023-02-22,1.21,4,8100
1310,25,199.0,2023-09-07,7.27,16,27200
1311,25,118.0,2023-08-31,6.59,17,24300
1312,25,57.0,2023-11-08,7.18,23,26900
1313,25,60.0,2023-06-06,7.8,23,28900
1314,25,58.0,2023-03-24,1.11,4,8300
1315,25,36.0,2023-11-15,8.06,20,28800
1316,25,156.0,2023-06-10,6.31,19,24300
1317,25,108.0,2023-02-23,1.22,4,8700
1318,25,10.0,2023-04-24,9.3,31,32700
1319,25,90.0,2023-05-10,1.15,4,8400
1320,25,183.0,2023-02-02,9.24,19,32600
1321,25,94.0,2023-03-16,8.44,30,30500
1322,25,85.0,2023-08-21,8.21,20,29800
1323,25,108.0,2023-01-07,4.36,17,17800
1324,25,158.0,2023-12-06,1.28,4,9300
1325,25,115.0,2023-07-02,8.43,26,29900
1326,25,107.0,2023-04-19,7.44,17,27200
1327,25,43.0,2023-05-01,9.0,32,32500
1328,25,39.0,2023-09-06,7.36,17,27100
1329,25,62.0,2023-12-18,6.48,19,24400
1330,25,5.0,2023-02-20,2.73,11,12600
1331,25,55.0,2023-12-31,2.06,6,11200
1332,25,,2023-07-05,5.48,15,20900
1333,25,185.0,2023-12-25,2.54,6,12700
1334,25,200.0,2023-10-03,7.67,32,28300
1335,25,50.0,2023-03-18,7.91,34,28400
1336,25,,2023-01-02,6.72,22,25300
1337,25,143.0,2023-07-01,3.24,6,15100
1338,25,26.0,2023-01-12,1.98,6,10800
1339,25,84.0,2023-03-17,8.17,21,29600
1340,25,32.0,2023-03-25,4.63,22,19200
1341,25,14.0,2023-08-20,3.03,7,14100
1342,25,159.0,2023-07-05,6.49,20,24300
1343,25,86.0,2023-03-05,2.26,5,12000
1344,26,33.0,2023-06-22,2.66,10,12900
1345,26,56.0,2023-05-27,9.61,29,34100
1346,26,11.0,2023-06-21,3.61,16,16000
1347,26,42.0,2023-01-20,2.66,11,12700
1348,26,85.0,2023-05-21,6.1,18,23500
1349,26,117.0,2023-11-14,9.1,23,32300
1350,26,57.0,2023-03-31,2.61,8,13200
1351,26,92.0,2023-05-04,6.93,28,25500
1352,26,20.0,2023-01-16,4.91,21,19600
1353,26,78.0,2023-06-28,2.85,10,13500
1354,26,95.0,2023-01-31,4.42,11,17900
1355,26,28.0,2023-06-21,8.52,29,30700
1356,26,174.0,2023-08-11,9.14,23,32800
1357,26,48.0,2023-07-04,1.47,6,8900
1358,26,33.0,2023-07-11,5.73,25,21900
1359,26,172.0,2023-02-04,8.0,35,29500
1360,26,13.0,2023-01-08,2.96,8,14200
1361,26,43.0,2023-06-23,1.05,3,7600
1362,26,126.0,2023-03-30,7.45,29,27100
1363,26,143.0,2023-09-01,2.84,7,13100
1364,26,119.0,2023-07-02,5.54,20,21100
1365,26,14.0,2023-06-16,5.4,14,21400
1366,26,29.0,2023-01-07,7.49,18,27200
1367,26,3.0,2023-10-27,7.11,24,26800
1368,26,72.0,2023-12-30,8.62,30,30300
1369,26,171.0,2023-01-28,6.47,30,24800
1370,26,197.0,2023-08-29,2.78,9,13200
1371,26,143.0,2023-12-10,7.98,23,28400
1372,26,100.0,2023-05-31,4.16,20,17100
1373,26,68.0,2023-09-06,3.44,8,15300
1374,26,50.0,2023-07-07,3.38,15,15300
1375,26,144.0,2023-05-11,6.53,16,24500
1376,26,177.0,2023-09-17,7.11,27,25800
1377,26,129.0,2023-12-25,5.66,16,21600
1378,26,192.0,2023-01-12,9.12,22,32200
1379,26,93.0,2023-12-16,8.06,37,29400
1380,26,167.0,2023-04-28,3.37,13,15000
1381,26,77.0,2023-06-01,5.51,27,21700
1382,26,108.0,2023-12-24,7.91,27,28400
1383,26,170.0,2023-08-25,2.89,9,13800
1384,26,86.0,2023-10-07,2.12,8,11800
1385,26,171.0,2023-12-01,8.37,28,30100
1386,26,48.0,2023-08-21,7.64,35,27900
1387,26,62.0,2023-11-11,2.28,8,12100
1388,26,47.0,2023-05-15,3.92,9,16900
1389,26,24.0,2023-03-09,8.4,38,30600
1390,26,65.0,2023-11-06,1.9,9,11200
1391,26,71.0,2023-04-20,3.41,14,14800
1392,26,200.0,2023-06-13,2.01,5,11400
1393,26,59.0,2023-11-26,8.59,31,30900
1394,26,129.0,2023-10-21,2.73,12,13400
1395,26,16.0,2023-12-12,9.03,35,32500
1396,26,115.0,2023-04-06,3.73,11,15800
1397,26,123.0,2023-03-14,4.63,18,18400
1398,26,152.0,2023-07-23,4.07,12,17300
1399,26,54.0,2023-03-28,4.28,12,18300
1400,26,181.0,2023-12-18,5.25,14,20300
1401,26,152.0,2023-12-16,5.91,23,22300
1402,26,95.0,2023-09-19,9.89,26,34700
1403,26,50.0,2023-06-18,5.62,27,21300
1404,26,43.0,2023-05-30,7.28,35,26500
1405,26,70.0,2023-03-19,1.01,2,8400
1406,26,116.0,2023-02-24,4.63,16,19300
1407,26,14.0,2023-06-03,7.41,25,27200
1408,26,88.0,2023-10-15,2.0,7,10700
1409,26,67.0,2023-02-02,4.83,21,19900
1410,26,86.0,2023-01-20,1.86,7,10600
1411,26,33.0,2023-07-09,1.98,8,10400
1412,26,,2023-11-13,8.62,35,31300
1413,26,105.0,2023-11-09,8.35,25,29600
1414,27,153.0,2023-08-06,7.86,34,29000
1415,27,,2023-03-23,8.71,41,30600
1416,27,19.0,2023-10-14,6.53,16,24000
1417,27,,2023-09-16,9.58,44,33800
1418,27,100.0,2023-06-20,2.19,6,11600
1419,27,166.0,2023-11-01,7.39,19,27200
1420,27,99.0,2023-04-30,9.61,37,33400
1421,27,170.0,2023-07-09,7.65,36,28300
1422,27,71.0,2023-10-23,5.83,15,22500
1423,27,145.0,2023-05-01,7.72,29,28600
1424,27,72.0,2023-07-15,6.68,29,24900
1425,27,108.0,2023-02-03,6.69,16,25300
1426,27,55.0,2023-04-13,8.08,27,28800
1427,27,182.0,2023-11-01,5.27,20,21200
1428,27,133.0,2023-03-17,7.22,32,26700
1429,27,175.0,2023-06-20,6.84,16,26000
1430,27,124.0,2023-06-29,1.11,2,8500
1431,27,15.0,2023-01-29,6.88,21,25300
1432,27,174.0,2023-02-16,2.67,7,13300
1433,27,95.0,2023-12-16,1.29,4,8700
1434,27,38.0,2023-02-13,3.23,11,14100
1435,27,86.0,2023-10-26,6.59,30,25100
1436,27,135.0,2023-02-15,6.3,21,23600
1437,27,28.0,2023-12-23,1.75,8,10200
1438,27,110.0,2023-04-08,8.28,30,30000
1439,27,10.0,2023-04-22,2.53,5,12200
1440,27,171.0,2023-08-08,9.42,30,33600
1441,27,28.0,2023-02-26,8.7,40,31400
1442,27,51.0,2023-11-29,1.96,6,11200
1443,27,138.0,2023-02-15,8.36,24,30200
1444,27,189.0,2023-06-01,5.63,27,21600
1445,27,145.0,2023-10-19,6.33,26,23600
1446,27,182.0,2023-06-09,4.49,18,18700
1447,27,80.0,2023-09-29,1.37,3,9300
1448,27,141.0,2023-05-12,3.53,9,16000
1449,27,193.0,2023-04-29,8.75,37,31200
1450,27,105.0,2023-01-10,1.68,5,10300
1451,27,134.0,2023-03-16,4.42,16,18200
1452,27,105.0,2023-04-21,4.89,18,19600
1453,27,137.0,2023-05-16,6.8,18,25700
1454,27,3.0,2023-02-26,5.4,13,21300
1455,27,108.0,2023-11-20,4.74,17,18900
1456,27,104.0,2023-07-27,8.59,39,30300
1457,27,48.0,2023-09-26,5.33,16,20500
1458,27,22.0,2023-11-05,1.51,5,9600
1459,27,146.0,2023-02-24,3.54,9,15500
1460,27,102.0,2023-03-23,4.98,10,20000
1461,27,63.0,2023-08-01,1.08,2,7900
1462,27,107.0,2023-01-15,3.95,13,17100
1463,27,6.0,2023-03-09,2.11,7,11200
1464,27,112.0,2023-09-24,3.65,14,16400
1465,27,51.0,2023-06-14,2.99,6,14000
1466,27,74.0,2023-11-17,6.84,28,25700
1467,27,127.0,2023-01-02,6.8,33,25300
1468,27,177.0,2023-11-20,5.83,20,22800
1469,27,38.0,2023-02-16,5.26,17,20600
1470,27,71.0,2023-10-25,5.26,23,20500
1471,27,190.0,2023-05-18,7.97,39,28500
1472,27,180.0,2023-12-01,5.88,17,22800
1473,27,196.0,2023-12-07,5.98,23,22500
1474,27,50.0,2023-06-30,1.1,4,8100
1475,27,188.0,2023-11-25,6.12,22,23600
1476,27,96.0,2023-04-01,1.31,3,9200
1477,28,18.0,2023-09-08,4.66,14,18900
1478,28,,2023-03-05,9.7,29,34400
1479,28,103.0,2023-12-11,7.5,19,27000
1480,28,129.0,2023-08-09,9.89,34,34600
1481,28,111.0,2023-06-16,2.2,7,11600
1482,28,75.0,2023-01-14,7.59,22,27300
1483,28,134.0,2023-05-22,1.69,7,9500
1484,28,109.0,2023-09-24,6.95,20,26300
1485,28,9.0,2023-06-07,8.13,19,29600
1486,28,152.0,2023-04-20,2.41,6,11900
1487,28,119.0,2023-08-02,4.84,15,20000
1488,28,181.0,2023-08-12,3.92,10,16400
1489,28,157.0,2023-01-19,5.54,26,21200
1490,28,3.0,2023-08-21,9.34,33,32800
1491,28,167.0,2023-10-02,6.3,28,23400
1492,28,194.0,2023-01-18,4.21,13,17300
1493,28,94.0,2023-09-13,6.38,31,23700
1494,28,197.0,2023-10-15,1.1,3,8700
1495,28,97.0,2023-11-29,1.21,5,8600
1496,28,37.0,2023-08-04,3.46,16,15000
1497,28,135.0,2023-03-19,2.26,8,11300
1498,28,22.0,2023-09-12,1.44,3,9700
1499,28,19.0,2023-02-27,2.2,6,11500
1500,28,138.0,2023-03-09,1.6,7,9300
1501,28,99.0,2023-01-28,2.92,10,14100
1502,28,137.0,2023-03-23,3.26,7,15000
1503,28,114.0,2023-07-31,2.46,5,12600
1504,28,68.0,2023-04-13,4.37,19,17900
1505,28,49.0,2023-10-02,8.4,23,29800
1506,28,170.0,2023-05-31,6.87,26,26100
1507,28,113.0,2023-08-05,1.07,2,8300
1508,28,54.0,2023-06-18,1.18,4,8700
1509,28,14.0,2023-11-30,4.96,15,20100
1510,28,93.0,2023-11-08,6.8,26,25500
1511,28,84.0,2023-11-25,8.88,35,32100
1512,28,58.0,2023-03-25,1.31,6,9200
1513,28,8.0,2023-04-24,5.5,24,21300
1514,28,51.0,2023-03-22,6.64,15,25400
1515,28,169.0,2023-01-16,4.4,18,17800
1516,28,73.0,2023-11-18,7.47,37,27000
1517,28,100.0,2023-04-04,6.56,32,24500
1518,28,167.0,2023-06-07,8.25,17,29300
1519,28,,2023-10-24,5.49,11,21300
1520,28,149.0,2023-11-25,8.3,27,29600
1521,28,86.0,2023-02-22,5.41,25,21200
1522,28,121.0,2023-01-04,3.32,14,14500
1523,28,3.0,2023-07-01,6.86,21,25400
1524,28,140.0,2023-10-13,2.64,10,13200
1525,28,158.0,2023-10-08,7.84,22,28400
1526,28,129.0,2023-08-12,1.17,5,8300
1527,28,177.0,2023-01-16,1.72,5,9800
1528,29,140.0,2023-04-04,3.39,7,15200
1529,29,94.0,2023-08-26,5.9,11,22400
1530,29,164.0,2023-08-14,2.05,9,11100
1531,29,123.0,2023-07-31,1.73,4,10300
1532,29,197.0,2023-01-25,7.47,15,27100
1533,29,60.0,2023-05-24,7.8,18,28900
1534,29,55.0,2023-11-28,2.31,5,11400
1535,29,139.0,2023-12-16,9.12,37,32500
1536,29,185.0,2023-08-19,7.85,23,28800
1537,29,114.0,2023-12-01,6.1,18,23400
1538,29,71.0,2023-01-15,4.46,15,18700
1539,29,6.0,2023-05-01,9.79,48,34400
1540,29,160.0,2023-01-13,8.9,41,32200
1541,29,185.0,2023-06-13,9.85,26,34100
1542,29,83.0,2023-06-04,7.68,21,28500
1543,29,194.0,2023-05-23,8.32,34,29500
1544,29,176.0,2023-03-03,1.07,4,8600
1545,29,,2023-10-04,6.26,12,24000
1546,29,4.0,2023-08-11,2.69,7,12800
1547,29,164.0,2023-11-06,2.68,12,13100
1548,29,58.0,2023-01-12,3.31,13,15100
1549,29,73.0,2023-12-27,4.76,14,19100
1550,29,150.0,2023-05-15,1.85,3,10100
1551,29,175.0,2023-03-11,8.39,35,30100
1552,29,186.0,2023-08-27,8.15,16,29300
1553,29,197.0,2023-06-03,8.98,35,32100
1554,29,101.0,2023-08-13,7.03,19,25500
1555,29,,2023-01-01,5.05,24,20100
1556,29,142.0,2023-07-30,7.14,27,25900
1557,29,49.0,2023-05-07,3.87,9,16800
1558,29,167.0,2023-06-24,2.4,9,11700
1559,29,27.0,2023-07-27,2.64,5,12500
1560,29,133.0,2023-01-09,3.45,13,14900
1561,29,171.0,2023-11-17,8.78,31,31100
1562,29,22.0,2023-01-28,8.4,33,30600
1563,29,171.0,2023-06-05,9.88,35,35000
1564,29,158.0,2023-04-04,4.24,14,17800
1565,29,,2023-11-01,9.67,25,33900
1566,29,171.0,2023-12-19,6.15,12,23200
1567,29,167.0,2023-08-24,6.04,16,22800
1568,29,194.0,2023-12-04,6.56,21,24700
1569,29,20.0,2023-07-22,9.65,44,33800
1570,29,88.0,2023-04-08,1.12,4,8300
1571,29,165.0,2023-10-26,7.66,31,27800
1572,29,183.0,2023-07-13,2.71,9,13200
1573,29,190.0,2023-05-21,9.16,39,32700
1574,29,185.0,2023-03-17,8.78,30,31800
1575,29,142.0,2023-06-02,3.91,18,17100
1576,29,,2023-10-16,7.8,18,28600
1577,29,73.0,2023-01-09,4.31,15,18000
1578,29,94.0,2023-02-13,2.52,7,12400
1579,29,6.0,2023-09-08,8.78,42,30800
1580,29,110.0,2023-04-30,7.13,28,26300
1581,29,78.0,2023-07-07,3.16,13,14000
1582,29,5.0,2023-12-21,4.79,23,19600
1583,29,124.0,2023-11-04,6.28,21,24300
1584,29,195.0,2023-08-09,1.84,7,10900
1585,29,,2023-02-04,1.71,4,10000
1586,30,8.0,2023-11-16,1.16,2,8300
1587,30,,2023-02-20,3.49,12,15500
1588,30,84.0,2023-01-22,9.54,47,33100
1589,30,98.0,2023-08-29,1.78,3,9900
1590,30,84.0,2023-12-17,1.92,5,10300
1591,30,187.0,2023-07-20,9.64,37,34100
1592,30,38.0,2023-02-22,4.23,15,17200
1593,30,47.0,2023-08-06,7.88,35,28400
1594,30,73.0,2023-09-02,5.77,11,22100
1595,30,179.0,2023-05-31,9.28,24,33300
1596,30,14.0,2023-07-08,3.93,17,16700
1597,30,84.0,2023-03-12,2.8,13,13700
1598,30,,2023-03-07,7.83,20,28700
1599,30,4.0,2023-07-21,1.85,6,10600
1600,30,77.0,2023-03-04,3.13,8,14100
1601,30,95.0,2023-06-08,9.31,45,33400
1602,30,69.0,2023-05-19,1.44,7,9300
1603,30,59.0,2023-02-12,3.68,7,16000
1604,30,181.0,2023-09-12,4.11,15,17200
1605,30,158.0,2023-08-20,9.75,35,34000
1606,30,14.0,2023-02-19,6.75,29,25200
1607,30,138.0,2023-05-06,6.9,26,25600
1608,30,153.0,2023-07-09,8.15,37,29100
1609,30,179.0,2023-04-03,2.83,9,13700
1610,30,133.0,2023-09-02,5.21,19,20400
1611,30,55.0,2023-05-23,5.48,24,21500
1612,30,55.0,2023-09-27,9.28,45,32800
1613,30,129.0,2023-11-19,5.96,20,23000
1614,30,67.0,2023-09-10,4.78,19,19200
1615,30,184.0,2023-03-27,4.48,16,18200
1616,30,13.0,2023-04-20,2.18,8,11000
1617,30,157.0,2023-08-18,6.26,18,23300
1618,30,130.0,2023-04-27,1.45,4,9300
1619,30,66.0,2023-08-07,1.77,8,10200
1620,30,12.0,2023-09-18,1.84,8,11000
1621,31,133.0,2023-08-07,4.48,11,18800
1622,31,199.0,2023-07-22,2.77,9,12900
1623,31,62.0,2023-10-09,9.14,36,32300
1624,31,158.0,2023-12-04,4.85,17,19500
1625,31,100.0,2023-01-02,4.53,19,18100
1626,31,95.0,2023-09-13,1.41,3,8700
1627,31,80.0,2023-10-07,7.91,22,29100
1628,31,158.0,2023-05-22,2.02,4,11000
1629,31,9.0,2023-06-25,9.49,42,33400
1630,31,7.0,2023-10-28,6.41,28,23900
1631,31,115.0,2023-10-04,3.23,9,14100
1632,31,153.0,2023-07-23,8.81,44,31200
1633,31,41.0,2023-12-14,2.43,11,11800
1634,31,12.0,2023-04-24,9.11,39,32100
1635,31,7.0,2023-05-01,4.5,13,18800
1636,31,79.0,2023-07-08,5.05,17,20000
1637,31,168.0,2023-06-18,5.43,21,21600
1638,31,50.0,2023-04-27,9.59,41,33400
1639,31,112.0,2023-11-17,7.33,21,27000
1640,31,41.0,2023-10-15,7.35,25,27100
1641,31,196.0,2023-10-11,3.87,14,16600
1642,31,67.0,2023-11-11,1.01,3,8100
1643,31,133.0,2023-03-22,9.11,41,32000
1644,31,97.0,2023-06-01,5.21,24,20100
1645,31,9.0,2023-12-14,9.56,40,33500
1646,31,198.0,2023-11-23,2.66,10,12800
1647,31,20.0,2023-10-01,1.32,4,8800
1648,31,198.0,2023-12-31,3.54,11,15100
1649,31,117.0,2023-01-09,7.51,32,27500
1650,31,74.0,2023-02-10,9.29,46,32300
1651,31,168.0,2023-03-18,3.23,8,14600
1652,31,55.0,2023-10-12,1.05,4,7700
1653,31,37.0,2023-08-27,2.51,8,12800
1654,31,76.0,2023-03-13,2.15,5,11600
1655,31,46.0,2023-05-13,7.9,26,28900
1656,31,182.0,2023-07-20,9.11,38,32000
1657,31,10.0,2023-10-11,1.2,5,8100
1658,31,44.0,2023-10-03,5.73,23,22100
1659,31,116.0,2023-02-05,3.66,16,16300
1660,31,76.0,2023-10-10,5.16,12,20000
1661,31,110.0,2023-10-11,1.75,3,10300
1662,31,60.0,2023-07-20,3.15,11,14200
1663,31,63.0,2023-12-13,6.85,25,25000
1664,31,44.0,2023-02-19,4.35,18,17700
1665,31,55.0,2023-06-26,3.25,16,15100
1666,31,,2023-03-16,5.67,25,22100
1667,31,113.0,2023-01-11,2.47,8,12400
1668,31,157.0,2023-11-25,6.69,19,25300
1669,31,40.0,2023-08-10,4.77,12,19200
1670,31,181.0,2023-08-05,2.49,6,11900
1671,31,,2023-08-07,7.62,32,28300
1672,31,34.0,2023-01-08,1.95,4,10600
1673,31,5.0,2023-12-09,8.25,20,30100
1674,31,78.0,2023-10-27,4.06,8,17500
1675,31,81.0,2023-10-30,9.86,40,34700
1676,31,34.0,2023-03-29,1.69,4,9500
1677,31,88.0,2023-03-28,9.96,32,35300
1678,31,137.0,2023-12-24,7.71,30,28200
1679,31,131.0,2023-05-20,7.11,19,26700
1680,31,83.0,2023-08-15,9.76,43,34200
1681,31,22.0,2023-03-07,6.73,32,25400
1682,31,103.0,2023-09-11,8.68,25,31200
1683,31,164.0,2023-06-25,5.02,18,19800
1684,31,190.0,2023-11-25,9.67,31,34100
1685,31,83.0,2023-08-08,2.98,13,13800
1686,31,72.0,2023-04-16,3.94,13,16700
1687,31,161.0,2023-07-08,1.12,3,8800
1688,31,177.0,2023-03-18,3.21,12,15100
1689,31,133.0,2023-08-14,8.89,31,31500
1690,31,48.0,2023-04-03,1.58,6,9900
1691,32,56.0,2023-11-23,1.11,4,8300
1692,32,9.0,2024-01-01,6.57,30,25100
1693,32,199.0,2023-03-30,2.73,9,12600
1694,32,200.0,2023-10-05,6.12,19,23500
1695,32,,2023-04-30,6.48,13,24700
1696,32,122.0,2023-11-10,6.88,33,25400
1697,32,89.0,2023-05-13,3.83,18,16200
1698,32,120.0,2023-05-16,8.91,42,31700
1699,32,155.0,2023-07-01,5.6,26,22300
1700,32,38.0,2023-02-12,3.04,10,13700
1701,32,88.0,2023-12-31,8.06,24,28900
1702,32,83.0,2023-11-04,6.76,28,25500
1703,32,85.0,2023-05-13,8.89,41,31700
1704,32,79.0,2023-09-17,3.8,9,16600
1705,32,150.0,2023-08-10,2.0,8,10500
1706,32,,2023-06-25,1.73,5,10300
1707,32,19.0,2023-09-18,2.65,9,13400
1708,32,31.0,2023-09-07,2.3,11,11300
1709,32,31.0,2023-01-05,4.06,11,17400
1710,32,10.0,2023-12-18,5.08,11,20000
1711,32,3.0,2023-02-21,7.36,25,27200
1712,32,96.0,2023-01-14,1.3,5,8800
1713,32,35.0,2023-03-31,6.26,17,23200
1714,32,126.0,2023-12-28,5.24,16,20500
1715,32,90.0,2023-12-15,3.28,8,14600
1716,32,31.0,2023-05-20,6.03,14,23000
1717,32,78.0,2023-02-20,5.78,14,22600
1718,32,,2023-09-27,2.71,8,12700
1719,32,63.0,2023-11-06,5.95,12,23100
1720,32,143.0,2023-10-22,5.98,19,23300
1721,32,22.0,2023-11-04,5.68,18,22200
1722,32,21.0,2023-08-27,1.08,5,8500
1723,32,110.0,2023-01-02,8.05,34,29300
1724,32,7.0,2023-08-30,5.18,12,20500
1725,32,21.0,2023-11-28,8.25,21,30000
1726,32,174.0,2023-01-23,2.76,6,13600
1727,32,122.0,2023-12-01,7.01,16,26400
1728,32,33.0,2023-04-15,9.69,27,34000
1729,32,85.0,2023-08-18,1.84,9,10900
1730,32,167.0,2023-07-12,4.49,13,18600
1731,32,159.0,2023-07-01,8.24,24,29500
1732,32,41.0,2023-06-03,3.65,11,15500
1733,32,124.0,2023-10-05,6.94,26,25300
1734,32,76.0,2023-02-22,7.8,21,28500
1735,32,120.0,2023-05-11,8.38,31,30400
1736,32,146.0,2023-03-02,3.84,11,16500
1737,32,117.0,2023-07-13,3.7,14,16600
1738,32,22.0,2023-08-28,1.91,9,10400
1739,32,46.0,2023-10-29,2.56,5,13000
1740,32,49.0,2023-09-19,4.91,14,19400
1741,32,172.0,2023-02-05,3.44,15,15300
1742,32,81.0,2023-06-11,1.73,5,10300
1743,32,14.0,2023-11-15,8.87,22,31200
1744,32,111.0,2023-11-07,2.79,13,13300
1745,32,79.0,2023-10-04,5.76,26,22200
1746,32,96.0,2023-04-03,9.48,34,33700
1747,32,61.0,2023-07-06,3.21,8,14100
1748,32,17.0,2023-02-02,4.1,14,16900
1749,32,134.0,2023-03-11,9.28,23,33100
1750,32,100.0,2023-10-19,2.94,9,13400
1751,32,186.0,2023-08-16,1.1,2,8600
1752,32,198.0,2023-11-18,1.66,4,10100
1753,32,106.0,2023-02-02,2.71,10,12800
1754,32,31.0,2023-09-27,3.04,13,14000
1755,32,85.0,2023-10-27,2.4,6,11900
1756,32,62.0,2023-02-26,6.53,23,24900
1757,32,148.0,2023-01-25,3.25,8,14700
1758,32,118.0,2023-01-12,6.33,22,23800
1759,33,197.0,2023-10-15,1.71,6,10300
1760,33,96.0,2023-11-21,3.1,9,14800
1761,33,189.0,2023-04-13,1.79,6,10700
1762,33,171.0,2023-04-16,7.27,35,26300
1763,33,39.0,2023-06-14,3.33,9,14700
1764,33,22.0,2023-12-23,8.33,40,29400
1765,33,86.0,2023-02-17,2.72,12,13600
1766,33,7.0,2023-10-26,4.78,10,18900
1767,33,168.0,2023-06-28,8.36,25,30300
1768,33,149.0,2023-04-20,4.38,20,18200
1769,33,,2023-01-01,6.69,15,24700
1770,33,63.0,2023-04-21,9.66,40,34200
1771,33,121.0,2023-09-02,9.43,20,32800
1772,33,133.0,2023-03-28,5.55,20,22000
1773,33,173.0,2023-09-07,5.62,28,22000
1774,33,38.0,2023-12-06,8.25,19,29800
1775,33,159.0,2023-08-07,8.64,40,31000
1776,33,46.0,2023-08-01,5.49,25,21000
1777,33,188.0,2023-08-10,1.6,7,9500
1778,33,179.0,2023-01-05,8.46,27,30800
1779,33,173.0,2023-01-10,6.85,25,25800
1780,33,1.0,2023-07-09,2.77,10,13800
1781,33,134.0,2023-01-01,9.93,22,34600
1782,33,101.0,2023-11-17,4.86,14,19500
1783,33,21.0,2023-01-09,9.75,22,34200
1784,33,56.0,2023-06-19,6.54,18,25000
1785,33,190.0,2023-06-14,7.38,27,27200
1786,33,110.0,2023-06-06,9.48,25,33700
1787,33,,2023-05-11,8.02,32,29200
1788,33,154.0,2023-08-13,1.57,7,9600
1789,33,69.0,2023-10-07,6.57,30,25100
1790,33,52.0,2023-05-24,4.17,8,17400
1791,33,51.0,2023-04-23,8.54,19,30200
1792,33,117.0,2023-07-24,6.6,14,25100
1793,33,52.0,2023-05-04,4.13,13,17200
1794,33,95.0,2023-05-02,3.15,8,14100
1795,33,98.0,2023-01-22,4.47,21,18000
1796,33,46.0,2023-05-11,6.53,21,24900
1797,33,133.0,2023-10-27,9.29,26,33100
1798,33,189.0,2023-10-03,2.3,6,12300
1799,33,176.0,2023-02-11,6.43,18,24600
1800,33,19.0,2023-07-09,4.29,10,17800
1801,33,109.0,2023-02-22,9.45,32,33800
1802,33,110.0,2023-11-24,9.86,22,35000
1803,34,22.0,2023-10-11,9.43,36,33200
1804,34,92.0,2023-07-11,2.99,9,13400
1805,34,29.0,2023-04-17,7.1,29,25800
1806,34,39.0,2023-09-11,6.62,21,24400
1807,34,155.0,2023-09-08,3.13,7,14200
1808,34,106.0,2023-06-02,3.88,18,16500
1809,34,147.0,2023-12-14,5.46,11,21200
1810,34,172.0,2023-12-27,2.02,4,11300
1811,34,145.0,2023-07-23,8.62,21,30400
1812,34,179.0,2023-06-03,9.46,34,33200
1813,34,19.0,2023-07-03,2.26,10,11500
1814,34,27.0,2023-05-25,2.2,5,12100
1815,34,88.0,2023-01-17,1.87,7,10600
1816,34,129.0,2023-05-01,1.17,5,8700
1817,34,174.0,2023-03-20,6.23,28,23800
1818,34,72.0,2023-01-22,6.82,18,25100
1819,34,39.0,2023-06-22,8.93,26,32200
1820,34,65.0,2023-12-27,4.87,16,20100
1821,34,146.0,2023-03-18,3.16,11,14700
1822,34,173.0,2023-10-04,7.0,18,26000
1823,34,148.0,2023-11-04,2.12,8,11800
1824,34,36.0,2023-03-01,9.5,25,33600
1825,34,,2023-01-21,1.71,3,10500
1826,34,198.0,2023-04-16,4.25,19,18200
1827,34,89.0,2023-03-31,3.75,11,16600
1828,34,,2023-12-15,4.12,16,17200
1829,34,45.0,2023-12-01,8.49,26,30300
1830,34,188.0,2023-11-21,6.37,29,24200
1831,34,11.0,2023-06-25,8.23,16,29200
1832,34,176.0,2023-10-26,3.72,11,15900
1833,34,,2023-06-22,8.2,20,29200
1834,34,17.0,2023-12-27,9.19,30,32700
1835,34,108.0,2023-06-03,6.87,29,25600
1836,34,8.0,2023-01-04,7.84,16,28200
1837,34,41.0,2023-01-23,1.38,4,9600
1838,34,90.0,2023-06-22,3.93,17,16900
1839,34,,2023-11-19,3.94,16,16400
1840,34,165.0,2023-11-08,4.34,19,18300
1841,34,117.0,2023-02-16,3.32,14,15400
1842,34,139.0,2023-01-22,7.47,32,27100
1843,35,138.0,2023-06-19,9.44,25,33000
1844,35,40.0,2023-11-05,6.9,20,25500
1845,35,128.0,2023-11-11,5.78,27,22500
1846,35,72.0,2023-01-30,4.17,20,17600
1847,35,14.0,2023-01-06,2.13,9,11500
1848,35,29.0,2023-08-01,4.79,9,19500
1849,35,66.0,2023-10-01,7.81,37,28500
1850,35,15.0,2023-09-22,3.29,13,14300
1851,35,195.0,2023-06-02,9.22,23,32200
1852,35,105.0,2023-11-10,5.05,15,19900
1853,35,148.0,2023-07-22,7.22,33,26900
1854,35,194.0,2023-03-14,6.72,24,25500
1855,35,59.0,2023-06-11,3.45,17,14900
1856,35,123.0,2023-12-12,5.57,13,21300
1857,35,196.0,2023-03-14,4.43,15,17900
1858,35,96.0,2023-11-10,4.09,19,17600
1859,35,158.0,2023-04-09,1.09,4,8500
1860,35,59.0,2023-07-11,3.16,12,14400
1861,35,153.0,2023-01-07,7.73,19,27900
1862,35,86.0,2023-01-21,9.47,37,33500
1863,35,176.0,2023-10-11,7.28,30,27000
1864,35,191.0,2023-09-27,2.69,7,12800
1865,35,40.0,2023-01-05,5.93,29,22600
1866,35,152.0,2023-02-19,5.91,22,22900
1867,35,147.0,2023-08-05,4.36,20,18300
1868,35,88.0,2023-09-01,7.44,27,26800
1869,35,158.0,2023-12-26,5.65,13,22100
1870,35,35.0,2023-01-19,1.51,5,9300
1871,35,125.0,2023-01-16,4.01,8,16500
1872,35,9.0,2023-12-09,6.71,28,24700
1873,35,57.0,2023-04-28,2.45,7,12600
1874,35,70.0,2023-02-27,4.09,18,17200
1875,35,16.0,2023-05-26,6.73,30,25600
1876,35,87.0,2023-05-18,6.94,20,25600
1877,35,67.0,2023-01-29,9.43,45,33000
1878,35,96.0,2023-09-12,1.66,6,10100
1879,35,65.0,2023-09-11,5.34,22,21100
1880,35,85.0,2023-01-15,3.86,18,16100
1881,35,96.0,2023-04-14,4.04,11,16800
1882,35,162.0,2023-12-31,6.29,18,23800
1883,35,46.0,2023-10-09,4.99,20,20400
1884,35,,2023-02-23,5.53,20,21300
1885,35,156.0,2023-08-24,7.32,22,27000
1886,35,,2023-10-06,3.32,10,14900
1887,35,94.0,2023-08-16,4.56,19,18900
1888,35,82.0,2023-02-01,1.21,5,8300
1889,35,63.0,2023-11-30,6.26,15,24000
1890,35,117.0,2023-12-05,3.65,16,16000
1891,35,112.0,2023-07-20,6.01,28,22800
1892,35,,2023-08-09,2.37,5,11700
1893,35,4.0,2023-11-13,1.91,4,10500
1894,35,186.0,2023-08-06,6.6,19,25000
1895,35,85.0,2023-12-10,1.78,8,10200
1896,35,117.0,2023-11-10,9.03,30,32500
1897,35,131.0,2023-09-02,5.65,18,22400
1898,35,26.0,2023-07-22,4.27,13,17300
1899,35,167.0,2023-12-26,6.83,16,25200
1900,35,114.0,2023-01-14,7.57,33,27600
1901,35,184.0,2023-11-09,9.61,36,33400
1902,35,65.0,2023-04-25,6.05,12,23300
1903,35,154.0,2023-02-15,1.17,3,8100
1904,35,123.0,2023-11-08,5.3,16,20900
1905,35,168.0,2023-03-23,3.91,17,16500
1906,35,131.0,2023-08-13,2.18,4,11000
1907,35,71.0,2023-01-02,5.49,13,21800
1908,35,,2023-04-15,8.57,42,31000
1909,35,96.0,2023-08-04,2.97,6,14200
1910,35,46.0,2023-11-28,2.35,4,11600
1911,35,94.0,2023-10-01,4.09,15,17000
1912,35,176.0,2023-10-24,2.52,5,12700
1913,35,99.0,2023-04-23,9.7,36,34100
1914,35,33.0,2023-04-18,1.05,2,7600
1915,35,,2023-01-18,3.1,12,14500
1916,35,161.0,2023-02-07,9.0,23,32500
1917,35,11.0,2023-10-08,4.25,15,17800
1918,35,137.0,2023-01-10,9.6,22,33800
1919,36,136.0,2023-08-12,6.92,34,25400
1920,36,109.0,2023-11-04,2.81,8,13700
1921,36,12.0,2023-04-13,6.41,13,24500
1922,36,123.0,2023-10-19,4.51,21,18200
1923,36,22.0,2023-05-26,2.04,5,10600
1924,36,107.0,2023-02-04,1.95,6,10300
1925,36,47.0,2023-04-10,7.69,22,27900
1926,36,94.0,2023-08-11,4.41,18,18400
1927,36,112.0,2023-07-16,4.42,18,18400
1928,36,152.0,2023-02-04,9.61,37,33900
1929,36,59.0,2023-10-31,6.44,23,24300
1930,36,147.0,2023-07-28,5.26,13,20600
1931,36,,2023-07-24,1.74,7,9900
1932,36,114.0,2023-09-19,9.92,21,35200
1933,36,51.0,2023-09-04,7.73,15,28000
1934,36,67.0,2023-09-15,9.86,20,34300
1935,36,52.0,2023-10-05,1.89,5,10500
1936,36,185.0,2023-08-27,8.21,26,29300
1937,36,37.0,2023-09-01,2.96,13,13900
1938,36,109.0,2023-08-30,8.8,32,31300
1939,36,158.0,2023-01-24,3.87,10,16100
1940,36,91.0,2023-11-04,6.04,27,22600
1941,36,189.0,2023-04-11,6.64,27,25200
1942,36,41.0,2023-04-15,8.31,27,29500
1943,36,51.0,2023-01-14,4.76,10,18900
1944,36,78.0,2023-03-03,1.45,4,9000
1945,36,115.0,2023-08-25,2.5,10,12500
1946,36,64.0,2023-08-02,3.08,14,13700
1947,36,62.0,2023-06-19,6.03,26,22800
1948,36,125.0,2023-07-12,7.49,24,27700
1949,36,28.0,2023-09-22,1.28,4,8400
1950,36,184.0,2023-01-10,3.69,14,16100
1951,36,71.0,2023-05-01,4.61,17,18600
1952,36,185.0,2023-06-23,8.94,43,31300
1953,36,48.0,2023-12-19,2.72,13,13600
1954,36,75.0,2023-01-18,7.53,17,27800
1955,37,58.0,2023-06-22,8.84,38,31300
1956,37,127.0,2023-01-21,2.53,9,12300
1957,37,124.0,2023-02-07,6.87,33,25600
1958,37,30.0,2023-05-30,8.99,33,32400
1959,37,107.0,2023-10-12,2.48,10,12500
1960,37,192.0,2023-08-19,1.05,4,7700
1961,37,134.0,2023-05-21,1.12,4,8600
1962,37,47.0,2023-08-16,5.09,16,20600
1963,37,189.0,2023-02-28,9.58,39,33400
1964,37,174.0,2023-12-29,1.94,7,10700
1965,37,7.0,2023-01-30,1.45,4,9300
1966,37,100.0,2023-08-02,3.06,14,14000
1967,37,95.0,2023-07-27,8.55,36,30900
1968,37,81.0,2023-12-29,8.81,33,31300
1969,37,106.0,2023-12-03,9.26,24,32200
1970,37,,2023-07-01,6.11,22,23000
1971,37,174.0,2023-08-27,1.04,3,8400
1972,37,159.0,2023-11-27,6.39,26,24200
1973,37,42.0,2023-10-31,8.11,38,29400
1974,37,99.0,2023-02-07,1.49,6,9900
1975,37,99.0,2023-01-05,3.52,15,15700
1976,37,74.0,2023-01-09,1.19,5,9000
1977,37,158.0,2023-05-10,7.18,29,26600
1978,37,69.0,2023-05-25,5.23,24,20400
1979,37,41.0,2023-02-05,2.1,5,11400
1980,37,138.0,2023-04-19,7.9,16,29000
1981,37,73.0,2023-07-25,9.84,33,34300
1982,37,69.0,2023-07-28,4.89,15,19700
1983,37,119.0,2023-04-03,8.17,35,29800
1984,37,70.0,2023-07-13,5.73,23,22300
1985,37,111.0,2023-07-01,9.06,39,31700
1986,37,138.0,2023-09-17,1.15,4,8900
1987,37,158.0,2023-04-22,9.27,42,32600
1988,37,198.0,2023-11-09,2.69,6,13500
1989,37,177.0,2023-08-17,9.9,21,34200
1990,37,17.0,2023-09-20,5.78,13,22400
1991,37,181.0,2023-10-09,3.36,13,15200
1992,37,20.0,2023-03-19,1.33,3,8800
1993,37,77.0,2023-05-17,8.36,41,30300
1994,37,121.0,2023-11-07,1.82,8,10100
1995,37,187.0,2023-09-02,4.96,11,19900
1996,37,195.0,2023-11-29,9.1,38,32000
1997,37,16.0,2023-07-27,3.63,8,15400
1998,37,179.0,2023-08-28,6.21,25,23900
1999,37,169.0,2023-02-14,5.26,24,20600
2000,37,60.0,2023-03-17,2.31,7,11600
2001,37,39.0,2023-05-04,1.93,6,10200
2002,37,93.0,2023-03-16,9.28,25,33300
2003,37,10.0,2023-10-02,1.7,3,9600
2004,37,67.0,2023-06-26,6.81,31,24900
2005,37,79.0,2023-04-23,8.25,39,29200
2006,38,185.0,2023-04-24,9.9,36,34800
2007,38,195.0,2023-03-02,7.33,36,27100
2008,38,1.0,2023-12-29,9.94,20,34700
2009,38,,2023-08-08,8.28,29,30200
2010,38,164.0,2023-12-14,4.4,18,18600
2011,38,30.0,2023-12-26,1.35,3,9300
2012,38,34.0,2023-05-11,7.62,31,28100
2013,38,35.0,2023-06-28,4.99,15,19900
2014,38,35.0,2023-04-25,3.96,18,16700
2015,38,,2023-05-20,6.06,22,23300
2016,38,172.0,2023-12-02,1.95,8,10500
2017,38,193.0,2023-11-09,3.4,9,15100
2018,38,186.0,2023-05-18,5.65,18,22200
2019,38,59.0,2023-07-17,4.73,12,19000
2020,38,109.0,2023-03-04,8.68,33,31200
2021,38,156.0,2023-11-04,8.0,33,29400
2022,38,142.0,2023-12-20,7.95,36,29200
2023,38,188.0,2023-06-27,5.2,12,20900
2024,38,116.0,2023-05-21,9.25,29,33200
2025,38,68.0,2023-04-10,2.39,7,12300
2026,38,28.0,2023-04-03,6.99,33,26000
2027,38,163.0,2023-10-20,8.15,19,29300
2028,38,101.0,2023-11-11,5.73,24,22100
2029,38,62.0,2023-04-09,2.61,6,12700
2030,38,50.0,2023-07-12,3.44,13,15600
2031,38,84.0,2023-05-05,7.66,19,27800
2032,38,65.0,2023-12-22,4.56,13,18200
2033,38,188.0,2023-07-08,5.97,15,23000
2034,39,109.0,2023-04-20,1.63,3,9300
2035,39,14.0,2023-01-26,0.54,1,6900
2036,39,3.0,2023-10-16,0.59,2,6700
2037,39,64.0,2023-05-27,0.88,4,8000
2038,39,160.0,2023-06-06,1.72,6,10300
2039,39,152.0,2023-06-16,0.74,3,7300
2040,39,27.0,2023-02-22,0.63,2,6700
2041,39,189.0,2023-09-25,0.95,4,8300
2042,39,123.0,2023-06-27,1.37,5,8600
2043,39,104.0,2023-05-31,0.94,3,7600
2044,39,69.0,2023-08-07,1.8,6,10900
2045,39,120.0,2023-06-30,0.67,1,7300
2046,39,119.0,2023-06-24,1.49,6,9300
2047,39,46.0,2023-04-14,0.69,2,6800
2048,39,152.0,2023-01-04,1.96,6,10600
2049,39,22.0,2023-05-23,0.87,2,7300
2050,39,126.0,2023-11-11,1.83,8,9900
2051,39,80.0,2023-11-11,0.63,2,6600
2052,39,66.0,2023-01-04,1.83,5,10400
2053,39,20.0,2023-11-22,0.97,3,7400
2054,39,190.0,2023-07-19,2.0,7,10500
2055,39,178.0,2023-01-03,1.32,3,9100
2056,39,165.0,2023-06-27,1.31,5,8500
2057,39,88.0,2023-07-08,0.88,2,7300
2058,39,110.0,2023-08-04,1.24,3,9200
2059,39,55.0,2023-12-23,1.85,7,10000
2060,39,194.0,2023-03-31,1.3,4,8700
2061,39,59.0,2023-02-27,1.83,5,10000
2062,39,81.0,2023-09-25,0.95,2,7700
2063,39,38.0,2023-02-26,0.82,2,7300
2064,39,3.0,2023-04-09,1.32,4,8700
2065,39,180.0,2023-11-06,0.58,2,7000
2066,39,98.0,2023-08-29,1.35,4,9000
2067,39,191.0,2023-01-27,1.78,7,10200
2068,39,,2023-11-01,1.81,8,9900
2069,39,20.0,2023-06-21,1.52,6,9700
2070,39,20.0,2023-03-01,1.57,3,9200
2071,39,180.0,2023-10-13,1.16,3,8900
2072,39,89.0,2023-09-13,1.52,5,10000
2073,39,38.0,2023-09-15,0.62,1,6600
2074,39,63.0,2023-07-25,1.11,3,8800
2075,39,,2023-08-10,1.42,6,9400
2076,39,54.0,2023-05-20,1.87,7,11100
2077,39,106.0,2023-01-11,1.62,4,9600
2078,39,3.0,2023-11-30,1.6,5,10000
2079,39,179.0,2023-03-22,1.09,4,8400
2080,39,190.0,2023-10-28,1.15,5,8800
2081,39,143.0,2023-10-17,1.04,3,8000
2082,39,117.0,2023-02-09,0.64,1,7200
2083,39,54.0,2023-06-27,1.79,6,9800
2084,39,88.0,2023-12-31,1.69,7,9800
2085,39,3.0,2023-05-31,1.88,9,10200
2086,39,112.0,2023-04-16,0.88,2,8100
2087,39,9.0,2023-02-13,1.78,7,10800
2088,39,8.0,2023-03-18,0.54,1,6900
2089,39,170.0,2023-12-14,1.74,4,10100
2090,39,79.0,2023-11-10,0.91,4,8200
2091,39,196.0,2023-05-23,0.98,3,7700
2092,39,,2023-09-11,1.41,2,9100
2093,39,108.0,2023-09-30,1.43,6,9000
2094,39,55.0,2023-10-10,1.95,7,10800
2095,39,,2023-04-30,0.88,4,7800
2096,39,119.0,2023-10-03,1.9,9,11200
2097,39,29.0,2023-12-05,1.99,9,10700
2098,39,44.0,2023-07-24,1.98,6,11300
2099,39,41.0,2023-05-15,0.88,2,7200
2100,39,146.0,2023-02-03,1.31,3,9400
2101,39,106.0,2023-06-10,1.45,6,9200
2102,39,153.0,2023-05-06,0.96,4,7300
2103,39,176.0,2023-08-02,0.76,3,7600
2104,39,188.0,2023-01-17,0.68,3,6900
2105,39,193.0,2023-04-29,1.86,9,10900
2106,39,50.0,2023-04-29,1.25,3,8300
2107,40,86.0,2023-11-11,6.39,25,24600
2108,40,25.0,2023-06-12,2.29,7,11900
2109,40,162.0,2023-06-09,3.11,14,14200
2110,40,188.0,2023-11-14,9.06,28,32500
2111,40,69.0,2023-02-09,8.17,34,30000
2112,40,4.0,2023-04-30,3.98,9,17400
2113,40,130.0,2023-05-19,3.8,10,15900
2114,40,138.0,2023-10-07,4.89,23,19300
2115,40,188.0,2023-03-02,4.43,17,18400
2116,40,184.0,2023-06-02,4.69,19,18600
2117,40,187.0,2023-06-30,8.27,27,29500
2118,40,66.0,2023-10-24,9.6,37,33800
2119,40,75.0,2023-09-06,2.92,8,13800
2120,40,30.0,2023-06-05,1.47,6,9600
2121,40,183.0,2023-04-16,6.66,26,24700
2122,40,11.0,2023-03-17,7.74,27,28400
2123,40,143.0,2023-11-22,4.74,14,19100
2124,40,12.0,2023-02-05,1.77,5,10200
2125,40,184.0,2023-05-01,4.77,21,19600
2126,40,57.0,2023-05-17,1.56,6,9700
2127,40,126.0,2023-10-23,9.75,23,34300
2128,40,74.0,2023-02-17,6.86,16,25200
2129,40,78.0,2023-01-30,3.2,11,14700
2130,40,191.0,2023-01-30,8.0,36,28800
2131,40,3.0,2023-02-06,7.09,35,26400
2132,40,6.0,2023-10-24,6.02,26,23300
2133,40,,2023-12-09,2.48,7,12300
2134,40,168.0,2023-05-19,4.92,10,20100
2135,40,3.0,2023-12-17,6.11,23,23700
2136,40,125.0,2023-06-21,2.57,8,12400
2137,40,102.0,2023-10-09,9.38,32,32700
2138,40,82.0,2023-02-10,5.02,11,20000
2139,40,188.0,2023-02-12,7.06,34,26600
2140,40,105.0,2023-01-28,8.25,39,29900
2141,40,32.0,2023-12-03,8.77,26,30900
2142,40,77.0,2023-04-01,6.04,23,23300
2143,40,,2023-07-28,6.38,21,23700
2144,40,51.0,2023-07-11,9.24,27,32900
2145,40,196.0,2023-09-17,9.68,22,34300
2146,40,180.0,2023-12-08,3.87,10,16400
2147,40,81.0,2023-07-16,7.97,32,28700
2148,40,169.0,2023-01-21,2.9,6,13900
2149,41,144.0,2023-06-13,9.4,32,32700
2150,41,91.0,2023-08-02,5.47,12,21800
2151,41,88.0,2023-08-16,9.13,22,32100
2152,41,189.0,2023-08-07,2.05,8,10700
2153,41,119.0,2023-04-15,7.63,16,28200
2154,41,73.0,2023-11-23,5.42,20,20700
2155,41,144.0,2023-09-14,8.05,19,29400
2156,41,71.0,2023-05-22,7.03,24,26100
2157,41,17.0,2023-07-23,4.54,9,18100
2158,41,71.0,2023-01-18,4.01,13,16800
2159,41,49.0,2023-09-25,5.88,18,22900
2160,41,9.0,2023-05-05,6.23,19,24100
2161,41,46.0,2023-12-10,4.56,13,18700
2162,41,27.0,2023-02-27,9.18,19,32900
2163,41,128.0,2023-08-20,5.33,25,20900
2164,41,159.0,2023-09-12,8.49,34,30700
2165,41,83.0,2023-01-21,1.43,5,9300
2166,41,22.0,2023-08-10,7.01,31,25800
2167,41,13.0,2023-12-09,5.27,22,20800
2168,41,74.0,2023-04-04,2.62,6,13100
2169,41,115.0,2023-04-17,1.34,4,8700
2170,41,155.0,2023-01-30,8.0,24,28700
2171,41,122.0,2023-06-01,4.68,11,19400
2172,42,,2023-03-01,7.94,36,28400
2173,42,42.0,2023-08-18,4.91,14,19400
2174,42,119.0,2023-11-20,2.09,4,11000
2175,42,162.0,2023-09-27,3.49,16,15400
2176,42,23.0,2023-04-03,9.0,18,31900
2177,42,93.0,2023-08-08,7.86,39,28600
2178,42,26.0,2023-01-10,7.98,19,28900
2179,42,86.0,2023-05-20,4.55,13,18800
2180,42,174.0,2023-04-17,4.29,9,18300
2181,42,122.0,2023-11-19,9.47,45,33600
2182,42,93.0,2023-10-25,2.89,11,13700
2183,42,87.0,2023-03-13,7.4,31,27600
2184,42,81.0,2023-11-26,6.64,23,24800
2185,42,141.0,2023-11-26,7.02,30,25900
2186,42,192.0,2023-06-19,6.45,25,23800
2187,42,25.0,2023-09-20,8.96,44,31500
2188,42,93.0,2023-03-20,6.93,15,25900
2189,42,9.0,2023-02-28,2.58,11,12500
2190,42,27.0,2023-03-19,9.93,23,34400
2191,42,78.0,2023-04-13,7.01,20,26400
2192,42,147.0,2023-01-31,5.14,11,20200
2193,42,89.0,2023-02-16,3.32,11,14800
2194,42,184.0,2023-06-15,4.61,16,18900
2195,42,64.0,2023-04-18,7.04,29,26400
2196,42,72.0,2023-10-11,9.09,20,31800
2197,42,119.0,2023-09-20,4.62,14,19000
2198,42,130.0,2023-06-02,2.2,6,11200
2199,42,46.0,2023-09-03,8.16,40,29400
2200,42,18.0,2023-12-02,3.25,15,14200
2201,42,149.0,2023-03-06,9.42,20,33200
2202,42,115.0,2023-04-16,1.39,5,9600
2203,42,141.0,2023-07-23,9.04,38,32500
2204,42,192.0,2023-06-30,4.1,12,16800
2205,42,131.0,2023-03-04,6.2,26,23400
2206,42,166.0,2023-11-18,5.96,18,22900
2207,42,,2023-10-10,2.08,5,11600
2208,42,47.0,2023-10-11,8.74,28,30800
2209,42,120.0,2023-10-06,5.26,20,20800
2210,42,50.0,2023-12-14,9.95,29,34800
2211,42,182.0,2023-04-13,2.26,8,11200
2212,42,29.0,2023-04-21,1.22,2,9100
2213,42,97.0,2023-06-18,2.39,6,12200
2214,42,103.0,2023-08-03,8.94,43,31300
2215,42,22.0,2023-11-06,2.65,6,12700
2216,42,70.0,2023-11-06,1.19,3,8600
2217,42,98.0,2023-10-11,8.65,29,31400
2218,42,148.0,2023-08-12,8.99,43,32400
2219,42,92.0,2023-08-18,8.09,38,29300
2220,42,181.0,2023-01-12,8.8,27,31800
2221,42,31.0,2023-02-17,2.92,9,13500
2222,42,110.0,2023-04-22,3.32,9,15100
2223,42,60.0,2023-06-20,7.76,16,27700
2224,42,,2023-02-16,7.78,32,28100
2225,42,100.0,2023-12-12,6.08,25,23600
2226,42,13.0,2023-06-15,8.19,22,29500
2227,42,86.0,2023-04-24,3.42,9,15600
2228,42,173.0,2023-12-18,1.09,2,7700
2229,42,144.0,2023-10-16,1.82,8,10500
2230,42,198.0,2023-06-04,5.96,12,22600
2231,42,95.0,2023-05-03,2.89,8,14100
2232,42,183.0,2023-03-04,4.33,18,17400
2233,43,64.0,2023-12-28,8.62,19,30600
2234,43,66.0,2023-11-17,5.08,16,19900
2235,43,139.0,2023-08-30,1.95,4,11300
2236,43,143.0,2023-06-14,8.33,26,30400
2237,43,46.0,2023-08-21,7.02,34,25500
2238,43,15.0,2023-07-19,2.44,9,12200
2239,43,90.0,2023-06-12,4.31,11,17600
2240,43,54.0,2023-10-27,4.86,11,19900
2241,43,32.0,2023-10-06,5.23,24,20800
2242,43,109.0,2023-11-12,8.21,36,29400
2243,43,186.0,2023-07-15,9.3,36,33000
2244,43,182.0,2023-05-24,1.94,6,11300
2245,43,173.0,2023-10-02,1.26,3,8500
2246,43,46.0,2023-05-09,1.65,5,9600
2247,43,26.0,2023-02-11,1.93,3,10900
2248,43,189.0,2023-09-02,7.93,31,28200
2249,43,48.0,2023-07-16,7.88,22,28800
2250,43,26.0,2023-11-19,6.11,25,23800
2251,43,68.0,2023-09-19,5.55,25,21900
2252,43,101.0,2023-11-28,5.68,20,21700
2253,43,143.0,2023-08-31,9.99,31,34900
2254,43,114.0,2023-06-03,5.61,13,21300
2255,43,45.0,2023-07-06,3.1,14,14000
2256,43,187.0,2023-01-18,9.25,32,32400
2257,43,167.0,2023-10-01,3.03,12,14300
2258,43,124.0,2023-09-10,7.27,32,26500
2259,43,141.0,2023-05-18,1.06,2,8500
2260,43,165.0,2023-10-22,4.61,22,19200
2261,43,125.0,2023-09-25,1.14,3,8800
2262,43,100.0,2023-03-31,9.99,47,34400
2263,43,76.0,2023-04-28,5.18,11,20700
2264,43,95.0,2023-07-19,5.3,26,20400
2265,43,70.0,2023-06-24,2.09,9,11700
2266,43,8.0,2023-03-20,4.2,9,17200
2267,43,,2023-03-14,8.97,24,31900
2268,43,196.0,2023-06-13,1.15,4,8700
2269,43,150.0,2023-07-29,7.9,37,28200
2270,43,74.0,2023-11-07,1.05,3,8300
2271,43,,2024-01-01,7.59,16,27200
2272,44,46.0,2023-09-18,6.61,28,24500
2273,44,177.0,2023-07-03,6.13,24,23800
2274,44,68.0,2023-10-02,5.68,14,22300
2275,44,55.0,2023-01-26,4.11,12,16800
2276,44,193.0,2023-12-15,4.67,11,19000
2277,44,191.0,2023-05-23,2.74,7,13300
2278,44,38.0,2023-12-30,2.62,8,13000
2279,44,60.0,2023-06-02,2.93,9,13800
2280,44,104.0,2023-07-07,9.88,43,34200
2281,44,163.0,2023-02-07,3.24,10,14800
2282,44,50.0,2023-11-24,5.69,25,22500
2283,44,61.0,2023-03-19,1.14,4,8400
2284,44,163.0,2023-07-04,9.99,23,35400
2285,44,,2023-06-25,1.57,7,10000
2286,44,54.0,2023-08-06,2.48,12,12700
2287,44,144.0,2023-01-14,3.45,8,15200
2288,44,,2023-11-01,2.62,7,12400
2289,44,136.0,2023-02-21,3.66,9,15600
2290,44,50.0,2023-10-22,2.45,8,12000
2291,44,21.0,2023-10-04,7.94,16,28800
2292,44,15.0,2023-10-15,3.06,12,14200
2293,45,195.0,2023-09-11,7.07,19,26000
2294,45,184.0,2023-11-23,7.36,19,27200
2295,45,116.0,2023-02-26,4.29,18,18100
2296,45,39.0,2023-07-30,4.03,12,17500
2297,45,60.0,2023-04-16,4.13,15,17300
2298,45,62.0,2023-05-06,3.93,17,16400
2299,45,169.0,2023-09-10,2.68,7,12700
2300,45,154.0,2023-01-10,7.16,15,26700
2301,45,145.0,2023-03-14,5.64,22,21400
2302,45,139.0,2023-03-17,5.66,11,22000
2303,45,179.0,2023-12-02,9.24,23,32600
2304,45,73.0,2023-02-02,8.71,20,31500
2305,45,97.0,2023-03-31,7.74,30,28200
2306,45,24.0,2023-07-04,2.76,8,13700
2307,45,193.0,2023-08-24,5.5,17,21300
2308,45,179.0,2023-02-26,5.73,22,22400
2309,45,173.0,2023-05-24,9.88,34,34100
2310,45,111.0,2023-10-06,5.09,21,19700
2311,45,106.0,2023-03-21,8.37,17,29600
2312,45,107.0,2023-01-03,9.04,20,31600
2313,45,119.0,2023-03-11,2.38,7,11600
2314,45,181.0,2023-12-19,8.29,18,30000
2315,45,97.0,2023-12-24,4.47,11,18100
2316,45,62.0,2023-07-09,2.17,7,11700
2317,45,15.0,2023-07-27,9.57,39,34100
2318,45,53.0,2023-12-05,4.03,10,17400
2319,45,76.0,2023-02-04,1.98,8,10800
2320,45,170.0,2023-10-18,7.16,32,26700
2321,45,186.0,2023-06-14,8.43,39,30600
2322,45,36.0,2023-09-05,6.74,20,24700
2323,45,107.0,2023-05-27,5.2,19,20200
2324,45,12.0,2023-12-24,7.47,17,27600
2325,45,100.0,2023-02-23,7.63,34,27800
2326,45,200.0,2023-06-12,5.2,10,21100
2327,45,2.0,2023-04-15,4.3,12,17500
2328,45,89.0,2023-07-23,4.35,12,18000
2329,45,151.0,2023-01-24,9.64,19,34200
2330,45,60.0,2023-12-21,3.89,15,16800
2331,45,24.0,2023-06-21,3.75,8,16400
2332,45,153.0,2023-12-06,2.33,9,11500
2333,45,182.0,2023-04-01,8.88,33,32000
2334,45,140.0,2023-08-07,4.09,16,16800
2335,45,80.0,2023-09-08,5.06,14,19900
2336,45,168.0,2023-08-04,4.5,16,18400
2337,45,70.0,2023-10-17,6.05,18,23000
2338,45,184.0,2023-07-19,7.55,22,27300
2339,46,40.0,2023-11-26,6.0,15,23100
2340,46,14.0,2023-10-11,7.54,21,27700
2341,46,25.0,2023-06-29,4.72,18,18900
2342,46,83.0,2023-07-14,6.92,33,25600
2343,46,132.0,2023-10-17,9.36,41,33100
2344,46,63.0,2023-08-20,3.78,9,16600
2345,46,101.0,2023-01-02,6.85,28,25800
2346,46,198.0,2023-08-12,8.6,35,30900
2347,46,94.0,2023-01-26,5.63,24,21600
2348,46,187.0,2023-08-21,1.47,7,9300
2349,46,41.0,2023-02-23,5.79,24,22700
2350,46,7.0,2023-02-09,2.65,9,13200
2351,46,154.0,2023-08-07,7.28,29,26800
2352,46,76.0,2023-01-09,5.71,16,21600
2353,46,,2023-06-19,4.58,17,18700
2354,46,20.0,2024-01-01,5.79,15,22700
2355,46,131.0,2023-12-15,4.34,18,17500
2356,46,64.0,2023-02-28,3.22,15,15100
2357,46,186.0,2023-07-13,1.77,6,10500
2358,46,101.0,2023-05-10,7.24,24,26600
2359,46,110.0,2023-10-14,5.19,18,20200
2360,46,152.0,2023-02-02,4.89,20,20100
2361,46,23.0,2023-05-23,6.76,26,25100
2362,46,172.0,2023-09-03,1.6,5,9700
2363,46,132.0,2023-04-11,3.43,9,15100
2364,46,22.0,2023-08-24,8.2,18,29200
2365,46,69.0,2023-02-06,7.96,36,29300
2366,46,72.0,2023-10-29,7.01,19,26200
2367,46,165.0,2023-03-30,8.25,28,29800
2368,46,78.0,2023-09-15,8.88,31,32000
2369,46,45.0,2023-04-30,3.83,9,16000
2370,46,123.0,2023-05-06,8.09,27,29000
2371,46,71.0,2023-10-23,6.42,15,24200
2372,46,82.0,2023-06-26,3.24,8,15000
2373,46,71.0,2023-01-21,7.43,33,26800
2374,46,103.0,2023-05-20,4.1,10,17100
2375,46,94.0,2023-11-04,6.15,29,23200
2376,46,145.0,2023-01-27,5.51,17,21300
2377,46,89.0,2023-07-19,8.19,19,29100
2378,46,101.0,2023-05-02,5.06,22,20300
2379,46,69.0,2023-07-12,1.5,5,9000
2380,46,6.0,2023-12-12,4.7,22,19300
2381,46,81.0,2023-03-08,7.05,25,26300
2382,46,176.0,2023-03-09,5.2,10,20200
2383,47,67.0,2023-03-16,3.27,11,14700
2384,47,47.0,2023-10-14,1.54,6,9900
2385,47,61.0,2023-08-03,4.15,11,17600
2386,47,13.0,2023-01-11,1.88,3,10700
2387,47,137.0,2023-02-06,4.02,18,17300
2388,47,51.0,2023-05-17,3.13,10,14400
2389,47,177.0,2023-02-17,9.31,40,33100
2390,47,6.0,2023-10-13,7.44,24,27400
2391,47,89.0,2023-01-22,5.34,24,21200
2392,47,185.0,2023-08-23,5.75,16,22600
2393,47,154.0,2023-07-28,4.64,18,18400
2394,47,111.0,2023-02-11,5.09,25,20500
2395,47,94.0,2023-12-21,5.63,23,22000
2396,47,90.0,2023-12-03,1.51,4,10000
2397,47,163.0,2023-04-13,4.21,20,18000
2398,47,142.0,2023-02-10,3.04,15,13700
2399,47,95.0,2023-05-26,6.12,17,23600
2400,47,166.0,2023-08-06,8.47,25,30500
2401,47,42.0,2023-07-13,1.67,5,10300
2402,47,,2023-05-18,5.5,16,21800
2403,47,33.0,2023-01-08,1.7,5,9600
2404,47,49.0,2023-10-05,8.29,25,30100
2405,47,,2023-07-22,1.11,2,8700
2406,47,59.0,2023-12-23,6.63,16,25200
2407,47,153.0,2023-05-08,8.96,34,32300
2408,47,73.0,2023-07-13,5.93,27,22900
2409,47,23.0,2023-08-10,6.79,26,24800
2410,47,40.0,2023-04-13,4.14,19,17600
2411,47,106.0,2023-10-01,3.89,9,16800
2412,47,163.0,2023-01-26,8.79,22,31200
2413,47,20.0,2023-04-22,5.9,17,23100
2414,47,157.0,2023-12-28,6.57,21,24600
2415,47,102.0,2023-01-02,7.25,28,26600
2416,47,75.0,2023-07-22,9.29,36,33100
2417,47,3.0,2023-10-27,6.7,33,24600
2418,47,128.0,2023-04-04,5.6,25,21300
2419,47,128.0,2023-06-10,4.37,16,18600
2420,47,50.0,2023-08-16,5.15,21,20900
2421,47,198.0,2023-03-31,7.47,21,27600
2422,47,86.0,2023-11-19,7.7,28,27800
2423,47,141.0,2023-09-10,6.13,28,22800
2424,47,,2023-10-21,8.11,26,29400
2425,47,145.0,2023-07-16,2.19,9,11200
2426,47,50.0,2023-06-16,4.74,11,19200
2427,47,145.0,2023-01-05,2.01,6,10900
2428,47,135.0,2023-06-27,7.06,17,26000
2429,47,168.0,2023-04-02,8.36,29,29900
2430,47,8.0,2023-12-02,7.13,15,26400
2431,47,40.0,2023-05-22,4.45,19,17800
2432,47,136.0,2023-06-26,9.46,33,32900
2433,48,128.0,2023-08-28,3.14,7,14400
2434,48,30.0,2023-09-15,6.57,20,25200
2435,48,105.0,2023-07-20,1.57,3,9900
2436,48,11.0,2023-05-19,9.4,20,33000
2437,48,11.0,2023-03-26,5.13,18,20400
2438,48,79.0,2023-07-18,4.2,8,17600
2439,48,70.0,2023-08-09,1.5,7,9900
2440,48,179.0,2023-03-20,2.29,6,12200
2441,48,113.0,2023-05-28,2.29,5,11400
2442,48,39.0,2023-10-04,8.64,37,30500
2443,48,146.0,2023-05-07,5.19,23,20100
2444,48,94.0,2023-11-25,8.55,26,30300
2445,48,13.0,2023-10-09,8.73,20,31100
2446,48,95.0,2023-11-08,7.73,32,27900
2447,48,94.0,2023-02-26,3.38,9,15600
2448,48,70.0,2023-08-15,8.31,39,29400
2449,48,51.0,2023-01-01,3.6,15,15900
2450,48,55.0,2023-12-27,7.29,23,27000
2451,48,44.0,2023-05-23,5.19,11,20700
2452,48,152.0,2023-12-23,4.75,18,19600
2453,48,35.0,2023-11-09,2.08,4,11000
2454,48,109.0,2023-09-13,1.55,3,9200
2455,48,189.0,2023-06-28,6.02,15,23200
2456,48,90.0,2023-05-22,7.42,22,27000
2457,48,,2023-06-21,2.69,7,12900
2458,48,192.0,2023-07-13,9.46,40,33600
2459,48,75.0,2023-10-03,8.03,17,29100
2460,48,166.0,2023-11-13,2.86,9,13400
2461,48,17.0,2023-08-11,6.25,18,23900
2462,48,106.0,2023-07-29,2.94,6,14100
2463,48,22.0,2023-01-02,2.23,11,11900
2464,48,83.0,2023-11-23,9.22,23,32300
2465,49,102.0,2023-10-20,8.32,24,30200
2466,49,100.0,2023-03-06,4.09,18,17600
2467,49,172.0,2023-03-26,8.12,23,29200
2468,49,49.0,2023-12-14,1.72,5,10400
2469,49,4.0,2023-05-23,9.18,37,32200
2470,49,28.0,2023-11-09,1.39,3,9300
2471,49,63.0,2023-12-27,5.03,23,20500
2472,49,8.0,2023-09-12,3.97,11,17400
2473,49,184.0,2023-09-22,7.33,24,27200
2474,49,43.0,2023-01-29,3.8,15,16500
2475,49,114.0,2023-07-31,1.41,6,9100
2476,49,15.0,2023-12-01,2.85,6,14000
2477,49,65.0,2023-10-03,4.55,10,18300
2478,49,132.0,2023-01-06,7.95,15,29300
2479,49,57.0,2023-10-07,5.11,12,20700
2480,49,155.0,2023-07-04,2.57,7,13200
2481,49,114.0,2023-02-28,1.9,4,10300
2482,49,110.0,2023-11-11,9.19,40,32400
2483,49,72.0,2023-10-25,4.71,23,19600
2484,49,137.0,2023-08-05,8.09,18,29600
2485,49,123.0,2023-11-21,9.01,41,32400
2486,49,170.0,2023-08-04,6.14,20,23900
2487,49,137.0,2023-10-09,5.75,14,22300
2488,49,140.0,2023-05-27,5.85,28,22300
2489,49,162.0,2023-01-25,7.92,32,29200
2490,49,191.0,2023-08-29,9.9,23,34600
2491,50,193.0,2023-03-12,7.62,21,28300
2492,50,63.0,2023-06-03,4.87,20,19100
2493,50,186.0,2023-08-01,6.91,27,26200
2494,50,22.0,2023-01-28,9.4,42,32900
2495,50,22.0,2023-05-30,7.47,25,27000
2496,50,65.0,2023-12-16,6.34,26,24300
2497,50,116.0,2023-02-15,1.56,7,10100
2498,50,25.0,2023-05-22,6.49,30,23900
2499,50,4.0,2023-08-27,9.24,21,32900
2500,50,109.0,2023-06-25,8.01,22,29500
2501,50,,2023-03-20,6.67,29,25000
2502,50,128.0,2023-09-21,3.86,10,17000
2503,50,180.0,2023-07-05,8.93,30,31200
2504,50,42.0,2023-03-09,6.8,29,25300
2505,50,,2023-07-08,2.6,10,12300
2506,50,165.0,2023-08-14,4.16,13,17100
2507,50,100.0,2023-02-24,3.87,11,16100
2508,50,187.0,2023-09-29,6.95,21,26300
2509,50,59.0,2023-12-15,8.91,35,31800
2510,50,180.0,2023-09-08,1.67,5,10200
2511,50,157.0,2023-02-18,1.91,4,10500
2512,50,165.0,2023-11-04,4.38,12,18100
2513,50,182.0,2023-06-11,8.05,33,29400
2514,50,131.0,2023-12-12,4.43,19,18200
2515,50,145.0,2023-08-27,1.01,3,7600
2516,50,172.0,2023-02-13,2.75,8,13400
2517,50,52.0,2023-12-25,7.51,25,27500
2518,50,105.0,2023-08-04,9.61,20,33800
2519,50,200.0,2023-05-15,9.18,26,32800
2520,50,139.0,2023-03-25,5.06,20,19600
2521,51,120.0,2023-12-06,0.51,2,6500
2522,51,6.0,2023-10-05,1.84,8,10800
2523,51,158.0,2023-05-24,0.95,2,7600
2524,51,57.0,2023-04-13,1.97,8,10400
2525,51,191.0,2023-09-19,0.72,1,7600
2526,51,186.0,2023-12-20,1.01,2,8200
2527,51,,2023-08-07,1.02,3,7800
2528,51,121.0,2023-12-20,0.56,1,6700
2529,51,110.0,2023-10-26,1.98,9,11000
2530,51,167.0,2023-11-05,1.87,8,10900
2531,51,63.0,2023-07-25,1.1,4,8800
2532,51,194.0,2023-06-08,1.02,4,8400
2533,51,182.0,2023-05-24,1.22,5,8700
2534,51,17.0,2023-10-22,0.88,3,7300
2535,51,199.0,2023-10-05,1.86,7,10400
2536,51,30.0,2023-01-01,0.85,2,7500
2537,51,43.0,2023-10-24,1.68,5,10100
2538,51,132.0,2023-04-29,1.6,5,9900
2539,51,137.0,2023-01-27,1.1,2,7900
2540,51,143.0,2023-06-03,0.72,2,7500
2541,51,43.0,2023-02-22,0.52,1,6200
2542,51,3.0,2023-05-31,1.65,7,10300
2543,51,59.0,2023-05-02,1.51,4,9800
2544,51,71.0,2023-12-09,0.89,2,7100
2545,51,141.0,2023-01-27,1.9,5,10800
2546,51,139.0,2023-09-20,1.54,7,10000
2547,51,54.0,2023-03-04,1.56,7,9900
2548,51,106.0,2023-12-21,1.31,5,9400
2549,51,146.0,2023-03-16,1.26,5,9000
2550,51,187.0,2023-01-13,1.79,7,10200
2551,51,61.0,2023-12-02,0.68,2,6900
2552,51,142.0,2023-07-20,0.77,2,7600
2553,51,13.0,2023-07-13,1.29,4,9200
2554,51,39.0,2023-10-14,1.04,4,8200
2555,51,185.0,2023-03-21,0.65,2,6800
2556,51,127.0,2023-08-04,1.56,7,9900
2557,51,46.0,2023-10-03,1.69,7,10100
2558,51,152.0,2023-12-04,1.2,3,8300
2559,51,34.0,2023-11-21,1.88,8,11000
2560,51,108.0,2023-03-30,0.74,2,7000
2561,51,31.0,2023-07-13,1.98,8,10900
2562,51,84.0,2023-02-17,1.64,4,9400
2563,51,14.0,2023-11-09,1.82,4,10200
2564,51,169.0,2023-07-25,1.94,9,10300
2565,51,28.0,2023-01-21,1.77,3,10000
2566,51,97.0,2023-09-23,1.8,8,9900
2567,51,138.0,2023-09-21,1.57,3,9500
2568,51,84.0,2023-11-22,0.69,1,6900
2569,51,173.0,2023-06-11,1.13,3,7900
2570,51,31.0,2023-06-14,0.66,1,7200
2571,51,190.0,2023-09-19,0.98,2,8100
2572,51,66.0,2023-01-15,0.86,4,7500
2573,51,117.0,2023-12-07,0.84,3,7900
2574,51,72.0,2023-01-28,0.77,3,7100
2575,51,193.0,2023-01-06,1.79,4,9900
2576,51,181.0,2023-07-24,1.79,7,9900
2577,51,133.0,2023-11-14,1.65,4,9700
2578,51,73.0,2023-02-25,1.43,4,8800
2579,51,29.0,2023-06-14,0.76,2,6800
2580,51,161.0,2023-04-21,1.72,5,9900
2581,51,27.0,2023-08-03,0.69,2,7500
2582,51,179.0,2023-09-18,1.67,5,9700
2583,51,93.0,2023-03-18,1.62,6,9800
2584,51,140.0,2023-03-06,0.5,1,6600
2585,51,50.0,2023-08-26,1.36,4,8900
2586,51,49.0,2023-04-20,1.12,4,8500
2587,51,138.0,2023-05-26,1.56,6,9200
2588,51,78.0,2023-06-24,1.86,6,10700
2589,51,76.0,2023-07-01,1.82,3,10100
2590,51,124.0,2023-11-02,1.49,6,9500
2591,51,193.0,2023-03-03,0.56,2,6200
2592,51,,2023-03-19,1.25,3,9200
2593,51,162.0,2023-10-18,0.76,3,7400
2594,51,48.0,2023-08-26,1.27,6,8300
2595,51,81.0,2023-11-23,0.73,3,7500
2596,51,48.0,2023-10-11,1.25,4,8400
2597,51,146.0,2023-12-06,1.99,5,10400
2598,51,132.0,2023-10-17,1.9,6,11100
2599,51,55.0,2023-02-15,0.95,3,8000
2600,51,115.0,2023-12-29,0.9,3,7500
2601,51,,2023-10-29,1.15,2,8900
2602,51,109.0,2023-02-09,1.58,7,9300
2603,51,30.0,2023-10-25,0.89,2,7500
2604,51,3.0,2023-12-01,0.61,1,7100
2605,51,180.0,2023-08-04,0.88,4,7700
2606,51,69.0,2023-01-26,1.39,3,9500
2607,51,6.0,2023-07-23,1.11,4,7800
2608,51,51.0,2023-12-14,0.6,2,6700
2609,51,152.0,2023-09-23,1.4,5,9200
2610,51,176.0,2023-09-11,0.6,2,6800
2611,51,168.0,2023-08-05,1.84,6,10700
2612,51,65.0,2023-04-21,0.98,3,7800
2613,52,161.0,2023-07-20,9.41,43,33500
2614,52,163.0,2023-12-18,8.59,25,31200
2615,52,113.0,2023-03-28,5.4,17,21700
2616,52,85.0,2023-05-31,7.3,30,26500
2617,52,40.0,2023-11-21,8.83,34,31700
2618,52,46.0,2023-08-06,3.35,7,14600
2619,52,4.0,2023-07-28,3.78,12,16500
2620,52,7.0,2023-07-11,9.63,29,34200
2621,52,198.0,2023-09-24,5.51,19,21900
2622,52,118.0,2023-03-03,5.88,13,22100
2623,52,149.0,2023-10-22,8.43,28,30000
2624,52,146.0,2023-07-29,8.91,40,31300
2625,52,38.0,2023-09-30,4.96,23,19300
2626,52,49.0,2023-10-10,4.97,13,20000
2627,52,97.0,2023-09-22,9.07,23,32300
2628,52,,2023-03-23,7.81,38,28600
2629,52,86.0,2023-08-24,3.46,7,15000
2630,52,182.0,2023-12-18,5.72,21,22500
2631,52,16.0,2023-04-26,2.08,10,11400
2632,52,107.0,2023-01-31,1.59,4,9600
2633,52,45.0,2023-10-02,2.1,8,10800
2634,52,61.0,2023-04-04,6.11,24,23700
2635,52,138.0,2023-08-05,4.71,21,18600
2636,52,111.0,2023-10-16,9.17,21,33000
2637,52,155.0,2023-09-03,1.73,3,9700
2638,52,144.0,2023-01-09,2.41,7,12700
2639,52,74.0,2023-09-03,1.88,5,11000
2640,52,163.0,2023-06-15,3.77,14,15800
2641,52,35.0,2023-12-07,2.45,9,12100
2642,52,194.0,2023-12-15,9.93,23,34800
2643,52,,2023-11-22,4.34,12,18300
2644,52,,2023-03-04,2.54,7,12100
2645,52,69.0,2023-03-10,5.01,18,19700
2646,52,187.0,2023-06-07,9.44,36,33200
2647,52,99.0,2023-06-26,3.34,9,14800
2648,52,180.0,2023-07-25,3.59,17,15900
2649,52,108.0,2023-07-30,4.54,11,19000
2650,52,32.0,2023-04-16,8.69,40,30500
2651,52,169.0,2023-08-26,1.7,6,10300
2652,52,,2023-09-11,3.32,16,15300
2653,52,46.0,2023-12-29,8.44,24,30300
2654,52,105.0,2023-02-24,3.85,14,16300
2655,52,54.0,2023-05-18,7.43,24,27300
2656,52,24.0,2023-12-31,6.75,31,25600
2657,52,66.0,2023-07-14,7.61,23,27600
2658,52,164.0,2023-03-13,4.99,24,19800
2659,52,3.0,2023-08-21,4.4,14,17700
2660,52,24.0,2023-01-14,1.3,5,8600
2661,52,30.0,2023-05-11,3.95,8,17200
2662,52,196.0,2023-09-11,2.35,9,11600
2663,52,95.0,2023-01-25,6.92,32,26100
2664,52,22.0,2023-03-30,9.08,40,32400
2665,52,6.0,2023-03-02,6.23,28,23700
2666,52,198.0,2023-10-10,1.74,6,9700
2667,52,22.0,2023-11-22,7.85,21,28900
2668,52,145.0,2023-06-20,7.79,16,27900
2669,52,167.0,2023-04-07,5.36,24,21400
2670,52,77.0,2023-03-02,8.66,30,30500
2671,52,192.0,2023-06-29,1.76,3,10300
2672,52,27.0,2023-06-17,7.81,24,28800
2673,52,52.0,2023-08-30,6.45,13,24200
2674,52,189.0,2023-01-07,2.26,6,11200
2675,52,73.0,2023-11-05,4.74,10,19100
2676,52,,2023-04-06,1.65,7,9600
2677,52,57.0,2023-08-21,3.74,17,16100
2678,52,127.0,2023-04-14,5.77,20,21900
2679,52,,2023-06-09,4.54,17,18900
2680,52,95.0,2023-01-26,2.0,4,11400
2681,52,9.0,2023-12-18,3.94,10,16900
2682,52,196.0,2023-06-08,8.67,33,31400
2683,52,23.0,2023-04-02,9.37,40,33000
2684,52,77.0,2023-09-25,7.5,29,27600
2685,52,17.0,2023-05-23,5.95,12,23100
2686,52,183.0,2023-01-12,7.59,24,28200
2687,52,94.0,2023-08-26,5.4,10,20700
2688,53,20.0,2023-10-02,2.38,6,11700
2689,53,27.0,2023-04-22,7.46,25,26800
2690,53,104.0,2023-11-30,1.57,4,9700
2691,53,66.0,2023-02-05,4.44,12,18800
2692,53,122.0,2023-04-04,4.51,10,18700
2693,53,174.0,2023-02-09,1.79,8,9900
2694,53,126.0,2023-10-19,1.93,8,10700
2695,53,190.0,2023-03-20,4.3,18,18100
2696,53,98.0,2023-04-23,3.04,14,14300
2697,53,31.0,2023-01-16,9.5,32,34000
2698,53,193.0,2023-10-25,4.72,18,18700
2699,53,128.0,2023-08-01,4.13,20,16800
2700,53,173.0,2023-07-12,9.78,33,34200
2701,53,114.0,2023-12-11,8.48,18,30200
2702,53,53.0,2023-06-09,2.73,12,13600
2703,53,157.0,2023-02-01,4.11,10,17800
2704,53,81.0,2023-10-21,7.59,21,27700
2705,53,167.0,2023-06-22,8.15,24,29400
2706,53,65.0,2023-07-31,3.4,16,15300
2707,53,148.0,2023-11-20,4.86,20,19700
2708,53,30.0,2023-05-05,3.2,15,14200
2709,53,139.0,2023-03-03,2.59,12,12500
2710,53,145.0,2023-07-10,3.43,14,15100
2711,53,86.0,2023-09-07,4.09,12,16900
2712,53,56.0,2023-02-18,5.83,16,22800
2713,53,192.0,2023-09-02,1.53,6,10000
2714,54,151.0,2023-12-19,2.38,7,11900
2715,54,162.0,2023-11-25,2.62,6,12900
2716,54,40.0,2023-11-04,6.09,17,23700
2717,54,50.0,2023-04-07,4.04,12,17000
2718,54,128.0,2023-09-15,5.11,22,20000
2719,54,179.0,2023-02-07,3.38,11,15000
2720,54,21.0,2023-04-17,3.51,9,16000
2721,54,170.0,2023-12-23,8.48,40,30200
2722,54,81.0,2023-02-10,3.87,13,17100
2723,54,74.0,2023-04-07,2.12,10,11000
2724,54,57.0,2023-10-15,3.52,14,15700
2725,54,69.0,2023-09-17,4.16,8,17000
2726,54,34.0,2023-03-09,4.75,16,19100
2727,54,68.0,2023-09-04,6.05,20,23600
2728,54,78.0,2023-04-27,7.57,20,27700
2729,54,35.0,2023-11-02,6.64,30,24500
2730,54,6.0,2023-07-13,3.09,7,14600
2731,54,102.0,2023-10-29,9.31,45,33300
2732,54,157.0,2023-03-11,2.27,9,11400
2733,54,143.0,2023-02-17,8.71,28,31600
2734,54,67.0,2023-03-11,6.58,21,25200
2735,54,188.0,2023-04-30,5.89,21,22100
2736,54,118.0,2023-07-24,2.37,9,12000
2737,55,56.0,2023-12-18,0.84,3,7400
2738,55,15.0,2023-03-07,1.29,5,8800
2739,55,161.0,2023-04-25,1.83,5,10100
2740,55,111.0,2023-01-03,1.23,5,8800
2741,55,149.0,2023-09-26,1.15,3,8900
2742,55,139.0,2023-02-01,1.18,3,8200
2743,55,170.0,2023-07-02,1.91,4,11200
2744,55,190.0,2023-09-07,1.12,4,8800
2745,55,144.0,2023-06-02,1.91,8,11000
2746,55,24.0,2023-06-23,1.83,6,10800
2747,55,5.0,2023-10-24,0.63,1,6700
2748,55,127.0,2023-04-01,1.33,6,9000
2749,55,76.0,2023-01-21,0.99,4,8100
2750,55,123.0,2023-07-08,1.69,4,10000
2751,55,65.0,2023-12-08,1.01,4,8100
2752,55,23.0,2023-08-12,1.14,3,8200
2753,55,44.0,2023-03-31,1.42,6,8700
2754,55,58.0,2023-02-28,1.82,7,10000
2755,55,84.0,2023-08-04,1.53,4,9400
2756,55,187.0,2023-06-13,1.14,2,8000
2757,55,34.0,2023-03-08,1.09,3,7800
2758,55,100.0,2023-12-28,2.0,8,10500
2759,55,56.0,2023-08-28,1.81,4,10400
2760,55,66.0,2023-03-01,1.15,4,8800
2761,55,46.0,2023-12-29,1.51,4,9500
2762,55,163.0,2023-07-28,1.57,4,9900
2763,55,,2023-02-01,1.28,6,9000
2764,55,124.0,2023-05-13,1.62,4,9700
2765,55,14.0,2023-04-30,0.67,1,7100
2766,55,35.0,2023-02-19,1.46,4,9800
2767,55,143.0,2023-07-27,0.52,2,6200
2768,55,29.0,2023-09-23,0.61,2,6600
2769,55,53.0,2023-03-13,1.78,3,9800
2770,55,186.0,2023-09-10,0.92,3,7900
2771,55,,2023-04-03,1.04,2,8600
2772,55,140.0,2023-01-31,1.16,4,8600
2773,55,90.0,2023-03-12,0.85,3,7400
2774,55,83.0,2023-05-02,1.09,4,8500
2775,55,107.0,2023-08-26,0.87,3,7600
2776,55,26.0,2023-08-13,1.71,7,10500
2777,55,23.0,2023-06-12,1.48,4,9100
2778,55,68.0,2023-05-15,0.55,1,7100
2779,55,56.0,2023-08-11,1.19,4,8900
2780,55,18.0,2023-10-28,1.14,5,8900
2781,55,5.0,2023-12-17,1.6,4,9600
2782,55,182.0,2023-06-15,1.87,8,10800
2783,55,186.0,2023-10-04,1.51,6,9900
2784,55,69.0,2023-12-06,1.51,6,9400
2785,55,13.0,2023-04-28,0.64,1,7000
2786,55,72.0,2023-07-29,0.77,2,7800
2787,55,69.0,2023-08-13,1.92,9,11100
2788,55,,2023-10-08,0.76,3,7600
2789,55,122.0,2023-04-06,1.19,5,8700
2790,55,53.0,2023-12-26,1.03,2,7500
2791,55,191.0,2023-02-04,1.1,2,7800
2792,55,21.0,2023-11-01,0.78,1,7500
2793,55,187.0,2023-03-02,0.82,2,7500
2794,55,138.0,2023-08-29,0.6,1,7300
2795,55,40.0,2023-06-10,1.06,2,8500
2796,55,65.0,2023-03-14,0.92,4,7900
2797,55,191.0,2023-10-05,1.97,4,10600
2798,55,84.0,2023-09-09,1.66,3,9900
2799,55,38.0,2023-02-11,1.65,6,9900
2800,55,173.0,2023-02-08,1.28,4,8300
2801,55,43.0,2023-03-15,0.53,2,6600
2802,55,155.0,2023-04-28,1.58,6,9300
2803,55,9.0,2023-11-25,0.57,2,7000
2804,55,82.0,2023-05-30,1.36,5,9200
2805,55,134.0,2023-03-30,1.95,7,10400
2806,55,,2023-01-30,0.98,3,8100
2807,55,87.0,2023-04-25,1.28,4,8300
2808,55,169.0,2023-03-12,1.73,3,10300
2809,55,86.0,2023-05-21,1.06,3,7900
2810,55,125.0,2023-08-01,0.63,1,7300
2811,55,25.0,2023-03-09,1.17,4,8800
2812,55,144.0,2023-04-25,1.59,4,9300
2813,55,18.0,2023-12-13,1.72,6,10300
2814,55,4.0,2023-08-11,1.94,9,10900
2815,55,177.0,2023-04-27,1.28,3,8800
2816,55,174.0,2023-05-06,1.56,4,9900
2817,55,54.0,2023-05-31,1.38,5,9600
2818,56,154.0,2023-02-25,6.77,32,24800
2819,56,118.0,2023-09-27,5.09,17,20600
2820,56,29.0,2023-11-02,7.06,32,25800
2821,56,57.0,2023-01-31,4.63,15,18700
2822,56,178.0,2023-05-15,2.46,6,12100
2823,56,165.0,2023-03-06,4.41,21,18000
2824,56,4.0,2023-08-01,1.3,2,8800
2825,56,180.0,2023-01-17,5.72,21,21800
2826,56,103.0,2023-12-17,9.77,21,34000
2827,56,114.0,2023-03-24,3.28,12,15300
2828,56,144.0,2023-08-28,7.14,23,26300
2829,56,196.0,2023-06-25,8.08,19,29000
2830,56,10.0,2023-12-31,2.48,8,12000
2831,56,21.0,2023-10-14,2.28,10,11900
2832,56,74.0,2023-02-10,5.27,23,20500
2833,56,172.0,2023-10-07,2.6,11,13300
2834,56,84.0,2023-01-04,6.47,22,24900
2835,56,125.0,2023-08-07,1.25,2,8200
2836,56,92.0,2023-01-16,6.58,17,24200
2837,56,6.0,2023-12-11,2.28,10,11400
2838,56,180.0,2023-04-25,7.77,34,28100
2839,56,47.0,2023-03-06,1.05,3,8000
2840,56,197.0,2023-10-17,4.18,16,17600
2841,56,33.0,2023-08-01,9.37,19,33500
2842,56,191.0,2023-02-15,6.01,14,23200
2843,56,51.0,2023-10-25,6.67,20,24500
2844,56,183.0,2023-09-23,6.72,25,25200
2845,56,144.0,2023-04-04,2.71,7,13600
2846,56,193.0,2023-04-06,8.42,19,29800
2847,56,61.0,2023-06-24,8.81,20,31400
2848,56,95.0,2023-06-28,3.03,9,14400
2849,56,38.0,2023-12-14,2.65,8,12700
2850,56,,2023-07-06,8.01,25,29000
2851,56,127.0,2023-07-23,3.46,8,15100
2852,56,121.0,2023-04-12,3.45,11,14900
2853,56,56.0,2023-11-11,3.82,12,16900
2854,56,129.0,2023-05-20,9.87,38,34200
2855,56,182.0,2023-02-22,6.01,29,23100
2856,56,126.0,2023-05-25,9.04,28,31600
2857,56,177.0,2023-03-26,2.42,7,11900
2858,56,101.0,2023-06-07,4.13,11,17100
2859,56,43.0,2023-03-30,8.92,23,31400
2860,56,148.0,2023-12-26,1.63,4,9900
2861,56,153.0,2023-08-17,1.07,3,7700
2862,56,126.0,2023-04-25,8.36,40,30200
2863,56,162.0,2023-07-16,5.63,27,21900
2864,56,114.0,2023-10-01,6.75,18,24700
2865,56,39.0,2023-05-25,1.06,4,7600
2866,56,3.0,2023-11-15,3.2,10,14300
2867,56,94.0,2023-12-01,5.35,23,20700
2868,56,134.0,2023-02-23,9.55,33,33500
2869,57,106.0,2023-10-02,1.32,5,9000
2870,57,92.0,2023-12-02,3.47,14,15900
2871,57,117.0,2023-05-07,3.62,12,16200
2872,57,124.0,2023-09-17,1.92,9,10800
2873,57,13.0,2023-10-29,7.49,21,27900
2874,57,112.0,2023-01-20,3.09,7,13900
2875,57,24.0,2023-10-07,4.14,8,17100
2876,57,53.0,2023-06-24,5.21,13,20500
2877,57,52.0,2023-02-16,3.23,15,14900
2878,57,170.0,2023-10-20,5.53,27,21000
2879,57,197.0,2023-04-12,9.03,42,32200
2880,57,,2023-10-12,1.44,5,9700
2881,57,96.0,2023-01-26,2.53,10,12500
2882,57,104.0,2023-11-28,7.2,15,27100
2883,57,124.0,2023-03-15,3.72,10,15700
2884,57,9.0,2023-03-26,6.9,23,25700
2885,57,133.0,2023-07-20,5.39,25,21400
2886,57,106.0,2023-03-31,7.96,34,28700
2887,57,146.0,2023-04-18,4.34,8,18200
2888,57,115.0,2023-11-22,3.13,13,14100
2889,57,32.0,2023-04-13,8.0,26,29300
2890,57,66.0,2023-12-19,3.33,16,15000
2891,57,23.0,2023-12-06,6.67,14,25500
2892,57,19.0,2023-08-18,8.35,36,29900
2893,57,187.0,2023-09-08,6.2,24,23700
2894,57,8.0,2023-07-06,4.3,9,18000
2895,57,122.0,2023-12-20,8.15,26,29700
2896,57,6.0,2023-08-12,8.52,38,30800
2897,57,75.0,2023-03-13,7.87,20,28700
2898,57,40.0,2023-04-05,1.59,3,9400
2899,57,137.0,2023-03-27,4.44,17,18200
2900,57,184.0,2023-11-22,8.36,19,29600
2901,57,186.0,2023-12-09,9.84,23,34000
2902,57,16.0,2023-01-10,7.86,29,28400
2903,57,172.0,2023-03-09,9.41,36,33400
2904,57,80.0,2023-05-14,1.66,4,10300
2905,57,60.0,2023-09-17,7.9,24,29100
2906,57,113.0,2023-05-02,7.83,27,28800
2907,57,71.0,2023-12-16,4.46,11,17900
2908,57,53.0,2023-05-16,9.22,27,32700
2909,57,144.0,2023-12-14,9.35,33,33300
2910,57,30.0,2023-09-24,4.13,11,17600
2911,57,33.0,2023-05-24,6.01,21,23100
2912,57,129.0,2023-12-12,6.39,17,24600
2913,57,173.0,2023-11-09,9.03,39,31700
2914,57,127.0,2023-06-30,6.5,29,24500
2915,57,93.0,2023-02-05,6.38,23,24500
2916,57,27.0,2023-07-28,4.27,20,18100
2917,57,47.0,2023-09-16,8.71,33,31100
2918,57,119.0,2023-01-04,4.51,11,18600
2919,57,80.0,2023-11-19,3.26,12,14900
2920,57,127.0,2023-06-09,8.71,25,31300
2921,57,94.0,2023-05-13,3.7,12,16400
2922,57,8.0,2023-07-18,3.29,7,14800
2923,57,43.0,2023-02-24,3.93,12,16200
2924,57,79.0,2023-10-09,6.06,18,22800
2925,57,150.0,2023-05-17,7.87,24,29000
2926,57,152.0,2023-03-10,2.37,8,12500
2927,57,82.0,2023-05-03,3.07,12,14700
2928,57,113.0,2023-02-07,9.13,34,32400
2929,57,72.0,2023-02-10,3.83,15,16500
2930,57,176.0,2023-04-21,4.84,13,19500
2931,57,142.0,2023-11-11,1.68,5,9800
2932,57,111.0,2023-01-06,5.71,22,22200
2933,57,195.0,2023-06-03,6.74,14,25100
2934,57,78.0,2023-07-14,6.15,17,23200
2935,57,,2023-01-30,3.6,10,16300
2936,57,166.0,2023-12-16,2.72,9,13000
2937,57,77.0,2023-06-24,9.2,38,32300
2938,57,181.0,2023-04-15,2.76,9,12700
2939,57,134.0,2023-01-23,8.7,31,31200
2940,57,127.0,2023-05-30,9.72,29,33900
2941,57,,2023-05-31,3.08,12,13700
2942,57,44.0,2023-02-04,6.09,27,23300
2943,57,196.0,2023-05-11,1.12,3,8200
2944,57,37.0,2023-07-24,8.97,20,32000
2945,58,,2023-05-15,6.2,27,23500
2946,58,41.0,2023-06-22,9.5,46,33700
2947,58,65.0,2023-09-06,3.19,7,14700
2948,58,175.0,2023-01-24,1.75,7,10100
2949,58,114.0,2023-03-01,2.05,8,10600
2950,58,96.0,2023-06-21,9.52,28,33900
2951,58,53.0,2023-04-05,5.0,12,20100
2952,58,89.0,2023-04-09,2.98,9,14200
2953,58,200.0,2023-01-06,5.07,11,20100
2954,58,98.0,2023-01-05,5.75,21,22500
2955,58,123.0,2023-11-18,5.64,14,22100
2956,58,23.0,2023-12-26,4.5,11,18600
2957,58,176.0,2023-10-31,8.66,33,31200
2958,58,180.0,2023-10-07,8.33,29,29800
2959,58,100.0,2023-08-29,4.75,18,18800
2960,58,19.0,2023-06-22,7.22,23,26800
2961,58,58.0,2023-09-13,2.98,10,13900
2962,58,,2023-08-31,4.6,22,18300
2963,58,46.0,2023-09-09,6.29,16,23800
2964,58,,2023-10-15,9.64,39,34400
2965,59,71.0,2023-06-10,4.99,18,19600
2966,59,108.0,2023-01-05,6.17,30,23600
2967,59,38.0,2023-01-06,1.58,3,9600
2968,59,158.0,2023-04-13,5.65,15,21800
2969,59,102.0,2023-09-26,3.19,10,14200
2970,59,154.0,2023-06-04,1.95,4,10700
2971,59,154.0,2023-02-13,7.13,16,25800
2972,59,68.0,2023-12-03,3.23,13,14600
2973,59,20.0,2023-02-18,5.45,18,21700
2974,59,60.0,2023-02-08,2.98,10,13600
2975,59,22.0,2023-11-18,9.05,31,31700
2976,59,150.0,2023-01-09,3.99,16,16500
2977,59,63.0,2023-01-11,3.66,11,15900
2978,59,48.0,2023-04-05,5.76,13,22700
2979,59,90.0,2023-01-07,6.38,15,23800
2980,59,90.0,2023-12-18,8.65,29,30700
2981,59,164.0,2023-12-19,7.74,26,28300
2982,59,96.0,2023-11-17,2.25,4,11600
2983,59,60.0,2023-03-26,2.25,5,11900
2984,59,75.0,2023-01-04,9.63,19,33900
2985,59,79.0,2023-01-09,5.52,26,21000
2986,59,90.0,2023-07-18,2.48,11,12600
2987,59,68.0,2023-08-30,4.12,13,17100
2988,59,183.0,2023-06-29,4.33,11,18300
2989,59,100.0,2023-05-05,1.21,5,8300
2990,59,108.0,2023-05-04,9.1,41,32300
2991,60,59.0,2023-01-09,3.32,6,15300
2992,60,184.0,2023-06-14,6.81,29,25300
2993,60,103.0,2023-12-31,8.25,17,30000
2994,60,199.0,2023-10-29,6.59,23,24400
2995,60,87.0,2023-09-23,7.92,26,28500
2996,60,118.0,2023-01-21,6.32,25,24300
2997,60,166.0,2023-12-23,8.8,21,31800
2998,60,72.0,2023-07-19,1.8,5,10000
2999,60,57.0,2023-01-17,1.43,4,9600
3000,60,158.0,2023-09-26,5.31,14,20500
3001,60,113.0,2023-03-23,8.39,25,30100
3002,60,161.0,2023-02-05,7.57,29,28000
3003,60,22.0,2023-08-13,8.28,18,30300
3004,60,97.0,2023-06-22,1.86,7,10700
3005,60,102.0,2023-11-24,4.73,14,19100
3006,60,47.0,2023-06-30,1.08,4,8200
3007,60,140.0,2023-01-24,8.53,41,30100
3008,60,117.0,2023-01-25,9.61,39,33900
3009,60,125.0,2023-01-02,4.55,14,18900
3010,60,169.0,2023-10-12,4.31,18,18000
3011,60,5.0,2023-02-15,9.48,21,32900
3012,61,162.0,2023-07-03,0.91,4,7600
3013,61,47.0,2023-12-24,1.52,4,9100
3014,61,188.0,2023-12-13,1.95,8,10800
3015,61,144.0,2023-08-11,1.05,2,8300
3016,61,79.0,2023-07-07,0.77,3,7300
3017,61,54.0,2023-11-23,1.62,4,9500
3018,61,10.0,2023-10-17,1.3,4,8700
3019,61,,2023-05-23,1.86,8,10700
3020,61,153.0,2023-09-11,1.17,4,8100
3021,61,131.0,2023-11-26,1.86,3,10800
3022,61,120.0,2023-04-22,1.07,3,7700
3023,61,15.0,2023-09-21,1.75,6,9900
3024,61,167.0,2023-12-16,1.7,7,9600
3025,61,90.0,2023-03-31,1.47,6,9900
3026,61,63.0,2023-08-05,1.88,6,11000
3027,61,2.0,2023-01-30,1.14,2,8800
3028,61,130.0,2023-05-28,0.88,3,7200
3029,61,,2023-01-10,1.67,7,10300
3030,61,176.0,2023-02-22,1.89,8,11000
3031,61,88.0,2023-03-12,1.02,2,8000
3032,61,156.0,2023-10-04,1.32,5,9000
3033,61,56.0,2023-09-29,1.01,4,8000
3034,61,189.0,2023-05-27,1.11,3,8200
3035,61,62.0,2023-06-28,1.62,6,9600
3036,61,30.0,2023-04-28,1.81,5,10300
3037,61,130.0,2023-06-16,1.23,4,9100
3038,61,61.0,2023-01-27,1.85,5,10700
3039,61,23.0,2023-06-08,1.38,3,8600
3040,61,162.0,2023-04-23,1.3,4,8500
3041,61,114.0,2023-07-19,1.69,6,9700
3042,61,99.0,2023-07-17,1.22,4,9000
3043,61,98.0,2023-11-19,1.11,4,8100
3044,61,101.0,2023-03-28,1.97,5,10700
3045,61,179.0,2023-04-11,1.51,5,9100
3046,61,20.0,2023-02-03,0.78,3,7400
3047,61,143.0,2023-08-31,0.52,2,7000
3048,61,104.0,2023-04-24,0.85,4,7300
3049,61,141.0,2023-02-17,0.96,3,8000
3050,61,27.0,2023-11-03,0.77,3,7500
3051,61,196.0,2023-02-24,1.91,5,11000
3052,61,134.0,2023-05-17,1.21,2,8800
3053,61,53.0,2023-08-12,0.74,2,7000
3054,61,135.0,2023-09-05,1.55,6,9200
3055,61,188.0,2023-02-26,0.82,2,7400
3056,61,127.0,2023-12-10,1.93,5,10600
3057,61,193.0,2023-05-07,1.92,4,10600
3058,61,30.0,2023-10-18,1.14,4,8100
3059,61,37.0,2024-01-01,0.55,1,6100
3060,61,40.0,2023-02-16,0.61,2,6900
3061,61,119.0,2023-07-23,0.82,3,7200
3062,61,41.0,2023-11-04,1.94,5,11100
3063,61,45.0,2023-01-31,1.83,6,9900
3064,61,106.0,2023-03-10,1.61,7,9600
3065,61,25.0,2023-05-21,1.73,3,10500
3066,61,121.0,2023-02-11,1.3,4,8900
3067,61,126.0,2023-02-24,1.8,7,10900
3068,61,106.0,2023-07-23,1.97,9,10800
3069,61,10.0,2023-01-17,1.0,2,8500
3070,61,185.0,2023-03-06,1.66,7,9500
3071,61,183.0,2023-12-02,0.95,4,8300
3072,61,,2023-03-06,0.84,3,7300
3073,61,193.0,2023-08-13,1.18,5,8300
3074,61,159.0,2023-06-14,1.79,6,10600
3075,61,16.0,2023-05-16,0.93,4,7400
3076,61,141.0,2023-03-29,1.45,4,9400
3077,62,191.0,2023-11-11,8.14,16,29700
3078,62,173.0,2023-09-02,6.64,14,25300
3079,62,57.0,2023-01-20,7.76,34,28500
3080,62,142.0,2023-12-05,2.04,6,10600
3081,62,140.0,2023-12-11,5.65,17,22400
3082,62,196.0,2023-07-08,1.01,3,8200
3083,62,,2023-06-04,4.07,12,17600
3084,62,149.0,2023-02-20,8.85,31,31900
3085,62,130.0,2023-09-19,1.76,7,10700
3086,62,136.0,2023-08-29,2.06,6,11100
3087,62,72.0,2023-12-13,7.97,21,29000
3088,62,133.0,2023-04-02,1.26,6,8700
3089,62,118.0,2023-05-06,2.18,6,12000
3090,62,139.0,2023-02-24,4.68,10,19000
3091,62,30.0,2023-04-24,6.86,22,25900
3092,62,3.0,2023-06-04,4.11,13,16900
3093,62,7.0,2023-03-01,8.54,29,30100
3094,62,4.0,2023-08-24,6.59,29,24900
3095,62,134.0,2023-03-11,2.09,10,11100
3096,62,123.0,2023-04-05,1.22,2,8200
3097,62,193.0,2023-03-02,6.4,23,23800
3098,62,,2023-12-17,7.08,32,26300
3099,62,27.0,2023-06-21,1.7,3,9700
3100,62,86.0,2023-03-15,7.44,30,27700
3101,62,6.0,2023-12-20,6.08,21,23300
3102,62,195.0,2023-11-17,7.98,31,28400
3103,62,70.0,2023-10-01,5.72,19,22600
3104,62,78.0,2023-11-15,1.16,5,8800
3105,62,,2023-04-06,7.45,19,27100
3106,62,107.0,2023-01-02,7.48,21,27100
3107,62,17.0,2023-03-08,4.38,17,17800
3108,62,,2023-04-29,7.59,30,27400
3109,62,106.0,2023-08-27,6.47,23,24700
3110,62,93.0,2023-07-04,9.88,47,34900
3111,62,51.0,2023-08-26,1.45,6,9100
3112,62,85.0,2023-01-26,5.73,15,22300
3113,62,197.0,2023-04-15,2.11,10,11500
3114,62,93.0,2023-06-27,8.78,38,31200
3115,62,,2023-01-10,2.88,11,13300
3116,62,13.0,2023-04-05,8.44,40,30600
3117,62,29.0,2023-10-18,6.57,28,24900
3118,62,35.0,2023-01-10,7.42,36,27400
3119,62,187.0,2023-02-22,9.94,28,34400
3120,62,19.0,2023-12-30,8.62,41,31200
3121,62,63.0,2023-09-30,1.72,7,10100
3122,62,93.0,2023-12-08,3.04,12,13700
3123,62,66.0,2023-11-02,1.63,7,9600
3124,62,117.0,2023-05-06,4.33,16,17400
3125,62,39.0,2023-07-06,4.78,13,19000
3126,62,108.0,2023-01-03,5.23,24,20200
3127,62,43.0,2023-01-04,7.54,28,27200
3128,62,92.0,2023-02-17,5.22,19,20100
3129,62,141.0,2023-01-21,7.82,24,28200
3130,62,42.0,2023-04-21,9.89,31,34800
3131,62,52.0,2023-06-03,5.09,21,19700
3132,62,120.0,2023-03-08,7.7,22,28400
3133,62,54.0,2023-05-31,5.37,19,20900
3134,62,122.0,2023-01-01,6.48,12,24700
3135,62,160.0,2023-10-05,2.61,6,12900
3136,62,119.0,2023-04-21,1.83,5,10500
3137,62,61.0,2023-09-22,9.97,35,35300
3138,63,50.0,2023-05-13,4.04,16,17400
3139,63,60.0,2023-01-07,5.89,19,22400
3140,63,161.0,2023-11-18,3.9,13,16800
3141,63,27.0,2023-02-18,3.03,12,13800
3142,63,70.0,2023-02-12,3.01,11,14300
3143,63,105.0,2023-07-25,1.33,2,9000
3144,63,164.0,2023-04-21,7.2,22,27100
3145,63,162.0,2023-11-11,3.99,10,16700
3146,63,160.0,2023-02-10,5.78,12,22500
3147,63,53.0,2023-03-09,8.89,20,31500
3148,63,126.0,2023-03-08,8.04,20,29000
3149,63,75.0,2023-10-29,3.76,11,16400
3150,63,133.0,2023-03-03,9.63,27,33500
3151,63,146.0,2023-12-28,6.86,31,25900
3152,63,198.0,2023-06-17,1.0,4,8500
3153,63,43.0,2023-05-16,6.82,30,24900
3154,63,59.0,2023-06-25,5.88,20,23100
3155,63,133.0,2023-09-27,8.35,20,29600
3156,63,106.0,2023-12-02,6.79,17,24900
3157,63,31.0,2023-07-13,2.02,5,10900
3158,63,94.0,2023-08-31,4.0,13,17000
3159,63,12.0,2023-07-15,4.49,18,18400
3160,63,25.0,2023-11-29,2.78,13,13100
3161,63,87.0,2023-07-09,4.72,21,19200
3162,63,126.0,2023-01-30,9.66,39,34200
3163,63,100.0,2023-06-04,7.94,29,28400
3164,63,116.0,2023-03-21,2.71,5,13100
3165,63,192.0,2023-03-03,7.6,27,27600
3166,63,151.0,2023-12-13,2.04,7,11100
3167,63,81.0,2023-01-09,8.3,23,29400
3168,63,133.0,2023-05-01,9.9,45,35200
3169,63,3.0,2023-02-21,7.2,23,26100
3170,63,189.0,2023-12-16,8.39,20,30400
3171,63,14.0,2023-08-31,8.7,23,31200
3172,63,,2023-11-06,1.24,3,9100
3173,63,58.0,2023-08-27,6.88,29,25600
3174,63,49.0,2023-07-20,2.2,5,11300
3175,63,141.0,2023-10-12,3.21,8,15100
3176,63,158.0,2023-05-17,5.18,23,20900
3177,63,188.0,2023-07-17,9.36,42,33500
3178,63,160.0,2023-04-01,3.39,13,15300
3179,63,14.0,2023-12-24,9.61,31,33500
3180,63,129.0,2023-10-12,1.3,5,9100
3181,63,137.0,2023-10-23,8.62,41,30400
3182,63,119.0,2023-01-28,5.31,18,21100
3183,63,36.0,2023-10-22,4.59,12,19000
3184,63,,2023-11-23,6.63,29,24500
3185,63,26.0,2023-11-22,4.93,21,19900
3186,63,153.0,2023-05-01,7.64,22,28000
3187,63,90.0,2023-12-18,5.94,26,22700
3188,63,177.0,2023-02-24,4.82,12,18900
3189,63,126.0,2023-12-21,2.7,10,12700
3190,63,133.0,2023-07-07,7.63,37,27700
3191,64,,2023-03-16,1.67,5,10200
3192,64,198.0,2023-07-10,9.76,23,34200
3193,64,7.0,2023-09-08,6.71,16,25300
3194,64,70.0,2023-07-19,1.47,4,9400
3195,64,72.0,2023-11-25,9.41,45,32900
3196,64,193.0,2023-02-08,9.12,45,32700
3197,64,91.0,2023-12-25,8.6,38,30700
3198,64,136.0,2023-09-03,5.98,18,22400
3199,64,192.0,2023-11-10,4.47,14,18300
3200,64,113.0,2023-04-06,4.81,10,19200
3201,64,125.0,2023-11-04,4.74,19,19600
3202,64,74.0,2023-08-19,4.54,12,18200
3203,64,3.0,2023-04-17,2.48,12,12500
3204,64,158.0,2023-02-04,5.39,26,21200
3205,64,106.0,2023-06-25,5.29,15,21300
3206,64,22.0,2023-12-27,4.46,18,18100
3207,64,65.0,2023-10-28,5.93,29,22500
3208,64,33.0,2023-03-30,9.02,34,31600
3209,64,182.0,2023-06-05,9.14,19,32500
3210,64,165.0,2023-06-11,5.89,24,22600
3211,64,76.0,2023-06-16,9.46,33,33400
3212,64,103.0,2023-09-15,2.14,7,11000
3213,64,124.0,2023-07-01,3.34,9,14600
3214,64,109.0,2023-04-03,3.71,10,15700
3215,64,84.0,2023-03-27,8.51,30,30500
3216,64,21.0,2023-01-12,2.01,7,10600
3217,64,26.0,2023-06-25,3.13,13,13900
3218,64,192.0,2023-07-23,7.22,26,26500
3219,64,200.0,2023-11-28,1.56,7,9100
3220,64,174.0,2023-10-08,7.97,37,29400
3221,64,197.0,2023-05-14,2.89,11,13700
3222,64,37.0,2023-02-01,9.53,25,33200
3223,64,161.0,2023-08-12,7.28,33,26900
3224,64,123.0,2023-01-04,9.26,29,32300
3225,64,46.0,2023-02-23,9.89,30,34700
3226,64,12.0,2023-09-16,6.72,24,24800
3227,64,180.0,2023-02-02,4.91,24,20200
3228,64,57.0,2023-03-22,2.17,5,11600
3229,64,185.0,2023-10-23,2.6,7,12500
3230,64,92.0,2023-10-01,8.72,18,31000
3231,64,116.0,2023-04-19,7.73,28,28400
3232,64,16.0,2023-10-17,9.65,41,34400
3233,64,13.0,2023-04-20,7.06,22,26100
3234,64,183.0,2023-04-19,8.19,22,29400
3235,64,64.0,2023-08-11,2.39,6,12000
3236,64,,2023-05-26,8.25,23,29300
3237,64,133.0,2023-01-06,1.36,6,9400
3238,64,110.0,2023-05-18,1.33,6,8400
3239,64,92.0,2023-05-16,3.6,10,15900
3240,64,108.0,2023-02-04,9.34,32,32600
3241,64,135.0,2023-07-07,4.23,14,17500
3242,64,11.0,2023-03-02,7.63,37,27500
3243,64,111.0,2023-06-30,3.94,9,16500
3244,64,141.0,2023-06-04,4.83,15,19200
3245,64,118.0,2023-04-27,8.36,28,30400
3246,64,32.0,2023-05-15,9.76,34,34600
3247,64,62.0,2023-10-17,5.3,23,20600
3248,64,,2023-03-25,1.66,3,9900
3249,64,16.0,2023-12-16,4.36,18,18300
3250,64,100.0,2023-11-14,2.72,5,13300
3251,65,57.0,2023-04-02,7.32,17,27200
3252,65,173.0,2023-09-12,2.24,5,12100
3253,65,82.0,2023-11-25,3.1,6,14400
3254,65,,2023-02-02,3.46,13,15500
3255,65,184.0,2023-12-13,3.73,15,15900
3256,65,167.0,2023-08-13,6.52,17,24000
3257,65,124.0,2023-08-15,4.38,17,17700
3258,65,101.0,2023-06-09,3.0,6,14000
3259,65,,2023-09-17,8.38,21,29900
3260,65,,2023-10-06,4.65,23,18900
3261,65,101.0,2023-02-24,1.21,4,8200
3262,65,52.0,2023-09-03,5.6,23,21500
3263,65,85.0,2023-07-10,7.93,26,28600
3264,65,116.0,2023-02-26,1.19,3,8000
3265,65,166.0,2023-06-18,8.73,32,31400
3266,65,197.0,2023-05-28,5.15,11,20000
3267,65,185.0,2023-08-09,6.82,18,25300
3268,65,34.0,2023-02-04,3.78,16,16400
3269,65,105.0,2023-01-10,3.4,13,15600
3270,65,41.0,2023-09-04,1.67,7,10200
3271,65,6.0,2023-12-09,2.18,7,11300
3272,65,46.0,2023-05-11,5.99,25,22600
3273,65,101.0,2023-01-10,1.32,5,8700
3274,65,101.0,2023-11-19,8.15,22,29400
3275,65,39.0,2023-03-29,1.9,9,11100
3276,65,193.0,2023-10-08,6.23,29,24100
3277,65,22.0,2023-09-01,8.78,32,31200
3278,65,167.0,2023-02-11,6.71,18,24900
3279,65,71.0,2023-04-29,3.27,14,15300
3280,65,34.0,2023-09-08,3.71,16,16200
3281,65,,2023-05-23,8.11,16,29100
3282,65,36.0,2023-12-15,1.11,3,8100
3283,65,29.0,2023-01-09,1.66,6,9500
3284,65,165.0,2023-02-14,5.57,13,22000
3285,65,,2023-01-02,3.29,9,14800
3286,65,100.0,2023-04-22,1.09,4,7800
3287,65,64.0,2023-08-08,7.53,22,27200
3288,65,114.0,2023-11-09,7.23,35,26900
3289,65,128.0,2023-11-30,7.29,34,27000
3290,65,74.0,2023-03-12,2.82,11,13100
3291,65,196.0,2023-08-20,5.76,17,22500
3292,65,7.0,2023-07-04,3.15,9,14100
3293,65,109.0,2023-09-30,7.58,37,27300
3294,65,16.0,2023-02-22,9.64,23,33700
3295,65,200.0,2023-10-03,2.58,11,12500
3296,65,29.0,2023-11-27,3.34,13,14800
3297,65,19.0,2023-01-27,2.45,6,12800
3298,65,192.0,2023-09-28,1.32,6,8700
3299,65,77.0,2023-08-23,5.41,26,20900
3300,65,115.0,2023-12-29,6.92,31,26100
3301,65,47.0,2023-08-30,7.92,33,28200
3302,65,108.0,2023-01-28,9.0,37,32400
3303,65,73.0,2023-06-27,1.33,3,8400
3304,65,,2023-03-15,4.76,22,18900
3305,66,149.0,2023-07-25,8.32,31,30300
3306,66,19.0,2023-03-23,9.38,19,33100
3307,66,143.0,2023-02-10,8.54,34,30100
3308,66,156.0,2023-02-09,2.81,11,13000
3309,66,52.0,2023-08-11,7.04,27,26400
3310,66,118.0,2023-01-29,4.15,11,17800
3311,66,194.0,2023-12-16,1.06,2,8600
3312,66,61.0,2023-12-07,6.03,12,23100
3313,66,123.0,2023-04-18,7.46,15,27200
3314,66,119.0,2023-11-20,9.86,27,34500
3315,66,,2023-02-22,8.1,17,29600
3316,66,,2023-06-06,2.57,5,13000
3317,66,56.0,2023-08-14,2.12,5,11100
3318,66,28.0,2023-06-09,7.11,29,26800
3319,66,38.0,2023-07-31,7.09,26,25800
3320,66,148.0,2023-04-14,6.94,25,25500
3321,66,187.0,2023-10-13,5.17,23,21000
3322,66,186.0,2023-08-16,8.68,41,31000
3323,66,155.0,2023-05-15,8.94,39,31700
3324,66,148.0,2023-10-30,4.36,19,17500
3325,66,194.0,2023-09-14,7.59,18,28000
3326,66,81.0,2023-12-27,6.76,24,25100
3327,66,28.0,2023-11-05,6.58,15,24200
3328,66,20.0,2023-09-28,3.92,18,16600
3329,66,160.0,2023-08-03,7.97,25,29100
3330,66,146.0,2023-05-15,9.23,43,32600
3331,66,77.0,2023-12-15,5.81,22,22700
3332,66,131.0,2023-04-02,7.52,36,27500
3333,66,99.0,2023-07-19,5.52,26,22000
3334,66,76.0,2023-08-11,3.93,12,16800
3335,66,196.0,2023-03-30,4.01,8,16700
3336,66,193.0,2023-06-23,3.93,10,16500
3337,66,13.0,2023-02-28,6.97,33,25500
3338,66,15.0,2023-10-21,6.61,24,24800
3339,66,111.0,2023-07-13,2.68,12,12500
3340,66,59.0,2023-06-13,7.26,31,26600
3341,66,35.0,2023-10-19,3.5,14,15300
3342,66,8.0,2023-03-16,3.76,11,15700
3343,66,189.0,2023-05-13,1.9,3,10600
3344,66,157.0,2023-07-26,5.71,17,22300
3345,66,,2023-11-21,7.68,15,27800
3346,66,59.0,2023-04-26,7.45,18,27600
3347,66,108.0,2023-07-25,3.85,17,17000
3348,66,71.0,2023-10-23,1.0,4,8500
3349,66,54.0,2023-12-31,2.7,6,13100
3350,66,185.0,2023-01-31,2.6,9,12300
3351,66,53.0,2023-07-15,3.68,12,16100
3352,66,161.0,2023-12-05,3.88,16,17100
3353,66,67.0,2023-12-29,6.41,16,24000
3354,66,27.0,2023-06-14,7.24,28,26300
3355,66,155.0,2024-01-01,4.9,17,19200
3356,66,7.0,2023-04-13,9.01,25,32500
3357,66,45.0,2023-03-16,1.45,6,9200
3358,66,68.0,2023-04-05,6.77,16,25700
3359,66,172.0,2023-04-16,8.6,22,30300
3360,66,186.0,2023-02-20,7.03,33,26300
3361,66,12.0,2023-09-30,1.79,6,10600
3362,66,19.0,2023-12-06,2.18,7,11700
3363,66,151.0,2023-09-24,5.02,11,20000
3364,66,140.0,2023-03-19,5.95,15,22700
3365,66,56.0,2023-12-03,7.27,26,26300
3366,66,35.0,2023-12-17,5.05,11,20400
3367,66,93.0,2023-02-11,9.85,22,34900
3368,66,7.0,2023-08-12,2.64,8,12900
3369,66,164.0,2023-01-14,9.18,33,32300
3370,66,64.0,2023-09-21,2.91,8,13300
3371,66,85.0,2023-02-07,8.39,25,30300
3372,67,128.0,2023-10-31,1.2,2,9100
3373,67,65.0,2023-01-21,4.52,11,19000
3374,67,186.0,2023-10-11,7.04,25,26500
3375,67,2.0,2023-07-02,1.41,5,9500
3376,67,104.0,2023-09-22,2.5,10,12700
3377,67,148.0,2023-03-30,1.39,4,9200
3378,67,114.0,2023-07-03,1.61,3,10000
3379,67,98.0,2023-10-09,3.21,8,14400
3380,67,63.0,2023-07-23,6.53,27,24700
3381,67,139.0,2023-10-01,1.33,3,9200
3382,67,2.0,2023-09-30,5.8,18,22400
3383,67,40.0,2023-05-07,1.55,7,10000
3384,67,175.0,2023-09-21,7.6,36,28200
3385,67,118.0,2023-08-18,2.33,5,11700
3386,67,150.0,2023-03-30,7.19,19,26300
3387,67,155.0,2023-08-14,4.16,20,17900
3388,67,179.0,2023-12-30,8.94,40,31700
3389,67,158.0,2023-03-10,6.98,24,25800
3390,67,161.0,2023-05-18,6.88,32,25700
3391,67,62.0,2023-02-26,4.23,13,17400
3392,67,85.0,2023-03-14,1.62,6,9400
3393,67,109.0,2023-08-18,5.86,24,22800
3394,67,82.0,2023-01-01,8.58,31,30500
3395,67,129.0,2023-12-14,7.1,20,25800
3396,67,175.0,2023-05-23,3.08,10,14700
3397,67,164.0,2023-12-09,2.24,10,11500
3398,67,68.0,2023-09-20,9.02,33,32400
3399,67,44.0,2023-08-04,7.54,22,27500
3400,67,6.0,2023-02-15,5.25,16,21000
3401,67,,2023-01-15,8.9,26,32100
3402,67,18.0,2023-06-26,5.74,25,22000
3403,67,71.0,2023-03-26,9.09,18,32400
3404,67,180.0,2023-01-20,8.44,25,30700
3405,67,120.0,2023-03-03,4.93,20,19300
3406,68,,2023-06-13,1.59,6,9600
3407,68,11.0,2023-04-18,5.18,11,20800
3408,68,52.0,2023-05-02,8.49,20,30400
3409,68,87.0,2023-12-07,8.43,24,29700
3410,68,8.0,2023-06-09,9.73,23,34500
3411,68,165.0,2023-01-15,1.25,2,8500
3412,68,194.0,2023-10-23,7.19,15,26500
3413,68,,2023-05-28,1.39,5,9100
3414,68,141.0,2023-03-14,5.57,16,22100
3415,68,178.0,2023-09-27,6.76,25,25000
3416,68,58.0,2023-03-02,2.51,9,12200
3417,68,,2023-02-27,9.76,31,33700
3418,68,112.0,2023-03-21,8.02,22,29400
3419,68,1.0,2023-09-29,6.93,24,25400
3420,68,180.0,2023-09-03,4.87,17,20000
3421,68,112.0,2023-01-02,7.7,30,27800
3422,68,174.0,2023-04-13,8.36,23,29600
3423,68,156.0,2023-08-29,3.82,12,16500
3424,68,82.0,2023-01-30,5.84,25,23000
3425,68,34.0,2023-07-11,3.83,10,16200
3426,68,47.0,2023-12-22,8.1,26,28900
3427,68,121.0,2023-03-02,4.37,16,17800
3428,68,25.0,2023-08-03,6.83,19,25200
3429,68,26.0,2023-10-26,1.02,2,7700
3430,68,173.0,2023-05-06,4.45,22,18300
3431,68,126.0,2023-05-13,1.82,4,10600
3432,68,152.0,2023-02-08,6.92,27,26100
3433,68,27.0,2023-07-15,3.95,16,16900
3434,68,124.0,2023-02-17,6.6,18,25300
3435,68,72.0,2023-04-04,5.87,21,22500
3436,68,63.0,2023-07-17,6.78,25,24900
3437,69,134.0,2023-10-06,6.04,25,23400
3438,69,138.0,2023-05-05,4.85,17,19600
3439,69,95.0,2023-08-06,7.41,30,27500
3440,69,147.0,2023-11-29,9.54,22,33800
3441,69,178.0,2023-08-25,6.78,27,25500
3442,69,143.0,2023-12-05,2.27,5,12000
3443,69,180.0,2023-12-01,5.05,11,20000
3444,69,146.0,2023-10-14,2.75,11,12800
3445,69,50.0,2023-10-17,2.6,7,12800
3446,69,,2023-03-21,1.49,4,9400
3447,69,187.0,2023-04-22,8.25,23,29400
3448,69,11.0,2023-01-31,3.22,15,14700
3449,69,190.0,2023-08-27,7.45,26,27500
3450,69,185.0,2023-03-17,4.68,17,19500
3451,69,17.0,2023-08-30,8.49,41,30800
3452,69,56.0,2023-06-19,7.17,35,26800
3453,69,3.0,2023-09-02,5.58,18,21700
3454,69,165.0,2023-08-12,1.48,4,9000
3455,69,93.0,2023-03-05,6.99,27,25600
3456,69,151.0,2023-02-20,5.53,22,21800
3457,69,55.0,2023-10-29,2.31,8,11500
3458,69,143.0,2023-07-12,2.16,5,11600
3459,69,,2023-06-13,2.86,8,13500
3460,69,110.0,2023-11-13,4.32,13,17500
3461,69,132.0,2023-12-27,7.52,18,27400
3462,69,117.0,2023-10-31,7.33,17,26700
3463,69,193.0,2023-07-16,7.29,18,26500
3464,69,36.0,2023-09-24,8.37,38,30500
3465,69,123.0,2023-04-04,5.94,28,23300
3466,69,10.0,2023-09-01,8.95,27,31500
3467,69,131.0,2023-11-21,4.45,20,18200
3468,69,48.0,2023-02-13,4.92,14,19300
3469,69,93.0,2023-01-13,3.16,11,14500
3470,69,154.0,2023-09-14,7.81,34,28300
3471,69,88.0,2023-11-04,8.69,31,30700
3472,69,59.0,2023-01-11,6.61,17,24300
3473,69,70.0,2023-07-04,4.51,17,18500
3474,69,57.0,2023-04-22,3.09,10,13900
3475,69,16.0,2023-05-07,1.87,8,10600
3476,69,138.0,2023-12-03,5.74,21,22600
3477,69,36.0,2023-02-10,7.91,23,28500
3478,69,27.0,2023-09-14,7.6,22,28200
3479,69,36.0,2023-11-03,3.5,13,15300
3480,69,35.0,2023-12-06,3.49,17,15500
3481,69,83.0,2023-06-16,7.51,31,27400
3482,69,184.0,2023-04-24,1.19,3,8600
3483,69,127.0,2023-07-15,4.45,21,18600
3484,69,168.0,2023-09-17,9.17,23,32400
3485,69,35.0,2023-10-28,5.96,25,22700
3486,69,198.0,2023-06-25,7.85,32,28000
3487,69,104.0,2023-06-17,1.48,2,9000
3488,69,50.0,2023-01-28,6.25,24,23600
3489,69,42.0,2023-12-11,6.05,29,23600
3490,69,87.0,2023-09-29,8.94,31,32000
3491,69,178.0,2023-09-16,1.77,6,10400
3492,69,129.0,2023-11-15,3.08,14,13800
3493,69,30.0,2023-05-18,4.0,8,17400
3494,70,101.0,2023-12-08,6.77,19,25500
3495,70,82.0,2023-05-27,3.21,8,14400
3496,70,165.0,2023-03-07,3.95,17,17200
3497,70,30.0,2023-07-22,9.18,24,32200
3498,70,,2023-12-18,7.93,27,28300
3499,70,74.0,2023-05-11,8.94,24,32000
3500,70,74.0,2023-11-15,5.99,27,23300
3501,70,32.0,2023-09-17,6.2,18,24000
3502,70,89.0,2023-05-16,6.85,15,25300
3503,70,148.0,2023-03-05,6.09,23,23100
3504,70,132.0,2023-11-05,3.77,17,16500
3505,70,42.0,2023-03-24,7.98,24,29100
3506,70,109.0,2023-11-12,4.11,11,17500
3507,70,127.0,2023-10-02,5.5,18,21900
3508,70,167.0,2023-06-07,4.64,16,19300
3509,70,181.0,2023-04-08,5.16,12,20900
3510,70,169.0,2023-04-06,1.61,5,9800
3511,70,113.0,2023-04-16,3.08,14,13900
3512,70,140.0,2023-02-03,8.88,28,31200
3513,70,107.0,2023-05-07,5.26,20,20400
3514,70,189.0,2023-09-21,6.04,18,23400
3515,70,191.0,2023-08-29,8.76,43,31000
3516,70,20.0,2023-02-07,9.13,28,32200
3517,70,143.0,2023-08-24,2.92,9,14100
3518,70,70.0,2023-10-18,3.57,14,15300
3519,70,71.0,2023-09-17,1.85,5,10000
3520,70,70.0,2023-10-15,2.68,5,13100
3521,70,134.0,2023-09-19,8.39,33,30600
3522,70,185.0,2023-03-28,8.94,20,32000
3523,70,55.0,2023-01-24,7.99,31,28600
3524,70,48.0,2023-02-06,8.58,40,30600
3525,70,160.0,2023-12-28,4.6,16,18600
3526,70,31.0,2023-04-12,9.98,31,35200
3527,70,166.0,2023-09-21,2.72,7,12900
3528,70,148.0,2023-06-29,2.38,9,12200
3529,70,175.0,2023-03-23,8.85,19,31300
3530,70,146.0,2023-01-31,6.89,16,25900
3531,70,134.0,2023-05-18,9.93,29,34300
3532,70,,2023-02-26,4.05,9,17500
3533,70,77.0,2023-07-03,8.95,23,31300
3534,70,181.0,2023-11-30,1.71,8,9800
3535,70,22.0,2023-11-19,6.61,30,24600
3536,70,81.0,2023-07-06,6.59,20,24400
3537,70,180.0,2023-11-22,1.79,4,10700
3538,70,181.0,2023-09-29,1.99,4,11300
3539,70,137.0,2023-06-13,8.15,26,29100
3540,70,51.0,2023-12-17,4.25,18,17400
3541,70,42.0,2023-04-03,7.17,15,27000
3542,70,198.0,2023-08-08,3.55,16,15500
3543,70,78.0,2023-04-16,9.87,21,34300
3544,70,159.0,2023-04-19,6.6,13,24900
3545,70,37.0,2023-06-29,3.11,7,14700
3546,70,102.0,2023-09-25,1.75,5,10700
3547,70,69.0,2023-12-03,6.74,32,25400
3548,70,,2023-03-16,5.13,16,20700
3549,70,75.0,2023-03-22,3.57,14,15200
3550,70,46.0,2023-06-27,5.09,10,20600
3551,70,169.0,2023-09-26,9.82,25,34200
3552,70,192.0,2023-02-02,4.07,12,17500
3553,70,23.0,2023-01-23,5.31,19,21000
3554,70,153.0,2023-04-22,1.66,5,9600
3555,70,167.0,2023-09-28,2.55,10,13100
3556,70,121.0,2023-04-20,7.67,18,27500
3557,70,43.0,2023-12-23,6.43,17,24200
3558,70,46.0,2023-10-27,4.18,18,18000
3559,70,30.0,2023-06-08,5.46,25,21100
3560,70,181.0,2023-12-28,2.19,10,11400
3561,70,136.0,2023-09-06,1.88,6,10800
3562,70,193.0,2023-11-10,9.85,43,34700
3563,70,16.0,2023-11-13,6.05,24,23100
3564,70,174.0,2023-10-24,3.05,12,14200
3565,70,44.0,2023-07-13,3.58,12,15800
3566,70,32.0,2023-07-26,3.97,9,16600
3567,70,94.0,2023-01-18,8.9,25,31400
3568,70,149.0,2023-07-27,4.15,14,17000
3569,70,23.0,2023-10-27,2.98,10,14000
3570,70,114.0,2023-09-29,1.25,2,8500
3571,71,60.0,2023-08-01,5.62,12,22300
3572,71,73.0,2023-07-10,7.56,32,27200
3573,71,35.0,2023-11-22,4.12,18,17800
3574,71,26.0,2023-06-09,4.49,14,18000
3575,71,98.0,2023-11-19,8.15,28,29700
3576,71,133.0,2023-01-31,5.64,16,21500
3577,71,70.0,2023-01-18,7.81,15,28000
3578,71,28.0,2023-11-19,9.43,33,32700
3579,71,131.0,2023-11-08,9.21,18,32600
3580,71,102.0,2023-07-07,3.14,7,14800
3581,71,73.0,2023-10-08,6.83,25,25300
3582,71,48.0,2023-04-20,9.57,45,33900
3583,71,189.0,2023-11-03,4.7,12,19600
3584,71,119.0,2023-12-24,7.64,33,27900
3585,71,26.0,2023-03-20,3.98,8,16800
3586,71,64.0,2023-03-25,7.12,24,26400
3587,71,5.0,2023-10-19,5.64,17,22300
3588,71,154.0,2023-12-23,8.02,18,28600
3589,71,46.0,2023-09-10,1.36,4,8900
3590,71,101.0,2023-05-08,2.99,10,13900
3591,71,18.0,2023-10-04,6.34,23,23700
3592,71,110.0,2023-04-18,2.28,8,11700
3593,71,159.0,2023-09-21,1.04,2,8500
3594,71,59.0,2023-09-20,6.69,13,24500
3595,71,10.0,2023-09-14,1.63,7,9600
3596,71,53.0,2023-03-06,3.25,13,14500
3597,71,58.0,2023-05-31,7.55,32,28100
3598,71,150.0,2023-08-01,3.17,9,14800
3599,71,48.0,2023-02-13,3.47,12,15700
3600,71,153.0,2023-04-16,9.69,19,33600
3601,71,23.0,2023-01-27,9.06,26,32200
3602,71,177.0,2023-02-19,1.96,4,10900
3603,71,184.0,2023-07-23,8.32,39,29900
3604,72,194.0,2023-03-21,8.48,41,30600
3605,72,26.0,2023-01-24,5.51,25,21900
3606,72,15.0,2023-06-12,1.11,2,7900
3607,72,46.0,2023-03-07,5.6,14,21500
3608,72,165.0,2023-03-06,8.49,29,30700
3609,72,161.0,2023-11-11,2.41,9,11700
3610,72,81.0,2023-08-23,8.95,27,31800
3611,72,75.0,2023-03-23,6.82,18,25400
3612,72,144.0,2023-10-17,9.26,43,32400
3613,72,15.0,2023-04-02,6.34,27,24000
3614,72,12.0,2023-11-20,9.3,41,32900
3615,72,103.0,2023-02-09,8.42,31,30600
3616,72,200.0,2023-05-04,5.34,17,20700
3617,72,118.0,2023-12-05,3.89,18,16500
3618,72,15.0,2023-08-11,3.53,9,15900
3619,72,108.0,2023-06-03,9.97,27,34500
3620,72,,2023-05-18,2.38,7,12600
3621,72,166.0,2023-02-26,4.61,10,18600
3622,72,54.0,2023-08-27,5.97,15,22400
3623,72,51.0,2023-08-04,3.33,10,15200
3624,72,19.0,2023-06-28,1.3,4,8500
3625,72,80.0,2023-08-25,2.25,8,11400
3626,72,154.0,2023-10-15,8.15,21,29200
3627,72,89.0,2023-01-17,5.88,15,23000
3628,72,62.0,2023-03-29,8.5,39,30600
3629,72,14.0,2023-12-18,1.66,8,10300
3630,72,157.0,2023-06-25,4.42,19,17700
3631,72,189.0,2023-04-21,2.95,9,14300
3632,72,82.0,2023-03-20,4.06,15,17000
3633,72,194.0,2023-02-23,1.18,2,8000
3634,72,199.0,2023-02-13,2.32,10,11900
3635,72,194.0,2023-10-21,2.89,11,13800
3636,72,184.0,2023-01-28,3.25,7,15200
3637,72,175.0,2023-07-27,3.1,6,14600
3638,72,84.0,2023-03-29,8.68,26,30500
3639,72,146.0,2023-09-08,3.44,16,15800
3640,72,3.0,2023-08-20,3.71,8,16400
3641,72,8.0,2023-04-13,1.59,4,9500
3642,72,197.0,2023-06-04,3.63,9,16000
3643,72,6.0,2023-05-08,6.13,16,23600
3644,72,21.0,2023-07-21,8.91,37,31500
3645,72,15.0,2023-08-08,7.6,25,28200
3646,72,130.0,2023-11-03,3.88,8,16400
3647,72,126.0,2023-04-22,4.48,16,18000
3648,72,189.0,2023-01-01,4.8,18,19100
3649,72,198.0,2023-03-29,2.59,9,12900
3650,72,54.0,2023-06-11,3.77,14,16500
3651,72,41.0,2023-06-13,4.73,17,19600
3652,72,169.0,2023-12-19,4.15,13,17800
3653,72,55.0,2023-11-18,2.38,5,11700
3654,72,185.0,2023-07-27,5.84,20,22100
3655,72,177.0,2023-08-01,3.65,13,16300
3656,73,44.0,2023-02-07,3.04,10,14500
3657,73,12.0,2023-12-12,3.3,9,14800
3658,73,11.0,2023-01-21,2.33,10,12300
3659,73,33.0,2023-10-15,7.33,26,26400
3660,73,63.0,2023-08-27,3.16,14,14000
3661,73,1.0,2023-04-28,7.48,25,27700
3662,73,197.0,2023-03-28,3.4,10,14900
3663,73,92.0,2023-03-26,2.43,11,12100
3664,73,169.0,2023-06-21,1.02,4,8300
3665,73,87.0,2023-10-26,9.97,20,34400
3666,73,104.0,2023-01-31,2.01,6,11100
3667,73,11.0,2023-09-16,2.92,6,13600
3668,73,196.0,2023-12-03,9.68,39,34100
3669,73,184.0,2023-06-03,6.58,17,24900
3670,73,24.0,2023-03-07,1.21,4,8700
3671,73,199.0,2023-09-26,1.35,3,9500
3672,73,54.0,2023-01-25,7.91,25,28600
3673,73,,2023-02-16,4.0,13,17400
3674,73,124.0,2023-12-07,3.19,12,14600
3675,73,48.0,2023-04-08,8.4,19,30100
3676,73,157.0,2023-06-21,2.01,9,10900
3677,73,28.0,2023-07-09,2.61,11,13100
3678,73,,2023-05-04,7.96,32,28400
3679,73,105.0,2023-06-06,9.36,28,32900
3680,73,168.0,2023-05-06,7.35,32,26700
3681,73,165.0,2023-12-01,8.37,23,30500
3682,73,95.0,2023-06-04,8.71,40,31300
3683,73,28.0,2023-03-20,1.13,4,8300
3684,73,13.0,2023-08-04,5.42,13,21300
3685,73,161.0,2023-05-20,2.42,9,12000
3686,73,,2023-07-18,1.87,4,10400
3687,73,191.0,2023-08-02,9.65,34,33800
3688,73,26.0,2023-08-15,5.24,19,20400
3689,73,160.0,2023-05-01,3.5,8,15700
3690,73,165.0,2023-05-19,7.96,31,29000
3691,73,178.0,2023-11-04,5.9,16,23000
3692,73,125.0,2023-11-14,4.07,8,17000
3693,73,48.0,2023-01-17,1.67,5,9900
3694,73,59.0,2023-08-08,5.88,28,22300
3695,73,161.0,2023-09-05,5.43,24,21500
3696,73,82.0,2023-12-12,5.92,16,22800
3697,73,141.0,2023-07-21,6.29,29,24100
3698,73,148.0,2023-01-16,8.08,27,29400
3699,73,129.0,2023-05-11,9.69,25,34100
3700,73,98.0,2023-06-01,1.03,4,7500
3701,73,175.0,2023-02-20,8.65,32,31000
3702,73,199.0,2023-04-13,7.7,27,27600
3703,73,35.0,2023-04-24,7.37,29,26900
3704,73,63.0,2023-12-10,7.04,19,25600
3705,73,195.0,2023-05-19,4.95,22,20000
3706,73,45.0,2023-08-02,8.18,33,29800
3707,73,103.0,2023-04-05,7.31,15,27300
3708,73,95.0,2023-05-25,5.37,23,21300
3709,73,38.0,2023-12-25,3.12,15,14500
3710,73,92.0,2023-03-22,2.01,6,11500
3711,73,163.0,2023-01-25,2.11,9,11200
3712,73,86.0,2023-10-06,4.85,16,19900
3713,73,49.0,2023-11-17,9.79,20,34800
3714,73,173.0,2023-10-26,8.09,21,29500
3715,73,115.0,2023-11-23,7.83,23,28700
3716,73,88.0,2023-02-26,7.48,23,26900
3717,74,27.0,2023-06-28,0.75,2,7700
3718,74,11.0,2023-06-08,1.77,4,10100
3719,74,180.0,2024-01-01,1.24,3,9000
3720,74,112.0,2023-11-16,1.14,2,8400
3721,74,183.0,2023-09-01,1.69,5,9900
3722,74,154.0,2023-09-04,0.72,2,7400
3723,74,52.0,2023-05-10,1.84,8,10400
3724,74,101.0,2023-11-24,1.4,4,9600
3725,74,179.0,2023-12-15,1.36,6,9500
3726,74,65.0,2023-08-23,1.76,3,10700
3727,74,96.0,2023-01-17,0.72,2,7400
3728,74,167.0,2023-08-24,1.05,4,7700
3729,74,75.0,2023-04-05,1.06,3,8300
3730,74,97.0,2023-07-10,0.86,2,7500
3731,74,140.0,2023-05-19,1.15,2,8800
3732,74,26.0,2023-09-18,0.8,3,7800
3733,74,8.0,2023-06-24,1.39,3,9500
3734,74,185.0,2023-05-20,1.18,3,8500
3735,74,176.0,2023-12-12,1.5,7,9400
3736,74,20.0,2023-12-31,0.89,4,8100
3737,74,78.0,2023-11-05,1.78,8,10500
3738,74,141.0,2023-07-05,0.7,2,7100
3739,74,148.0,2023-02-07,1.6,6,9700
3740,74,27.0,2023-02-01,0.81,3,6900
3741,74,13.0,2023-07-23,1.37,3,8900
3742,74,74.0,2023-05-25,1.67,7,9600
3743,74,48.0,2023-08-12,1.46,4,8900
3744,74,185.0,2023-05-21,1.79,8,10700
3745,74,130.0,2023-05-08,1.83,8,10400
3746,74,70.0,2023-02-20,1.11,4,8000
3747,74,81.0,2023-12-12,0.85,2,7900
3748,74,178.0,2023-03-12,1.82,4,10900
3749,74,29.0,2023-08-06,1.01,4,7900
3750,74,91.0,2023-03-10,0.88,1,7300
3751,74,148.0,2023-08-18,1.66,3,9600
3752,74,7.0,2023-09-06,1.76,8,10500
3753,74,7.0,2023-11-15,1.07,4,7900
3754,74,77.0,2023-12-02,1.84,6,10000
3755,74,33.0,2023-10-19,0.55,2,6200
3756,74,36.0,2023-05-16,0.51,1,6300
3757,74,163.0,2023-10-08,1.56,7,10100
3758,74,183.0,2023-02-09,1.34,2,9200
3759,74,79.0,2023-10-21,1.5,5,9200
3760,74,34.0,2023-04-30,1.26,3,9200
3761,74,159.0,2023-09-19,0.83,2,7500
3762,74,34.0,2023-12-01,1.73,4,9600
3763,74,124.0,2023-02-08,1.31,4,8400
3764,74,,2023-08-08,1.94,7,10500
3765,74,44.0,2023-06-15,0.67,2,7500
3766,74,26.0,2023-03-15,1.84,6,11000
3767,74,152.0,2023-09-09,1.81,4,10000
3768,74,31.0,2023-07-05,1.89,4,10700
3769,74,193.0,2023-08-19,1.44,6,8900
3770,74,150.0,2023-09-25,1.02,4,8400
3771,74,67.0,2023-11-25,1.01,4,7800
3772,74,134.0,2023-10-18,1.64,3,9500
3773,74,117.0,2023-09-08,1.44,3,9400
3774,74,188.0,2023-01-03,1.53,7,9400
3775,74,150.0,2023-11-29,0.78,2,7600
3776,74,81.0,2023-07-21,1.43,6,8900
3777,75,125.0,2023-03-21,5.75,15,22200
3778,75,118.0,2023-10-09,2.65,8,13300
3779,75,77.0,2023-12-27,4.81,12,19300
3780,75,108.0,2023-04-01,5.48,21,21800
3781,75,165.0,2023-10-14,2.99,11,14000
3782,75,73.0,2023-10-01,2.54,7,12300
3783,75,63.0,2023-02-10,6.44,18,24200
3784,75,,2023-05-11,2.64,11,12600
3785,75,78.0,2023-09-15,8.95,31,32200
3786,75,108.0,2023-11-10,6.39,18,24400
3787,75,164.0,2023-09-20,8.43,41,29800
3788,75,134.0,2023-09-24,4.02,9,16500
3789,75,55.0,2023-11-17,9.62,47,34000
3790,75,110.0,2023-07-16,8.93,18,32000
3791,75,41.0,2023-02-09,8.1,18,29000
3792,75,187.0,2023-08-15,6.19,17,23600
3793,75,66.0,2023-04-02,5.39,19,20800
3794,75,181.0,2023-01-12,6.02,26,23000
3795,75,17.0,2023-05-09,1.84,5,10200
3796,75,65.0,2023-12-13,2.65,6,12400
3797,75,141.0,2023-08-09,5.74,18,22000
3798,75,76.0,2023-12-06,4.49,17,17900
3799,75,200.0,2023-04-29,7.53,22,27400
3800,75,,2023-09-15,1.07,4,8100
3801,75,174.0,2023-03-29,2.81,12,13400
3802,75,16.0,2023-03-30,2.75,7,13000
3803,75,130.0,2023-04-24,9.28,23,32400
3804,75,149.0,2023-05-06,2.0,4,11400
3805,75,57.0,2023-08-12,6.54,21,24800
3806,75,94.0,2023-01-30,5.46,11,20900
3807,75,63.0,2023-07-31,8.27,40,30300
3808,75,198.0,2023-01-15,5.15,17,20700
3809,75,53.0,2023-09-30,8.37,34,29900
3810,75,,2023-12-04,4.32,16,17400
3811,75,187.0,2023-03-07,6.54,13,24700
3812,75,99.0,2023-03-16,5.58,20,21500
3813,75,185.0,2023-02-01,2.69,12,13200
3814,75,76.0,2023-10-05,7.94,18,29000
3815,75,31.0,2023-05-20,1.99,6,11400
3816,75,95.0,2023-12-08,1.96,8,10800
3817,75,182.0,2023-12-26,5.53,12,21100
3818,75,132.0,2023-04-09,1.84,7,10300
3819,75,198.0,2023-04-28,3.7,16,15700
3820,76,61.0,2023-11-03,9.18,35,32500
3821,76,133.0,2023-03-27,4.24,17,17300
3822,76,122.0,2023-05-27,8.02,34,29100
3823,76,16.0,2023-12-11,6.75,28,24900
3824,76,161.0,2023-07-11,4.95,22,19500
3825,76,72.0,2023-04-05,4.03,11,17500
3826,76,75.0,2023-12-28,5.46,26,20900
3827,76,137.0,2023-12-30,5.35,22,21300
3828,76,70.0,2023-01-24,2.29,6,11600
3829,76,114.0,2023-10-26,9.13,35,31800
3830,76,98.0,2023-07-08,1.32,6,9100
3831,76,132.0,2023-09-22,5.46,19,20800
3832,76,42.0,2023-01-22,4.09,14,17400
3833,76,44.0,2023-11-22,2.43,9,12100
3834,76,34.0,2023-01-04,3.96,8,16600
3835,76,159.0,2023-07-22,4.09,14,16800
3836,76,24.0,2023-08-17,7.37,24,26700
3837,76,168.0,2023-01-06,1.05,2,7700
3838,76,164.0,2023-01-12,6.0,26,22600
3839,76,146.0,2023-09-09,1.7,5,9800
3840,76,10.0,2023-07-12,5.57,18,22000
3841,76,19.0,2023-10-12,2.24,5,11900
3842,76,181.0,2023-06-13,7.25,29,27000
3843,76,116.0,2023-11-24,9.55,42,33800
3844,76,96.0,2023-11-19,8.29,35,30100
3845,76,60.0,2023-04-07,4.46,16,18800
3846,76,42.0,2023-10-09,6.47,22,24800
3847,76,127.0,2023-09-17,6.82,27,25000
3848,76,25.0,2023-08-26,8.29,24,30100
3849,76,13.0,2023-01-07,1.44,6,9500
3850,77,128.0,2023-06-06,2.72,8,12600
3851,77,144.0,2023-08-28,4.15,18,17700
3852,77,140.0,2023-06-06,7.37,32,27100
3853,77,186.0,2023-07-24,1.69,6,10200
3854,77,60.0,2023-07-29,6.78,19,24900
3855,77,64.0,2023-05-19,4.42,11,17900
3856,77,55.0,2023-10-05,1.1,4,8800
3857,77,156.0,2023-10-03,6.7,22,25100
3858,77,12.0,2023-07-18,1.81,6,10800
3859,77,86.0,2023-07-01,6.8,33,25400
3860,77,169.0,2023-01-14,6.69,31,25500
3861,77,69.0,2023-11-01,4.21,19,17200
3862,77,86.0,2023-08-09,8.36,31,30400
3863,77,,2023-03-31,7.28,36,26500
3864,77,177.0,2023-12-09,3.43,11,14900
3865,77,68.0,2023-08-10,1.58,5,9800
3866,77,20.0,2023-10-20,2.05,5,11300
3867,77,39.0,2023-01-17,4.09,16,17500
3868,77,,2023-07-08,3.86,18,16900
3869,77,41.0,2023-02-20,3.65,8,15400
3870,77,112.0,2023-09-14,3.17,11,15000
3871,77,,2023-10-24,6.26,17,23900
3872,77,82.0,2023-01-29,6.32,14,24000
3873,77,61.0,2023-09-24,2.13,9,10900
3874,77,12.0,2023-12-30,9.15,22,32500
3875,77,26.0,2023-06-24,2.99,6,14200
3876,77,9.0,2023-08-13,1.31,3,9300
3877,77,98.0,2023-12-13,1.85,6,10400
3878,77,26.0,2023-07-16,9.02,39,32100
3879,77,20.0,2023-04-08,1.46,6,9500
3880,77,126.0,2023-10-05,9.86,25,34800
3881,77,115.0,2023-02-13,1.49,7,9800
3882,77,128.0,2023-08-24,3.2,14,14300
3883,77,43.0,2023-02-17,9.3,39,32600
3884,77,47.0,2023-04-03,2.32,10,11800
3885,77,184.0,2023-12-12,1.95,7,10400
3886,77,148.0,2023-06-13,3.54,8,15400
3887,77,131.0,2023-03-03,7.41,25,27000
3888,77,23.0,2023-11-14,2.52,10,12500
3889,77,95.0,2023-06-17,6.99,19,25400
3890,77,38.0,2023-05-31,4.11,9,16800
3891,77,39.0,2023-05-14,6.02,25,22600
3892,77,25.0,2023-09-27,4.08,13,17700
3893,77,13.0,2023-02-28,7.57,21,27300
3894,77,19.0,2023-12-29,7.27,22,26700
3895,77,18.0,2023-12-03,9.78,32,33900
3896,77,187.0,2023-01-26,3.1,10,13800
3897,77,108.0,2023-09-17,2.56,5,13000
3898,77,29.0,2023-02-18,7.55,18,27800
3899,77,5.0,2023-06-09,4.93,18,19800
3900,77,,2023-11-07,9.61,39,33500
3901,77,116.0,2023-11-08,9.43,37,32900
3902,77,4.0,2023-09-09,4.82,14,19500
3903,77,115.0,2023-07-25,2.3,11,11500
3904,77,97.0,2023-09-06,2.07,7,11000
3905,77,124.0,2023-06-15,7.63,33,28100
3906,77,21.0,2023-08-08,9.38,18,32700
3907,77,57.0,2023-03-16,2.47,7,12400
3908,77,188.0,2023-02-05,1.56,7,9400
3909,77,132.0,2023-10-13,2.72,5,13100
3910,77,174.0,2023-10-25,4.39,9,18400
3911,77,14.0,2023-10-29,9.71,40,34000
3912,77,103.0,2023-07-01,9.45,45,32800
3913,78,65.0,2023-12-27,9.14,37,31900
3914,78,66.0,2023-09-28,4.75,21,19000
3915,78,187.0,2023-10-05,2.52,6,12300
3916,78,49.0,2023-12-31,9.73,41,33700
3917,78,116.0,2023-12-26,7.53,26,27300
3918,78,104.0,2023-01-20,5.85,24,22800
3919,78,,2023-12-07,8.86,36,31300
3920,78,116.0,2023-06-10,3.84,15,16700
3921,78,171.0,2023-01-05,5.9,29,22400
3922,78,155.0,2023-08-23,5.2,24,20500
3923,78,199.0,2023-10-05,5.67,27,22400
3924,78,20.0,2023-09-23,3.5,17,15400
3925,78,89.0,2023-02-11,4.41,12,18300
3926,78,11.0,2023-12-11,6.79,19,25200
3927,78,1.0,2023-04-27,9.72,39,34500
3928,78,2.0,2023-06-13,8.49,31,30900
3929,78,164.0,2023-05-31,2.65,12,12500
3930,78,58.0,2023-07-04,3.49,15,15300
3931,78,58.0,2023-01-04,9.66,21,33500
3932,78,119.0,2023-02-19,9.47,33,33500
3933,78,173.0,2023-08-22,4.33,15,17800
3934,78,99.0,2023-05-11,4.65,18,19200
3935,78,39.0,2023-09-18,3.34,9,15500
3936,78,147.0,2023-10-11,4.44,9,17800
3937,78,152.0,2023-10-04,2.31,8,11400
3938,78,23.0,2023-04-25,2.9,7,13200
3939,78,90.0,2023-07-09,4.02,18,16800
3940,78,190.0,2023-10-20,4.21,20,18100
3941,78,181.0,2023-10-03,6.3,28,24300
3942,78,117.0,2023-10-20,7.15,33,26200
3943,78,32.0,2023-12-26,7.04,33,26500
3944,78,28.0,2023-12-08,1.36,3,9200
3945,78,148.0,2023-02-25,7.58,35,27300
3946,78,12.0,2023-06-28,1.73,5,10100
3947,78,22.0,2023-04-10,5.86,17,22600
3948,78,107.0,2023-04-26,7.15,32,26500
3949,78,7.0,2023-09-08,5.97,28,22700
3950,78,169.0,2023-04-11,5.5,19,21300
3951,78,129.0,2023-06-30,9.37,31,33100
3952,78,113.0,2023-03-02,1.8,5,9900
3953,78,102.0,2023-05-25,5.12,21,20500
3954,78,123.0,2023-03-29,2.58,7,12300
3955,78,93.0,2023-04-04,4.91,17,19200
3956,78,61.0,2023-09-14,4.94,11,19600
3957,78,47.0,2023-10-19,3.94,14,17000
3958,78,93.0,2023-08-23,4.6,14,18500
3959,78,129.0,2023-05-25,9.83,33,34100
3960,78,141.0,2023-05-29,8.25,33,29200
3961,78,15.0,2023-02-03,3.94,15,17200
3962,78,,2023-07-21,9.92,28,34500
3963,79,3.0,2023-12-20,5.66,25,22100
3964,79,42.0,2023-04-21,9.68,36,34300
3965,79,93.0,2023-06-11,6.6,22,24400
3966,79,167.0,2023-05-04,3.61,17,15500
3967,79,125.0,2023-12-07,3.8,12,16300
3968,79,102.0,2023-10-17,5.72,19,22200
3969,79,50.0,2023-03-20,5.06,22,20300
3970,79,10.0,2023-11-20,8.01,20,29200
3971,79,10.0,2023-08-08,9.94,40,34800
3972,79,174.0,2023-12-24,3.62,16,16200
3973,79,46.0,2023-05-08,2.06,6,10900
3974,79,5.0,2023-07-22,9.74,38,34600
3975,79,54.0,2023-12-26,7.85,37,28700
3976,79,,2023-05-26,4.44,14,17900
3977,79,173.0,2023-12-08,8.47,26,30000
3978,79,165.0,2023-07-31,2.8,9,13100
3979,79,23.0,2023-08-23,9.99,46,34500
3980,79,44.0,2023-09-13,1.18,3,8800
3981,79,,2023-01-11,1.62,6,9900
3982,79,144.0,2023-10-13,1.46,6,9100
3983,79,,2023-03-19,4.45,15,18500
3984,79,172.0,2023-01-15,5.92,26,22500
3985,79,28.0,2023-02-07,2.47,7,12700
3986,79,23.0,2023-03-16,2.78,11,12800
3987,79,189.0,2023-11-19,9.52,20,33700
3988,79,184.0,2023-04-01,7.64,23,28000
3989,79,,2023-01-17,6.64,22,25300
3990,79,9.0,2023-10-11,1.75,6,10600
3991,79,165.0,2023-10-12,4.42,12,17900
3992,79,52.0,2023-09-22,2.4,8,12700
3993,79,7.0,2023-05-17,8.75,41,31000
3994,79,155.0,2023-04-26,2.33,11,12100
3995,79,61.0,2023-08-14,2.44,11,12400
3996,79,107.0,2023-09-08,9.72,29,33800
3997,79,,2023-12-08,3.32,12,15300
3998,79,139.0,2023-05-05,7.65,16,28200
3999,79,,2023-12-04,9.19,24,32700
4000,79,197.0,2023-10-08,4.32,18,17400
4001,79,9.0,2023-04-06,5.64,24,21400
4002,79,61.0,2023-04-16,6.89,14,25800
4003,79,42.0,2023-04-06,1.77,4,9800
4004,79,181.0,2023-07-06,7.35,15,27300
4005,79,155.0,2023-05-24,8.9,38,32100
4006,79,95.0,2023-05-26,1.91,4,10700
4007,79,82.0,2023-12-29,7.44,36,26900
4008,79,172.0,2023-07-19,2.11,9,11200
4009,79,141.0,2023-01-30,8.1,37,29100
4010,79,186.0,2023-05-04,5.41,24,21100
4011,79,,2023-04-03,4.45,10,18800
4012,79,,2023-12-30,7.26,28,26700
4013,79,97.0,2023-08-11,8.01,24,28500
4014,79,71.0,2023-05-04,5.61,17,22300
4015,79,,2023-07-02,5.14,19,20700
4016,79,80.0,2023-12-13,6.39,25,24200
4017,79,49.0,2023-08-02,1.55,3,9600
4018,79,123.0,2023-06-23,7.35,34,27100
4019,79,9.0,2023-06-29,1.7,8,9900
4020,79,194.0,2023-03-16,1.61,4,10100
4021,79,105.0,2023-06-15,9.88,30,34800
4022,79,1.0,2023-04-22,3.57,14,15800
4023,79,99.0,2023-02-03,4.23,19,17800
4024,79,127.0,2023-02-07,6.28,17,23600
4025,79,33.0,2023-06-06,3.45,13,14800
4026,79,7.0,2023-07-22,8.43,26,29900
4027,79,149.0,2023-02-21,7.49,26,27100
4028,79,183.0,2023-05-17,6.98,24,26200
4029,79,74.0,2023-06-20,1.63,6,10000
4030,79,108.0,2023-05-26,9.7,38,34200
4031,79,167.0,2023-09-23,7.48,26,27600
4032,79,34.0,2023-11-05,4.86,22,19600
4033,79,121.0,2023-08-30,4.48,19,18700
4034,79,132.0,2023-04-15,3.77,8,16400
4035,79,17.0,2023-12-19,8.41,34,29900
4036,80,27.0,2023-08-18,5.35,26,21000
4037,80,100.0,2023-08-22,7.32,27,27400
4038,80,87.0,2023-03-29,1.32,6,9100
4039,80,96.0,2023-07-04,5.09,17,20100
4040,80,10.0,2023-11-15,1.98,6,10500
4041,80,21.0,2023-02-18,8.78,40,31000
4042,80,62.0,2023-07-14,6.5,13,25000
4043,80,,2023-11-11,4.07,9,16900
4044,80,8.0,2023-06-26,8.41,25,30400
4045,80,6.0,2023-11-16,7.77,34,28800
4046,80,94.0,2023-03-28,2.98,7,14300
4047,80,162.0,2023-06-26,1.97,9,11000
4048,80,170.0,2023-01-05,5.8,15,22300
4049,80,78.0,2023-10-31,2.91,11,14000
4050,80,,2023-09-22,7.43,29,27000
4051,80,70.0,2023-05-31,5.75,15,22200
4052,80,123.0,2023-03-17,1.95,7,11300
4053,80,91.0,2023-03-31,8.01,24,29400
4054,80,54.0,2023-09-29,1.91,5,11000
4055,80,137.0,2023-04-09,7.1,25,25900
4056,80,12.0,2023-01-05,5.04,22,19800
4057,80,165.0,2023-01-18,9.14,18,32200
4058,80,119.0,2023-01-10,8.6,20,30300
4059,80,153.0,2023-08-11,1.62,4,10100
4060,80,198.0,2023-05-22,2.9,7,13600
4061,80,120.0,2023-05-22,1.22,2,8500
4062,80,183.0,2023-09-12,2.44,5,12700
4063,80,21.0,2023-09-25,2.82,13,13000
4064,80,102.0,2023-05-11,9.91,31,34200
4065,80,,2023-05-30,5.63,13,21300
4066,80,55.0,2023-03-18,9.11,32,32000
4067,80,50.0,2023-04-01,6.43,14,23700
4068,80,140.0,2023-03-11,6.32,17,23900
4069,80,170.0,2023-09-30,3.36,16,14600
4070,80,55.0,2023-04-18,2.01,4,11000
4071,80,74.0,2023-03-14,6.0,18,23500
4072,80,198.0,2023-06-29,4.06,19,16600
4073,80,194.0,2023-02-17,4.72,13,19600
4074,80,162.0,2023-08-21,7.6,30,27600
4075,80,49.0,2023-09-29,9.07,28,32200
4076,80,,2023-01-05,8.23,38,29500
4077,80,30.0,2023-05-30,6.84,17,25100
4078,80,161.0,2023-09-16,8.11,25,29300
4079,80,95.0,2023-05-27,9.76,33,34300
4080,80,,2023-09-16,7.26,25,26700
4081,80,116.0,2023-01-11,9.21,29,32100
4082,80,29.0,2023-01-17,1.23,4,8100
4083,80,113.0,2023-03-20,4.24,11,18100
4084,80,34.0,2023-05-25,9.52,22,33200
4085,80,39.0,2023-07-18,7.5,27,27500
4086,80,,2023-06-13,5.68,21,21600
4087,80,73.0,2023-05-03,2.94,6,13500
4088,80,90.0,2023-08-22,5.12,13,20500
4089,80,38.0,2023-04-10,3.01,8,13800
4090,80,165.0,2023-01-01,4.51,12,18000
4091,80,142.0,2023-12-05,1.42,5,9100
4092,80,134.0,2023-11-20,6.17,23,23300
4093,80,76.0,2023-09-13,6.28,15,24300
4094,80,28.0,2023-06-29,3.47,15,15100
4095,81,153.0,2023-02-08,2.65,9,12600
4096,81,196.0,2023-06-22,5.68,16,22200
4097,81,79.0,2023-06-17,9.86,27,34500
4098,81,198.0,2023-01-14,3.59,17,15900
4099,81,165.0,2023-10-27,9.36,23,33100
4100,81,168.0,2023-10-19,2.37,6,11900
4101,81,14.0,2023-03-10,3.07,9,14500
4102,81,171.0,2023-06-27,7.92,27,29100
4103,81,41.0,2023-11-12,8.53,25,30700
4104,81,101.0,2023-02-27,5.35,19,20900
4105,81,171.0,2023-04-13,8.71,26,30900
4106,81,105.0,2023-02-20,1.52,5,10000
4107,81,67.0,2023-12-25,4.8,14,19600
4108,81,34.0,2023-02-21,7.17,18,26200
4109,81,155.0,2023-03-12,3.26,14,15200
4110,81,177.0,2023-01-27,7.22,31,26500
4111,81,54.0,2023-10-29,9.34,45,32800
4112,81,1.0,2023-02-04,5.43,26,21700
4113,81,159.0,2023-11-25,4.63,10,18800
4114,81,29.0,2024-01-01,7.23,29,26600
4115,81,81.0,2023-07-27,1.28,4,9300
4116,81,145.0,2023-01-07,1.84,3,10800
4117,81,22.0,2023-04-08,6.73,21,25200
4118,81,173.0,2023-06-26,3.99,16,17100
4119,81,28.0,2023-10-28,8.83,41,31000
4120,81,,2023-04-06,4.61,11,18300
4121,81,41.0,2023-08-05,9.12,33,31800
4122,81,48.0,2023-04-29,9.9,31,34800
4123,81,98.0,2023-09-12,7.92,25,28400
4124,81,20.0,2023-11-27,7.82,17,28100
4125,81,168.0,2023-03-06,3.16,10,14600
4126,81,36.0,2023-08-10,7.57,26,28200
4127,82,119.0,2023-02-28,2.77,13,12900
4128,82,125.0,2023-01-09,1.69,7,9900
4129,82,134.0,2023-09-30,8.25,29,29700
4130,82,97.0,2023-06-09,8.53,37,30800
4131,82,37.0,2023-05-28,1.92,9,10600
4132,82,,2023-02-16,5.89,17,22400
4133,82,68.0,2023-12-13,1.02,4,8300
4134,82,89.0,2023-03-25,3.5,14,15700
4135,82,126.0,2023-04-14,8.55,26,30200
4136,82,163.0,2023-09-26,7.15,33,26800
4137,82,,2023-06-16,7.12,35,26200
4138,82,151.0,2023-06-11,4.06,15,17300
4139,82,58.0,2023-03-15,6.02,22,22800
4140,82,100.0,2023-10-31,8.12,16,29300
4141,82,111.0,2023-08-29,7.37,24,27600
4142,82,184.0,2023-01-30,3.1,13,14600
4143,82,3.0,2023-11-09,2.94,14,14000
4144,82,186.0,2023-09-26,7.12,26,26600
4145,82,79.0,2023-01-18,7.09,28,26400
4146,82,,2023-11-06,8.8,41,31700
4147,82,13.0,2023-10-29,6.09,19,22900
4148,82,15.0,2023-01-03,1.32,6,8800
4149,82,84.0,2023-04-13,2.08,5,11500
4150,82,86.0,2023-12-12,8.31,40,30200
4151,82,179.0,2023-05-03,3.75,10,15800
4152,82,160.0,2023-10-26,1.62,5,9400
4153,82,167.0,2023-04-20,3.19,6,14100
4154,82,143.0,2023-09-21,4.79,23,19200
4155,82,70.0,2023-12-02,7.6,31,27800
4156,82,57.0,2023-08-14,5.93,24,23000
4157,82,190.0,2023-07-09,9.11,29,32200
4158,82,195.0,2023-09-08,7.93,21,29000
4159,82,137.0,2023-05-20,5.63,13,21400
4160,82,56.0,2023-03-27,7.3,35,27200
4161,82,40.0,2023-08-22,2.0,5,10700
4162,82,29.0,2023-11-19,1.16,5,8500
4163,82,112.0,2023-07-16,3.11,12,14100
4164,82,26.0,2023-06-04,6.5,14,25000
4165,82,70.0,2023-07-21,4.33,17,18100
4166,82,122.0,2023-02-21,2.04,5,11500
4167,82,27.0,2023-06-17,2.17,6,11600
4168,82,117.0,2023-01-24,4.38,15,18000
4169,82,169.0,2023-04-27,4.28,18,17400
4170,82,81.0,2023-06-06,3.82,15,16800
4171,82,105.0,2023-03-27,3.69,14,16400
4172,82,32.0,2023-12-22,9.89,31,34800
4173,82,43.0,2023-01-13,6.53,17,24200
4174,82,148.0,2023-04-15,6.61,29,24400
4175,82,113.0,2023-05-20,4.39,12,17700
4176,82,180.0,2023-09-09,5.05,12,19700
4177,82,32.0,2023-10-05,1.69,5,9700
4178,82,76.0,2023-04-07,1.23,4,8900
4179,82,52.0,2023-10-14,1.65,5,10100
4180,82,,2023-04-08,4.36,11,17600
4181,82,,2023-11-14,7.65,19,28200
4182,82,9.0,2023-01-25,2.43,5,12600
4183,82,,2023-08-01,7.96,37,28600
4184,82,52.0,2023-05-08,9.97,48,34500
4185,82,103.0,2023-04-09,1.52,3,9800
4186,82,87.0,2023-01-18,2.82,10,13500
4187,82,27.0,2023-12-31,9.16,23,32200
4188,82,134.0,2023-10-09,6.59,13,25100
4189,82,124.0,2023-12-09,4.47,14,18200
4190,82,168.0,2023-02-18,4.3,19,17800
4191,82,,2023-11-06,8.03,33,29000
4192,82,29.0,2023-08-18,6.18,15,23800
4193,82,37.0,2023-05-01,4.72,18,19500
4194,82,169.0,2023-08-20,8.96,24,31300
4195,83,186.0,2023-11-17,3.49,12,15600
4196,83,3.0,2023-07-25,3.29,10,15300
4197,83,92.0,2023-12-09,4.76,10,19600
4198,83,158.0,2023-07-13,4.22,10,17300
4199,83,1.0,2023-06-08,5.8,22,22400
4200,83,23.0,2023-05-20,3.94,8,16800
4201,83,44.0,2023-08-13,9.17,31,32600
4202,83,118.0,2023-01-22,7.04,31,25900
4203,83,118.0,2023-05-31,1.42,3,8700
4204,83,,2023-05-11,4.87,17,19500
4205,83,30.0,2023-06-18,4.43,16,18000
4206,83,55.0,2023-02-13,1.28,4,8300
4207,83,144.0,2023-08-15,8.79,37,31400
4208,83,9.0,2023-04-20,7.3,33,26400
4209,83,97.0,2023-05-17,3.25,10,14400
4210,83,57.0,2023-08-31,7.16,28,26300
4211,83,160.0,2023-07-23,4.01,18,16800
4212,83,25.0,2023-11-27,3.46,8,15800
4213,83,42.0,2023-10-29,4.01,11,16600
4214,83,7.0,2023-11-04,5.86,26,22000
4215,83,1.0,2023-10-28,2.71,8,12800
4216,83,199.0,2023-06-30,2.48,11,11900
4217,83,,2023-03-01,9.52,40,33400
4218,83,80.0,2023-03-15,6.92,16,25900
4219,83,55.0,2023-08-02,8.42,40,30000
4220,83,195.0,2023-12-08,8.02,20,29300
4221,83,174.0,2023-06-18,1.8,6,9900
4222,83,159.0,2023-03-19,9.81,26,34200
4223,83,132.0,2023-03-30,2.12,4,11000
4224,83,143.0,2023-04-15,6.32,26,24200
4225,83,40.0,2023-03-06,1.14,4,8300
4226,83,,2023-11-30,4.28,14,18000
4227,83,15.0,2023-02-26,4.97,15,19400
4228,83,119.0,2023-01-30,4.53,22,18500
4229,83,108.0,2023-01-21,3.09,12,14500
4230,83,128.0,2023-08-20,6.92,20,25600
4231,83,168.0,2023-09-25,6.98,15,25600
4232,83,124.0,2023-08-10,2.72,6,13600
4233,83,172.0,2023-01-27,3.91,9,16400
4234,83,34.0,2023-08-20,3.95,8,16300
4235,83,58.0,2023-05-22,4.68,13,19400
4236,83,32.0,2023-05-22,5.48,23,21500
4237,83,151.0,2023-01-13,4.96,13,19700
4238,83,47.0,2023-07-27,3.57,7,15600
4239,83,66.0,2023-05-10,2.71,13,13400
4240,83,45.0,2023-10-09,8.79,34,31100
4241,83,102.0,2023-06-25,6.68,32,25300
4242,83,187.0,2023-09-29,8.9,26,31700
4243,83,180.0,2023-06-09,3.6,17,15600
4244,83,122.0,2023-12-20,4.64,9,19400
4245,83,15.0,2023-08-08,9.57,20,33700
4246,83,100.0,2023-12-19,6.26,29,24100
4247,83,,2023-09-03,4.99,11,19600
4248,83,118.0,2023-02-11,2.44,10,12700
4249,83,129.0,2023-09-06,7.11,16,26000
4250,83,172.0,2023-01-25,5.78,21,21800
4251,83,13.0,2023-03-24,6.05,27,22700
4252,83,196.0,2023-08-19,1.34,3,9500
4253,83,118.0,2023-11-02,6.3,19,23800
4254,83,160.0,2023-07-14,9.4,31,33000
4255,83,12.0,2023-07-13,7.09,16,25800
4256,83,21.0,2023-04-09,5.29,17,20700
4257,83,50.0,2023-02-25,8.71,21,30700
4258,83,139.0,2023-10-25,1.8,8,9900
4259,83,,2023-09-16,3.26,15,14200
4260,83,76.0,2023-12-24,1.65,3,9700
4261,83,133.0,2023-01-05,7.44,26,27600
4262,83,107.0,2023-06-10,1.9,7,10700
4263,83,103.0,2023-09-21,3.01,13,13700
4264,83,,2023-12-30,7.22,31,26200
4265,83,121.0,2023-01-13,6.29,15,23600
4266,83,147.0,2023-07-16,8.27,35,29900
4267,83,132.0,2023-04-05,2.84,11,13400
4268,84,100.0,2023-08-25,4.35,19,17800
4269,84,82.0,2023-07-15,9.17,19,32800
4270,84,99.0,2023-12-13,8.69,22,31300
4271,84,93.0,2023-03-15,3.05,10,13800
4272,84,185.0,2023-03-24,7.9,16,28700
4273,84,3.0,2023-04-05,9.62,26,33700
4274,84,121.0,2023-06-04,5.3,12,21400
4275,84,110.0,2023-08-09,5.37,12,21400
4276,84,37.0,2023-03-30,4.66,17,18500
4277,84,94.0,2023-05-22,2.39,10,12600
4278,84,85.0,2023-10-15,3.75,13,16100
4279,84,146.0,2023-01-14,1.22,5,8800
4280,84,198.0,2023-11-02,9.13,40,32700
4281,84,146.0,2023-08-28,9.29,45,33000
4282,84,72.0,2023-08-02,8.75,20,30700
4283,84,194.0,2023-05-05,1.24,4,8300
4284,84,81.0,2023-12-30,9.98,42,34700
4285,84,83.0,2023-12-28,2.46,8,12700
4286,84,52.0,2023-12-01,6.11,13,23300
4287,84,156.0,2023-06-14,3.89,16,17100
4288,84,142.0,2023-06-24,4.34,20,17700
4289,84,27.0,2023-02-19,3.79,7,15900
4290,85,158.0,2023-11-06,9.38,19,33200
4291,85,16.0,2023-04-07,8.28,25,29500
4292,85,33.0,2023-07-17,5.25,15,20600
4293,85,152.0,2023-09-09,8.87,25,31800
4294,85,196.0,2023-01-23,6.55,29,24400
4295,85,,2023-10-08,1.37,6,8700
4296,85,16.0,2023-05-29,3.55,10,15800
4297,85,83.0,2023-04-24,7.9,31,29100
4298,85,19.0,2023-05-15,2.37,11,11700
4299,85,87.0,2023-07-07,6.91,32,25300
4300,85,86.0,2023-03-05,9.49,43,33000
4301,85,14.0,2023-06-21,6.98,20,25900
4302,85,124.0,2023-12-01,7.72,37,28100
4303,85,169.0,2023-05-14,2.24,10,11500
4304,85,186.0,2023-07-16,2.41,6,11900
4305,85,34.0,2023-03-09,7.85,24,28300
4306,85,99.0,2023-07-16,4.61,22,19200
4307,85,176.0,2023-08-13,6.69,32,25000
4308,85,118.0,2023-10-06,6.17,14,23400
4309,85,18.0,2023-01-13,8.94,18,31500
4310,85,18.0,2023-06-06,3.66,7,15800
4311,85,125.0,2023-07-12,2.46,9,12400
4312,85,92.0,2023-05-18,7.19,16,26800
4313,85,85.0,2023-10-15,5.87,12,22400
4314,85,53.0,2023-07-13,4.9,20,19200
4315,85,33.0,2023-05-28,3.1,10,14700
4316,85,84.0,2023-09-08,3.92,8,16500
4317,85,91.0,2023-10-15,3.32,14,14800
4318,85,196.0,2023-03-07,8.7,30,31000
4319,85,194.0,2023-06-28,3.59,16,15800
4320,85,16.0,2023-01-07,3.15,10,14300
4321,85,70.0,2023-12-31,4.16,9,17700
4322,85,111.0,2023-09-27,5.89,17,22800
4323,85,187.0,2023-09-26,3.76,9,16300
4324,85,97.0,2023-11-20,2.33,6,11700
4325,85,189.0,2023-11-17,8.82,29,31700
4326,85,4.0,2023-03-09,9.31,45,32400
4327,85,148.0,2023-02-20,9.49,39,33000
4328,85,32.0,2023-02-28,6.99,32,25800
4329,85,6.0,2023-05-17,9.28,34,32600
4330,85,83.0,2023-03-06,5.58,26,21800
4331,85,136.0,2023-07-18,5.41,15,21300
4332,85,96.0,2023-11-27,4.37,17,18500
4333,85,57.0,2023-11-28,6.88,33,25700
4334,85,,2023-06-19,3.13,15,14100
4335,85,107.0,2023-04-30,4.2,19,17300
4336,85,117.0,2023-04-21,6.46,25,24200
4337,85,29.0,2023-12-12,4.83,15,18900
4338,86,175.0,2023-08-28,8.03,20,28900
4339,86,134.0,2023-01-13,9.88,23,34500
4340,86,20.0,2023-11-24,9.09,36,32200
4341,86,166.0,2023-07-25,8.02,36,29500
4342,86,74.0,2023-04-06,6.55,18,25000
4343,86,121.0,2023-02-26,9.91,49,34200
4344,86,7.0,2023-01-29,8.69,21,30700
4345,86,185.0,2023-11-23,6.31,23,23700
4346,86,179.0,2023-09-17,6.89,14,25700
4347,86,,2023-09-20,7.08,16,26100
4348,86,141.0,2023-10-10,5.39,20,20800
4349,86,95.0,2023-05-28,9.24,20,32500
4350,86,194.0,2023-01-03,1.99,7,10500
4351,86,22.0,2023-09-16,4.46,11,18000
4352,86,60.0,2023-04-11,9.19,29,32400
4353,86,90.0,2023-04-21,5.54,16,22000
4354,86,25.0,2023-05-11,1.1,4,8400
4355,86,60.0,2023-08-14,4.8,20,19300
4356,86,113.0,2023-09-02,4.5,22,19000
4357,86,90.0,2023-10-24,5.84,13,22100
4358,86,34.0,2023-04-10,5.81,16,22000
4359,86,189.0,2023-09-03,7.26,27,27000
4360,86,27.0,2023-09-10,9.44,40,33400
4361,86,163.0,2023-11-26,7.32,16,26600
4362,86,100.0,2023-10-07,7.46,25,27200
4363,86,,2023-05-28,1.04,2,8000
4364,86,58.0,2023-05-01,9.93,41,34500
4365,86,88.0,2023-12-07,3.29,7,14600
4366,86,,2023-06-10,8.52,29,30000
4367,86,,2023-06-13,8.79,38,31600
4368,86,191.0,2023-03-03,7.48,15,27700
4369,86,1.0,2023-12-11,2.65,8,13400
4370,86,144.0,2023-06-22,2.48,5,12800
4371,86,10.0,2023-12-10,9.68,39,33900
4372,86,5.0,2023-03-26,6.46,15,23900
4373,86,194.0,2023-07-02,5.18,16,20100
4374,86,145.0,2023-12-08,2.7,8,13100
4375,86,168.0,2023-02-18,2.97,8,13700
4376,86,62.0,2023-06-23,8.73,36,30600
4377,86,170.0,2023-10-28,3.8,17,16000
4378,86,25.0,2023-02-09,7.59,24,27600
4379,86,137.0,2023-07-20,1.69,4,9600
4380,86,74.0,2023-11-03,4.85,16,20000
4381,86,23.0,2023-06-22,9.14,36,32000
4382,86,1.0,2023-11-26,1.72,8,9600
4383,86,86.0,2023-01-05,3.67,14,15700
4384,86,167.0,2023-05-30,9.29,44,32300
4385,86,112.0,2023-04-29,4.06,14,17500
4386,86,13.0,2023-10-16,6.57,31,24700
4387,86,48.0,2023-06-16,9.2,18,32400
4388,86,140.0,2023-10-15,5.07,15,20000
4389,86,175.0,2023-06-30,8.9,28,31600
4390,86,164.0,2023-05-08,4.28,17,17900
4391,86,57.0,2023-10-14,4.84,15,19100
4392,86,3.0,2023-06-22,3.39,10,15500
4393,86,23.0,2023-08-27,2.73,8,13500
4394,86,191.0,2023-08-21,7.96,27,28500
4395,86,114.0,2023-01-31,9.77,38,34100
4396,86,68.0,2023-11-18,1.98,5,10900
4397,86,102.0,2023-11-06,8.43,41,30200
4398,86,169.0,2023-03-05,8.75,29,31500
4399,86,82.0,2023-05-15,5.5,12,21500
4400,86,168.0,2023-12-11,6.25,23,24000
4401,86,63.0,2023-08-14,3.16,13,13900
4402,86,187.0,2023-08-04,2.37,11,11600
4403,86,115.0,2023-04-29,4.88,13,19900
4404,86,40.0,2023-09-17,4.5,12,19000
4405,86,137.0,2023-02-15,7.13,19,26000
4406,86,97.0,2023-11-19,7.67,26,28200
4407,86,51.0,2023-11-16,6.31,16,23700
4408,86,113.0,2023-06-19,8.94,27,32100
4409,86,49.0,2023-06-20,7.7,26,27600
4410,86,173.0,2023-10-21,3.22,7,14800
4411,86,169.0,2023-03-21,8.66,34,31000
4412,86,166.0,2023-04-19,3.3,16,14600
4413,86,67.0,2023-07-28,2.07,6,10900
4414,87,163.0,2023-06-03,4.02,10,17300
4415,87,,2023-12-11,8.28,32,29300
4416,87,178.0,2023-03-02,2.24,9,12100
4417,87,17.0,2023-11-08,8.14,35,29000
4418,87,75.0,2023-07-12,3.36,13,15000
4419,87,60.0,2023-01-19,2.2,10,11400
4420,87,43.0,2023-03-17,6.72,19,25400
4421,87,69.0,2023-01-09,1.25,3,8600
4422,87,106.0,2023-09-11,1.7,6,9600
4423,87,195.0,2023-08-05,7.89,35,28100
4424,87,81.0,2023-09-28,6.97,18,25600
4425,87,113.0,2023-11-14,8.84,38,32000
4426,87,36.0,2023-12-24,5.4,19,20800
4427,87,,2023-01-30,5.36,21,21100
4428,87,122.0,2023-02-16,7.86,20,28700
4429,87,124.0,2023-05-29,7.2,32,26500
4430,87,155.0,2023-05-06,2.77,7,13500
4431,87,61.0,2023-12-04,5.24,19,20400
4432,87,,2023-01-02,6.81,25,24900
4433,87,174.0,2023-03-01,6.84,31,25900
4434,87,158.0,2023-06-08,8.27,25,29400
4435,87,75.0,2023-07-16,8.88,43,32000
4436,87,132.0,2023-06-19,8.04,24,29000
4437,87,79.0,2023-10-06,3.91,16,16600
4438,87,87.0,2023-07-30,2.64,13,13100
4439,87,104.0,2023-12-09,1.55,4,9800
4440,87,56.0,2023-01-26,2.59,7,12900
4441,87,27.0,2023-08-19,4.65,14,18400
4442,87,189.0,2023-12-06,3.51,14,15800
4443,87,,2023-01-19,1.7,8,10500
4444,87,46.0,2023-08-15,7.39,27,27500
4445,87,150.0,2023-03-13,5.57,15,22100
4446,87,134.0,2023-11-29,3.27,9,14900
4447,87,182.0,2023-06-22,9.67,24,33900
4448,87,,2023-03-30,3.73,9,16400
4449,87,,2023-06-25,6.11,17,23200
4450,87,140.0,2023-07-11,9.89,38,34600
4451,87,132.0,2023-10-07,8.41,25,30700
4452,87,49.0,2023-11-23,3.16,14,14600
4453,87,,2023-05-19,2.94,13,13600
4454,87,45.0,2023-09-30,2.85,10,13500
4455,87,73.0,2023-02-06,4.29,13,17700
4456,87,88.0,2023-11-11,5.7,23,22400
4457,87,153.0,2023-01-29,1.31,2,8700
4458,87,85.0,2023-07-24,2.17,10,12000
4459,87,109.0,2023-02-16,5.99,22,22400
4460,87,109.0,2023-03-21,5.05,17,19700
4461,87,156.0,2023-05-01,7.17,29,26600
4462,87,,2023-10-15,2.95,10,14100
4463,87,109.0,2023-01-19,5.55,12,21800
4464,87,153.0,2023-06-29,4.56,10,18400
4465,87,71.0,2023-05-22,3.02,14,14100
4466,87,125.0,2023-04-13,8.44,40,30500
4467,87,144.0,2023-08-01,5.69,20,21600
4468,87,178.0,2023-01-13,9.36,43,32600
4469,87,145.0,2023-12-04,2.21,4,11300
4470,87,159.0,2023-12-10,9.07,31,32700
4471,87,107.0,2023-05-26,6.82,30,25800
4472,87,6.0,2023-05-11,2.88,7,13300
4473,87,24.0,2023-07-06,6.91,31,26000
4474,87,147.0,2023-08-05,8.97,18,31600
4475,87,68.0,2023-05-20,9.36,37,32500
4476,87,,2023-05-23,7.79,16,28500
4477,87,158.0,2023-02-09,7.34,27,27300
4478,87,162.0,2023-03-25,6.86,24,25400
4479,87,68.0,2023-04-15,2.03,5,10500
4480,87,200.0,2023-01-26,9.72,36,33900
4481,87,56.0,2023-01-13,3.73,17,16000
4482,87,114.0,2023-06-11,4.03,12,16800
4483,87,85.0,2023-09-30,2.14,8,11900
4484,87,145.0,2023-08-12,9.61,26,34300
4485,87,126.0,2023-08-03,9.96,34,34300
4486,88,106.0,2023-01-18,9.5,21,33400
4487,88,25.0,2023-11-23,6.68,23,25200
4488,88,164.0,2023-02-12,6.32,18,23600
4489,88,119.0,2023-04-09,7.96,39,29300
4490,88,38.0,2023-07-29,5.63,24,21800
4491,88,135.0,2023-03-16,3.79,12,16200
4492,88,,2023-03-14,5.65,12,22100
4493,88,45.0,2023-06-11,4.22,16,17700
4494,88,195.0,2023-11-02,4.66,20,18900
4495,88,191.0,2023-02-05,4.44,22,18200
4496,88,168.0,2023-06-13,3.02,14,14400
4497,88,149.0,2023-10-08,7.14,18,26000
4498,88,76.0,2023-07-16,8.39,37,30100
4499,88,94.0,2023-12-03,5.77,19,22500
4500,88,199.0,2023-06-28,4.39,10,18300
4501,88,175.0,2023-07-17,9.37,38,32800
4502,88,146.0,2023-10-08,1.69,4,10100
4503,88,78.0,2023-03-28,5.12,13,20000
4504,88,174.0,2023-10-20,6.56,25,25100
4505,88,92.0,2023-03-01,4.94,15,19500
4506,88,106.0,2023-08-01,5.22,19,20900
4507,88,162.0,2023-06-25,1.19,4,8700
4508,88,147.0,2023-02-04,8.04,16,29600
4509,88,39.0,2023-09-04,4.05,14,17000
4510,88,111.0,2023-03-14,1.48,3,8900
4511,88,66.0,2023-05-21,8.12,30,29300
4512,88,25.0,2023-02-03,3.48,16,15200
4513,88,11.0,2023-03-09,4.37,18,17800
4514,88,98.0,2023-11-07,9.16,28,32300
4515,88,151.0,2023-02-19,1.08,4,8000
4516,88,,2023-02-04,7.33,34,27300
4517,88,125.0,2023-04-21,2.83,8,13800
4518,88,79.0,2023-11-14,7.3,21,27300
4519,88,49.0,2023-04-15,9.55,19,33700
4520,88,,2023-10-24,6.81,15,25400
4521,88,105.0,2023-04-16,5.98,19,22800
4522,88,122.0,2023-10-12,8.89,40,31400
4523,88,160.0,2023-01-11,6.57,22,24900
4524,88,70.0,2023-03-05,5.26,20,20200
4525,88,37.0,2023-11-21,4.68,19,19500
4526,88,160.0,2023-12-07,7.59,24,27700
4527,88,133.0,2023-02-21,9.81,21,34000
4528,88,199.0,2023-07-30,4.31,9,18100
4529,88,98.0,2023-05-20,5.89,13,23100
4530,88,112.0,2023-04-14,8.08,16,29500
4531,88,19.0,2023-12-05,3.36,14,15100
4532,88,121.0,2023-09-06,4.94,14,19800
4533,88,5.0,2023-03-24,7.84,25,28400
4534,88,4.0,2023-09-14,9.69,48,34500
4535,88,115.0,2023-01-21,1.17,4,8400
4536,88,182.0,2023-07-17,5.8,21,22800
4537,88,29.0,2023-04-10,3.3,11,14900
4538,88,40.0,2023-05-22,9.9,49,34200
4539,88,137.0,2023-06-24,2.61,9,12500
4540,88,172.0,2023-07-06,4.96,24,19400
4541,88,34.0,2023-07-09,1.82,4,10800
4542,89,29.0,2023-09-16,9.61,26,33300
4543,89,88.0,2023-12-03,9.49,36,33500
4544,89,127.0,2023-06-03,3.32,15,14600
4545,89,173.0,2023-08-02,5.25,11,21200
4546,89,39.0,2023-05-25,1.84,8,10300
4547,89,123.0,2023-07-15,7.55,27,27300
4548,89,,2023-02-15,2.98,13,14000
4549,89,81.0,2023-02-15,1.13,5,8000
4550,89,111.0,2023-10-22,2.11,5,11600
4551,89,18.0,2023-01-11,4.47,12,18500
4552,89,,2023-08-05,2.01,6,11500
4553,89,98.0,2023-01-22,2.74,6,12800
4554,89,64.0,2023-10-22,3.44,13,15800
4555,89,65.0,2023-07-27,6.29,29,23400
4556,89,,2023-07-31,2.73,13,12700
4557,89,106.0,2023-05-17,1.6,6,9800
4558,89,66.0,2023-12-19,1.3,5,8900
4559,89,84.0,2023-01-19,8.69,20,30700
4560,89,157.0,2023-01-29,2.65,6,12800
4561,89,47.0,2023-05-31,2.23,10,11100
4562,89,48.0,2023-05-07,5.73,25,21600
4563,89,55.0,2023-11-29,2.99,12,13900
4564,89,87.0,2023-06-26,9.45,27,32900
4565,89,97.0,2023-12-07,7.96,36,29200
4566,89,166.0,2023-08-07,2.22,6,11800
4567,89,20.0,2023-08-01,6.98,19,25800
4568,89,64.0,2023-06-07,5.03,19,20400
4569,89,75.0,2023-05-07,4.31,21,18000
4570,89,7.0,2023-06-21,8.1,19,29000
4571,89,83.0,2023-01-02,4.39,9,18300
4572,89,194.0,2023-08-24,8.55,23,30700
4573,89,94.0,2023-07-18,3.41,15,15100
4574,89,118.0,2023-11-28,2.32,8,12000
4575,89,169.0,2023-06-22,4.6,10,18900
4576,89,122.0,2023-07-10,1.42,4,8900
4577,89,10.0,2023-01-06,2.94,9,13500
4578,89,86.0,2023-07-25,9.96,24,34900
4579,89,175.0,2023-11-03,2.58,8,13200
4580,89,,2023-11-15,6.63,29,25000
4581,89,72.0,2023-03-16,1.49,7,9600
4582,89,139.0,2023-06-01,7.35,35,26800
4583,89,130.0,2023-07-12,4.46,21,18000
4584,89,103.0,2023-07-03,9.43,43,33100
4585,89,17.0,2023-02-27,5.47,17,21400
4586,89,92.0,2023-06-09,6.88,23,25500
4587,89,124.0,2023-08-30,2.26,8,11800
4588,89,68.0,2023-06-26,3.91,15,16700
4589,89,28.0,2023-09-14,5.76,23,22600
4590,89,11.0,2023-03-26,5.05,22,19600
4591,89,,2023-06-19,8.41,20,30600
4592,89,92.0,2023-10-20,8.28,36,29300
4593,89,52.0,2023-06-02,5.18,23,20100
4594,89,173.0,2023-12-09,4.1,20,17700
4595,89,80.0,2023-03-08,6.71,23,25600
4596,89,171.0,2023-07-02,1.6,7,10200
4597,89,200.0,2023-08-18,2.25,9,11400
4598,89,167.0,2023-07-22,5.34,24,21400
4599,89,64.0,2023-09-19,1.04,2,8400
4600,89,46.0,2023-04-23,8.81,17,31900
4601,89,,2023-04-10,5.77,16,22000
4602,89,60.0,2023-07-13,5.58,23,21400
4603,89,199.0,2023-03-12,1.46,6,8900
4604,89,15.0,2023-04-20,7.73,27,28500
4605,89,28.0,2023-01-25,2.98,13,14000
4606,89,51.0,2023-02-17,6.32,30,23400
4607,89,37.0,2023-07-12,7.7,33,27900
4608,89,150.0,2023-11-04,1.45,3,9500
4609,89,,2023-10-07,3.67,11,16000
4610,89,151.0,2023-09-21,9.68,45,34400
4611,89,137.0,2023-06-20,5.58,12,21700
4612,89,172.0,2023-02-16,7.96,17,29300
4613,89,46.0,2023-05-17,9.46,26,33800
4614,90,65.0,2023-05-22,8.37,20,30300
4615,90,51.0,2023-12-11,9.83,39,34500
4616,90,16.0,2023-08-26,4.37,8,17800
4617,90,60.0,2023-07-06,5.33,11,21200
4618,90,62.0,2023-01-29,4.46,20,18300
4619,90,94.0,2023-10-02,1.83,4,10700
4620,90,101.0,2023-12-10,5.19,22,20900
4621,90,137.0,2023-03-22,9.75,43,33900
4622,90,30.0,2023-02-06,8.81,42,31900
4623,90,82.0,2023-11-22,3.31,11,15100
4624,90,69.0,2023-04-26,6.28,23,23600
4625,90,51.0,2023-08-09,1.53,4,9800
4626,90,163.0,2023-04-16,1.77,3,9900
4627,90,142.0,2023-07-07,7.0,18,26200
4628,90,,2023-05-03,7.4,21,27500
4629,90,63.0,2023-04-22,2.36,7,11600
4630,90,74.0,2023-05-28,2.05,6,11400
4631,90,58.0,2023-10-22,1.82,4,10300
4632,90,51.0,2023-10-28,7.71,28,28100
4633,90,45.0,2023-01-26,3.62,10,15600
4634,90,14.0,2023-01-07,2.93,13,13500
4635,90,120.0,2023-11-05,3.28,13,14400
4636,90,53.0,2023-03-18,4.04,15,17600
4637,90,46.0,2023-04-22,7.09,33,26200
4638,90,6.0,2023-12-31,8.33,22,30300
4639,90,94.0,2023-06-17,9.66,29,33600
4640,90,104.0,2023-07-16,1.48,4,9300
4641,90,119.0,2023-02-08,6.99,15,26100
4642,90,20.0,2023-05-12,2.56,10,12900
4643,90,96.0,2023-12-06,5.02,18,19500
4644,90,106.0,2023-01-10,2.12,7,11300
4645,90,7.0,2023-10-07,3.97,9,16400
4646,90,161.0,2023-11-28,1.58,4,9300
4647,90,143.0,2023-05-19,1.49,6,9500
4648,90,139.0,2023-07-18,9.48,41,33200
4649,90,200.0,2023-08-24,7.56,30,28000
4650,90,64.0,2023-08-21,7.47,25,27900
4651,90,166.0,2023-03-06,1.23,4,8600
4652,90,5.0,2023-01-13,8.58,36,30400
4653,90,113.0,2023-12-04,2.23,9,11100
4654,90,17.0,2023-10-21,6.3,21,24000
4655,90,65.0,2023-03-22,7.95,29,29200
4656,90,131.0,2023-10-02,7.53,25,27800
4657,90,130.0,2023-03-16,4.5,10,18800
4658,90,176.0,2023-05-30,2.84,12,13000
4659,90,107.0,2023-12-28,8.87,41,31600
4660,90,56.0,2023-01-02,5.62,26,22100
4661,90,150.0,2023-07-21,2.24,6,11800
4662,90,125.0,2023-08-30,4.97,14,19900
4663,90,41.0,2023-07-10,9.68,43,33500
4664,90,8.0,2023-06-05,1.96,8,10400
4665,90,135.0,2023-06-25,4.26,18,18200
4666,90,102.0,2023-07-24,5.34,21,20800
4667,90,181.0,2023-09-18,9.47,36,33300
4668,90,96.0,2023-06-18,6.44,14,24200
4669,90,134.0,2023-10-13,1.99,9,11000
4670,90,177.0,2023-09-17,7.92,32,28700
4671,90,136.0,2023-06-21,3.95,9,16400
4672,90,97.0,2023-10-06,6.53,32,24900
4673,90,97.0,2023-06-21,3.57,10,16000
4674,90,32.0,2023-09-18,1.04,2,7800
4675,91,73.0,2023-03-16,3.86,8,16800
4676,91,169.0,2023-06-20,4.8,15,19500
4677,91,77.0,2023-12-26,5.38,21,21200
4678,91,159.0,2023-06-24,10.0,29,35100
4679,91,37.0,2023-04-14,7.04,19,26200
4680,91,9.0,2023-03-15,9.72,25,34000
4681,91,43.0,2023-03-25,1.09,5,7700
4682,91,29.0,2023-04-05,2.57,9,12700
4683,91,111.0,2023-10-07,6.91,25,25900
4684,91,63.0,2023-07-28,9.64,38,33800
4685,91,97.0,2023-07-30,5.23,11,21000
4686,91,108.0,2023-09-06,4.43,17,18000
4687,91,,2023-07-23,8.76,20,31700
4688,91,114.0,2023-04-08,6.92,16,25400
4689,91,192.0,2023-03-16,2.78,8,13200
4690,91,198.0,2023-09-05,1.69,8,10300
4691,91,61.0,2023-06-17,5.41,13,21700
4692,91,138.0,2023-03-31,6.15,18,23600
4693,91,128.0,2023-01-06,2.47,10,12600
4694,91,16.0,2023-02-05,1.24,2,8300
4695,91,117.0,2023-02-18,3.77,17,16600
4696,91,62.0,2023-02-09,6.59,16,24600
4697,91,39.0,2023-08-20,2.23,7,11500
4698,91,83.0,2023-01-23,1.58,5,9500
4699,91,16.0,2023-12-15,1.81,4,10700
4700,91,104.0,2023-10-11,5.99,27,22900
4701,91,24.0,2023-07-09,9.11,44,32600
4702,91,65.0,2023-02-06,6.97,19,25600
4703,91,79.0,2023-08-22,2.08,9,11400
4704,91,,2023-09-09,9.79,40,34300
4705,91,27.0,2023-01-17,6.69,32,25100
4706,91,174.0,2023-05-11,2.28,10,11600
4707,91,19.0,2023-10-21,5.42,11,21200
4708,91,65.0,2023-05-16,7.91,38,28900
4709,91,179.0,2023-11-17,3.39,8,15600
4710,91,3.0,2023-01-30,1.01,4,8200
4711,91,54.0,2023-11-07,8.47,20,30900
4712,91,90.0,2023-01-27,1.85,6,10100
4713,91,151.0,2023-01-14,2.02,6,11300
4714,91,99.0,2023-06-12,5.47,16,21800
4715,91,39.0,2023-07-17,9.53,43,33200
4716,91,166.0,2023-04-09,7.07,21,26700
4717,91,90.0,2023-07-10,5.67,27,22100
4718,91,3.0,2023-03-24,1.47,4,9600
4719,91,47.0,2023-11-23,2.35,11,12500
4720,91,197.0,2023-01-13,8.5,41,31000
4721,91,48.0,2023-10-11,6.83,28,25600
4722,91,15.0,2023-01-25,4.95,18,19600
4723,91,136.0,2023-07-15,7.96,24,29100
4724,91,146.0,2023-04-18,9.04,40,32500
4725,91,193.0,2023-02-20,4.82,22,19200
4726,91,133.0,2023-07-05,4.84,15,19300
4727,91,177.0,2023-10-14,8.2,37,29100
4728,91,196.0,2023-06-16,6.38,14,24100
4729,91,172.0,2023-09-12,6.13,22,23500
4730,91,72.0,2023-04-18,4.69,16,18900
4731,91,173.0,2023-06-20,2.49,11,12600
4732,91,157.0,2023-03-23,3.17,11,14800
4733,91,116.0,2023-08-19,4.93,20,19200
4734,91,28.0,2023-09-06,1.02,2,8500
4735,91,79.0,2023-08-30,8.3,38,29700
4736,91,163.0,2023-08-07,8.75,40,30700
4737,91,110.0,2023-07-31,6.53,19,24600
4738,91,66.0,2023-03-06,4.91,17,20000
4739,91,163.0,2023-08-01,2.0,6,11100
4740,91,71.0,2023-03-06,8.16,20,29400
4741,91,95.0,2023-04-15,5.59,11,21200
4742,91,162.0,2023-09-20,6.77,18,25000
4743,91,52.0,2023-02-12,5.61,20,22300
4744,91,20.0,2023-06-16,3.84,7,16500
4745,91,128.0,2023-04-27,7.39,22,26600
4746,91,,2023-12-15,9.89,40,34600
4747,91,97.0,2023-10-27,1.27,2,9300
4748,92,58.0,2023-01-20,1.33,3,9200
4749,92,37.0,2023-09-07,1.68,8,9700
4750,92,,2023-01-24,1.65,4,9500
4751,92,,2023-10-05,1.15,5,8900
4752,92,19.0,2023-07-29,0.67,1,7000
4753,92,4.0,2023-08-14,0.88,4,7800
4754,92,139.0,2023-10-07,0.7,3,6700
4755,92,11.0,2023-08-01,0.99,3,8100
4756,92,109.0,2023-05-28,1.45,5,9800
4757,92,55.0,2023-01-27,1.68,5,10500
4758,92,129.0,2023-04-27,1.9,6,10200
4759,92,162.0,2023-12-25,0.82,3,7100
4760,92,161.0,2023-04-11,1.41,5,8900
4761,92,105.0,2023-03-05,1.61,3,9600
4762,92,132.0,2023-02-19,1.82,8,10700
4763,92,167.0,2023-11-05,1.73,6,10300
4764,92,79.0,2023-08-25,1.41,3,9600
4765,92,86.0,2023-09-10,1.85,5,10300
4766,92,187.0,2023-05-06,1.0,4,8000
4767,92,55.0,2023-11-22,0.57,2,6600
4768,92,12.0,2023-12-07,1.44,4,9400
4769,92,112.0,2023-06-25,1.8,3,10400
4770,92,148.0,2023-12-30,1.25,3,8800
4771,92,144.0,2023-02-01,1.68,4,10100
4772,92,83.0,2023-09-01,0.95,3,7600
4773,92,17.0,2023-04-22,1.69,3,10200
4774,92,1.0,2023-04-02,0.52,1,6000
4775,92,79.0,2023-07-24,1.79,5,10800
4776,92,128.0,2023-12-04,1.35,5,9100
4777,92,125.0,2023-02-13,1.61,6,9300
4778,92,158.0,2023-11-14,1.72,3,10000
4779,92,171.0,2023-12-16,1.54,4,10100
4780,92,180.0,2023-12-04,1.01,3,7700
4781,92,82.0,2023-10-17,1.3,3,8500
4782,92,34.0,2023-08-12,0.72,1,7600
4783,92,178.0,2023-08-01,1.16,2,8500
4784,92,3.0,2023-06-02,0.93,2,7800
4785,92,63.0,2023-11-23,1.85,7,11000
4786,92,164.0,2023-05-24,0.52,1,6300
4787,92,16.0,2023-09-23,1.86,7,10200
4788,92,107.0,2023-08-07,1.04,4,7600
4789,92,,2023-08-17,1.91,5,11200
4790,92,106.0,2023-11-14,0.94,3,7400
4791,92,187.0,2023-04-21,0.71,1,7600
4792,92,185.0,2023-05-04,1.62,7,9800
4793,92,172.0,2023-08-12,1.44,4,9700
4794,92,147.0,2023-04-02,1.03,3,7900
4795,92,139.0,2023-04-04,0.93,4,7900
4796,92,61.0,2023-02-17,1.17,4,8900
4797,92,13.0,2023-07-14,1.09,5,7800
4798,92,36.0,2023-07-25,1.81,6,10900
4799,92,99.0,2023-07-30,0.96,1,8200
4800,92,178.0,2023-06-18,1.22,3,8500
4801,92,172.0,2023-05-08,1.47,6,9500
4802,92,136.0,2023-06-30,1.01,4,8000
4803,92,187.0,2023-02-28,1.11,2,8100
4804,92,154.0,2023-11-16,0.56,2,6600
4805,92,146.0,2023-04-02,0.8,2,7800
4806,92,10.0,2023-08-25,0.7,1,7100
4807,92,91.0,2023-10-27,0.53,2,6000
4808,92,183.0,2023-08-02,1.15,4,7900
4809,92,112.0,2023-11-26,1.91,9,10200
4810,92,196.0,2023-09-27,1.52,5,9300
4811,92,188.0,2023-07-15,1.48,3,9800
4812,92,,2023-08-21,1.66,7,10000
4813,92,83.0,2023-11-29,0.76,2,6800
4814,92,41.0,2023-09-01,1.17,4,9000
4815,92,160.0,2023-08-31,1.05,4,8400
4816,92,130.0,2023-03-30,0.62,2,7000
4817,92,160.0,2023-01-16,1.82,6,10300
4818,92,197.0,2023-02-27,0.74,1,7300
4819,92,75.0,2023-01-28,1.68,8,9900
4820,92,61.0,2023-11-13,0.58,1,7000
4821,92,55.0,2023-05-19,1.48,4,9300
4822,92,97.0,2023-06-22,1.48,6,9300
4823,92,,2023-02-04,0.9,2,7200
4824,92,62.0,2023-03-22,1.61,3,9700
4825,92,181.0,2023-04-11,1.37,5,9600
4826,92,87.0,2023-03-10,1.33,5,8600
4827,92,95.0,2023-11-19,1.26,5,8200
4828,92,117.0,2023-04-22,0.87,3,7200
4829,92,,2023-07-27,0.79,2,6800
4830,92,165.0,2023-01-31,0.53,2,7000
4831,92,82.0,2023-02-27,0.91,2,7900
4832,92,132.0,2023-09-03,1.63,4,9500
4833,92,49.0,2023-03-05,1.3,2,9400
4834,92,43.0,2023-06-03,1.48,4,9400
4835,92,8.0,2023-02-11,1.29,6,8400
4836,92,112.0,2023-06-24,0.73,2,7600
4837,92,90.0,2023-02-24,1.3,6,9100
4838,92,106.0,2023-01-21,1.05,4,8100
4839,92,75.0,2023-12-07,1.71,6,10400
4840,92,,2023-09-03,1.07,4,8300
4841,92,120.0,2023-04-04,1.4,5,8800
4842,92,40.0,2023-11-24,1.16,3,7900
4843,92,158.0,2023-05-07,0.96,4,7900
4844,92,162.0,2023-04-11,0.91,4,7900
4845,92,8.0,2023-03-20,0.92,3,7200
4846,93,177.0,2023-04-06,4.64,15,19000
4847,93,30.0,2023-09-20,6.63,22,25000
4848,93,2.0,2023-03-22,7.74,38,28300
4849,93,23.0,2023-04-28,5.5,21,21300
4850,93,87.0,2023-09-13,2.81,11,13900
4851,93,131.0,2023-06-29,6.39,26,24000
4852,93,91.0,2023-05-24,5.07,18,20400
4853,93,144.0,2023-06-21,2.66,12,12700
4854,93,142.0,2023-01-16,2.01,7,11500
4855,93,134.0,2023-05-24,7.09,18,25700
4856,93,68.0,2023-11-17,3.1,9,14000
4857,93,73.0,2023-01-23,5.76,17,22600
4858,93,64.0,2023-02-01,5.5,26,21700
4859,93,52.0,2023-03-16,8.31,22,29700
4860,93,35.0,2023-05-01,7.55,30,27600
4861,93,152.0,2023-01-15,6.02,12,22700
4862,93,93.0,2023-06-29,8.45,19,30600
4863,93,10.0,2023-12-02,6.61,25,25200
4864,93,192.0,2023-01-18,1.76,8,10500
4865,93,190.0,2023-04-06,6.08,14,23300
4866,93,75.0,2023-01-20,5.2,17,20700
4867,93,178.0,2023-07-09,1.58,4,9300
4868,93,158.0,2023-07-18,1.94,5,10900
4869,93,14.0,2023-11-07,2.61,11,13000
4870,93,,2023-01-05,9.11,38,32000
4871,93,79.0,2023-05-29,5.07,21,20400
4872,93,47.0,2023-01-08,7.92,16,28600
4873,93,82.0,2023-02-19,8.92,37,32200
4874,93,95.0,2023-04-07,6.62,20,24700
4875,93,93.0,2023-01-26,1.24,5,8500
4876,93,99.0,2023-07-03,6.53,13,24500
4877,93,8.0,2023-01-12,5.74,23,21900
4878,93,66.0,2023-01-26,5.02,23,20100
4879,93,105.0,2023-03-31,9.01,21,31700
4880,93,168.0,2023-06-28,2.03,8,11200
4881,93,90.0,2023-01-05,5.66,18,21400
4882,93,121.0,2023-11-09,4.06,13,17500
4883,93,,2023-04-04,1.22,5,8100
4884,93,75.0,2023-04-04,2.84,6,13000
4885,94,92.0,2023-09-22,8.81,44,31800
4886,94,185.0,2023-09-02,6.78,20,25400
4887,94,161.0,2023-05-18,6.23,16,24100
4888,94,100.0,2023-07-11,6.66,26,25000
4889,94,102.0,2023-10-24,1.05,4,8200
4890,94,4.0,2023-05-13,8.39,31,30200
4891,94,44.0,2023-06-14,5.41,21,21400
4892,94,28.0,2023-06-11,1.78,5,10600
4893,94,133.0,2023-12-20,5.19,20,20500
4894,94,105.0,2023-11-08,8.99,34,32300
4895,94,49.0,2023-05-05,2.42,7,12400
4896,94,145.0,2023-11-27,7.86,38,28700
4897,94,145.0,2023-04-26,7.37,15,27200
4898,94,163.0,2023-02-23,7.96,24,28700
4899,94,115.0,2023-08-14,1.19,4,8500
4900,94,52.0,2023-12-15,3.95,8,16700
4901,94,76.0,2023-04-18,4.92,14,20000
4902,94,149.0,2023-11-27,9.44,31,33400
4903,94,35.0,2023-10-02,1.44,6,8800
4904,94,92.0,2023-03-12,6.98,30,25900
4905,94,17.0,2023-01-03,3.1,11,14400
4906,94,139.0,2023-07-08,5.02,13,20000
4907,94,,2023-03-20,5.93,12,23000
4908,94,25.0,2023-05-22,1.38,5,9200
4909,94,106.0,2023-05-13,9.05,18,31700
4910,94,58.0,2023-08-28,7.89,35,28900
4911,94,116.0,2023-08-28,2.11,9,11700
4912,94,6.0,2023-04-06,5.84,11,23000
4913,94,181.0,2023-01-05,2.79,5,13400
4914,94,5.0,2023-09-04,7.03,20,25800
4915,94,95.0,2023-12-11,2.47,5,12900
4916,95,45.0,2023-12-30,3.74,17,15700
4917,95,90.0,2023-09-30,1.07,4,8200
4918,95,139.0,2023-01-19,3.22,8,14800
4919,95,136.0,2023-08-23,3.88,14,16700
4920,95,120.0,2023-02-18,8.01,26,29400
4921,95,150.0,2023-11-08,3.16,11,14200
4922,95,165.0,2023-09-06,7.76,38,28000
4923,95,147.0,2023-06-12,1.09,4,7900
4924,95,133.0,2023-10-21,4.37,13,18000
4925,95,79.0,2023-01-10,3.39,16,14700
4926,95,60.0,2023-03-02,1.25,4,9000
4927,95,62.0,2023-05-16,1.92,9,10900
4928,95,11.0,2023-06-21,9.64,27,34100
4929,95,81.0,2023-07-01,6.86,24,25400
4930,95,145.0,2023-02-09,4.17,15,17000
4931,95,89.0,2023-11-26,8.89,27,32000
4932,95,43.0,2023-11-19,4.53,20,18600
4933,95,194.0,2023-08-23,5.7,18,21900
4934,95,129.0,2023-11-22,2.55,12,13000
4935,95,107.0,2023-12-13,6.1,19,23200
4936,95,73.0,2023-08-04,8.9,26,32000
4937,95,91.0,2023-12-12,7.8,17,28700
4938,95,38.0,2023-02-09,1.16,3,8700
4939,95,,2023-01-03,1.08,4,7700
4940,95,110.0,2023-12-12,3.72,8,16600
4941,95,92.0,2023-04-03,3.55,13,15600
4942,95,5.0,2023-12-25,9.02,35,32100
4943,95,115.0,2023-09-19,9.98,36,34700
4944,95,,2023-12-22,2.38,8,11800
4945,95,28.0,2023-08-03,8.65,29,30400
4946,95,168.0,2023-09-28,3.42,8,15100
4947,95,36.0,2023-06-18,6.6,17,25300
4948,95,166.0,2023-04-04,1.04,4,8200
4949,95,168.0,2023-01-20,7.0,25,25600
4950,95,187.0,2023-11-25,6.35,18,24200
4951,95,,2023-11-24,9.52,31,33200
4952,95,188.0,2023-04-22,6.94,30,25600
4953,95,37.0,2023-09-06,1.44,6,9200
4954,95,195.0,2023-08-11,9.81,37,34300
4955,95,185.0,2023-07-04,3.67,17,16100
4956,95,62.0,2023-04-21,2.0,8,11400
4957,95,145.0,2024-01-01,4.52,15,18300
4958,95,133.0,2023-12-25,4.17,11,17900
4959,95,159.0,2023-10-16,8.69,28,30600
4960,95,47.0,2023-04-24,2.67,8,13500
4961,95,187.0,2023-11-13,9.72,26,33800
4962,95,60.0,2023-07-24,8.51,29,30900
4963,95,55.0,2023-07-01,9.36,26,32500
4964,95,108.0,2023-06-26,3.86,16,16600
4965,95,168.0,2023-03-08,5.15,14,20700
4966,95,137.0,2023-07-15,4.73,14,19100
4967,95,117.0,2023-04-02,6.94,32,25800
4968,95,26.0,2023-07-05,1.08,3,7700
4969,95,146.0,2023-12-03,5.94,12,22900
4970,95,64.0,2023-11-30,6.32,28,23700
4971,95,78.0,2023-07-24,1.8,6,10000
4972,95,,2023-12-16,3.05,6,13800
4973,95,140.0,2023-02-04,5.62,15,22000
4974,95,171.0,2023-11-23,9.08,29,32400
4975,95,109.0,2023-08-20,8.28,23,29500
4976,95,26.0,2023-05-13,1.18,3,8000
4977,95,85.0,2023-03-23,8.11,25,29400
4978,95,84.0,2024-01-01,3.53,12,16000
4979,95,68.0,2023-09-24,4.48,14,18900
4980,95,142.0,2023-12-21,4.64,19,18800
4981,95,50.0,2023-11-08,8.89,41,31200
4982,95,80.0,2023-10-17,3.94,15,16900
4983,95,90.0,2023-12-13,6.15,23,23600
4984,95,5.0,2023-03-10,5.41,24,20800
4985,96,26.0,2023-08-25,8.26,34,29600
4986,96,123.0,2023-08-16,7.4,24,26700
4987,96,3.0,2023-11-05,6.03,28,23300
4988,96,86.0,2023-06-14,4.75,15,18800
4989,96,41.0,2023-12-12,9.25,27,33200
4990,96,114.0,2023-12-24,1.91,7,10600
4991,96,88.0,2023-01-06,3.78,17,16000
4992,96,172.0,2023-04-10,1.86,6,10800
4993,96,159.0,2023-01-11,4.41,19,17800
4994,96,32.0,2023-02-28,3.32,8,14800
4995,96,176.0,2023-11-03,8.66,24,31200
4996,96,151.0,2023-10-16,5.08,16,20300
4997,96,84.0,2023-06-30,8.3,28,29600
4998,96,191.0,2023-11-30,8.79,42,30800
4999,96,95.0,2023-07-04,2.77,6,13500
5000,96,50.0,2023-12-17,5.34,12,21400
5001,96,32.0,2023-12-13,7.06,18,26200
5002,96,83.0,2023-11-08,7.09,25,25900
5003,96,54.0,2023-12-25,6.45,13,24700
5004,96,137.0,2023-01-25,7.88,33,29100
5005,96,118.0,2023-01-21,5.86,28,22900
5006,96,122.0,2023-08-22,7.71,19,28500
5007,96,115.0,2023-09-21,4.41,19,18200
5008,96,107.0,2023-01-08,5.28,10,20300
5009,96,,2023-12-08,2.28,5,12100
5010,96,193.0,2023-12-08,8.83,40,31100
5011,96,67.0,2023-05-16,3.17,11,14400
5012,96,,2023-02-12,5.45,14,20800
5013,96,160.0,2023-09-12,6.71,13,24700
5014,96,136.0,2023-01-01,6.66,22,25100
5015,96,100.0,2023-09-16,8.23,35,30000
5016,96,35.0,2023-06-09,7.1,32,26100
5017,96,160.0,2023-01-28,2.32,9,12300
5018,96,91.0,2023-05-17,3.94,8,17000
5019,96,42.0,2023-07-30,1.11,5,8200
5020,96,70.0,2023-07-21,5.63,18,22300
5021,96,142.0,2023-03-08,1.37,5,8800
5022,96,193.0,2023-10-04,8.13,28,29700
5023,96,23.0,2023-09-03,3.98,13,16500
5024,96,160.0,2023-10-31,8.63,42,30700
5025,96,,2023-03-26,6.14,19,23100
5026,96,142.0,2023-05-23,1.11,4,8800
5027,96,43.0,2023-04-21,3.29,13,14500
5028,96,177.0,2023-03-26,4.44,19,18700
5029,96,174.0,2023-02-13,4.99,20,19800
5030,96,,2023-01-21,8.28,32,30200
5031,96,55.0,2023-02-18,2.89,10,13100
5032,96,63.0,2023-06-14,8.95,44,31300
5033,96,4.0,2023-12-21,5.21,19,20300
5034,96,111.0,2023-12-26,8.71,38,31200
5035,96,116.0,2023-01-22,1.9,4,10800
5036,96,10.0,2023-08-18,4.72,22,19100
5037,96,1.0,2023-09-01,5.81,23,22500
5038,96,155.0,2023-07-17,8.88,28,31500
5039,96,134.0,2023-10-29,1.99,4,11200
5040,96,49.0,2023-09-13,1.43,3,9400
5041,96,7.0,2023-10-08,9.85,28,34200
5042,96,,2023-11-07,4.84,15,19200
5043,96,144.0,2023-05-24,8.68,25,31100
5044,96,79.0,2023-03-05,6.15,12,22900
5045,96,44.0,2023-01-21,5.62,20,22200
5046,96,193.0,2023-04-08,4.03,18,16700
5047,96,190.0,2023-04-18,9.44,31,33100
5048,96,96.0,2023-11-12,7.65,33,27700
5049,96,107.0,2023-03-16,3.58,8,15700
5050,96,89.0,2023-01-13,3.4,9,15600
5051,96,14.0,2023-02-27,3.09,7,14000
5052,96,56.0,2023-01-07,3.01,11,13500
5053,96,40.0,2023-04-17,3.72,11,15800
5054,96,135.0,2023-01-13,8.63,39,30900
5055,96,173.0,2023-11-23,1.57,5,9500
5056,96,6.0,2023-02-12,9.04,32,31700
5057,97,47.0,2023-09-03,8.75,21,31600
5058,97,191.0,2023-09-06,8.37,23,30100
5059,97,67.0,2023-01-03,2.67,9,13500
5060,97,40.0,2023-10-10,4.44,14,18500
5061,97,92.0,2023-11-18,3.97,13,16800
5062,97,9.0,2023-07-13,1.01,2,8400
5063,97,146.0,2023-07-25,7.16,27,26200
5064,97,48.0,2023-12-23,5.89,28,22700
5065,97,22.0,2023-07-24,8.73,22,31500
5066,97,12.0,2023-07-18,1.22,4,8100
5067,97,137.0,2023-11-18,1.33,5,9100
5068,97,187.0,2023-08-27,2.71,7,12700
5069,97,136.0,2023-04-09,2.47,5,12500
5070,97,42.0,2023-04-02,2.84,13,13600
5071,97,98.0,2023-03-23,5.46,17,21200
5072,97,188.0,2023-04-30,1.48,3,9300
5073,97,51.0,2023-04-24,9.41,38,33000
5074,97,,2023-10-18,4.38,14,18600
5075,97,29.0,2023-10-24,9.36,34,33000
5076,97,164.0,2023-05-30,9.65,21,34100
5077,97,158.0,2023-03-28,2.97,10,14000
5078,97,65.0,2023-10-18,1.2,4,8600
5079,97,66.0,2023-08-06,2.14,5,11100
5080,97,63.0,2023-11-05,3.78,16,16000
5081,97,56.0,2023-09-15,5.51,25,21600
5082,97,2.0,2023-11-13,6.57,28,24200
5083,97,25.0,2023-09-26,7.47,17,27900
5084,97,137.0,2023-03-24,2.17,5,11500
5085,97,108.0,2023-01-24,9.84,33,34400
5086,98,,2023-03-10,1.6,4,9500
5087,98,107.0,2023-05-17,0.95,3,8300
5088,98,170.0,2023-09-16,0.76,3,7700
5089,98,88.0,2023-02-03,0.64,1,6700
5090,98,89.0,2023-08-08,1.37,5,9100
5091,98,42.0,2023-07-09,1.54,7,9400
5092,98,76.0,2023-06-30,1.98,5,10600
5093,98,56.0,2023-11-08,0.73,2,7100
5094,98,145.0,2023-03-11,1.38,5,9600
5095,98,108.0,2023-08-24,1.13,4,8700
5096,98,72.0,2023-01-04,0.96,3,7500
5097,98,35.0,2023-08-30,1.41,3,9200
5098,98,127.0,2023-08-11,1.07,2,8700
5099,98,107.0,2023-01-14,1.7,3,10400
5100,98,139.0,2023-01-08,1.16,5,8800
5101,98,151.0,2023-06-16,1.02,4,7800
5102,98,135.0,2023-08-12,1.87,7,10400
5103,98,70.0,2023-02-28,1.6,7,9700
5104,98,38.0,2023-10-02,0.84,2,7200
5105,98,29.0,2023-06-23,0.8,2,7300
5106,98,58.0,2023-11-07,1.0,2,7500
5107,98,81.0,2023-04-25,1.02,2,7500
5108,98,98.0,2023-10-02,0.85,3,7700
5109,98,28.0,2023-12-15,1.2,4,8500
5110,98,17.0,2023-08-25,0.61,1,7200
5111,98,99.0,2023-07-16,1.4,6,9500
5112,98,93.0,2023-04-09,0.6,1,7200
5113,98,81.0,2023-11-12,1.5,6,9900
5114,98,60.0,2023-05-10,0.92,2,7400
5115,98,177.0,2023-05-14,0.73,2,6600
5116,98,34.0,2023-03-22,1.57,7,9400
5117,98,32.0,2023-08-07,1.53,7,9900
5118,98,26.0,2023-06-23,1.57,6,10000
5119,98,98.0,2023-08-05,1.62,4,9300
5120,98,125.0,2023-12-03,1.35,3,9100
5121,98,110.0,2023-04-16,1.05,2,8000
5122,98,23.0,2023-04-07,1.11,3,8800
5123,98,94.0,2023-06-25,1.0,4,7500
5124,98,38.0,2023-07-24,0.62,2,6900
5125,98,164.0,2023-02-07,1.87,5,10100
5126,98,150.0,2023-09-06,1.99,7,10700
5127,98,144.0,2023-06-19,1.67,5,9900
5128,98,18.0,2023-02-25,1.12,4,7900
5129,98,11.0,2023-10-07,1.93,6,10700
5130,98,170.0,2023-01-31,0.96,4,7600
5131,98,123.0,2023-07-29,1.71,6,9700
5132,98,15.0,2023-11-27,1.26,5,8900
5133,98,78.0,2023-04-12,1.26,3,8500
5134,98,125.0,2023-09-23,1.52,7,9300
5135,98,97.0,2023-08-07,1.57,3,9900
5136,98,142.0,2023-10-17,1.2,4,8600
5137,98,79.0,2023-04-26,0.8,3,6900
5138,98,5.0,2023-03-15,1.31,4,8500
5139,98,114.0,2023-05-07,1.77,4,10100
5140,98,102.0,2023-12-07,1.23,4,8800
5141,98,3.0,2023-06-25,0.69,3,6700
5142,98,191.0,2023-04-01,1.09,5,7700
5143,98,94.0,2023-09-04,1.41,6,9000
5144,98,53.0,2023-12-30,1.38,3,9300
5145,98,163.0,2023-08-15,0.78,3,7000
5146,98,92.0,2023-03-22,0.99,2,8100
5147,98,65.0,2023-12-25,1.44,3,9100
5148,98,126.0,2023-07-21,0.74,1,7200
5149,98,32.0,2023-12-21,0.9,3,8000
5150,98,172.0,2023-08-03,1.92,7,11100
5151,98,178.0,2023-01-05,1.59,6,10000
5152,98,55.0,2023-11-05,1.14,2,8700
5153,98,192.0,2023-04-01,1.01,4,8000
5154,98,6.0,2023-09-11,1.87,7,10400
5155,98,146.0,2023-03-25,1.93,6,10800
5156,98,73.0,2023-11-09,1.94,9,10700
5157,98,139.0,2023-06-21,1.17,3,8300
5158,98,4.0,2023-03-13,1.42,2,9100
5159,98,36.0,2023-02-26,1.72,7,9900
5160,98,63.0,2023-08-24,1.82,7,10200
5161,98,174.0,2023-12-25,1.58,6,10100
5162,98,121.0,2023-05-12,1.7,6,10000
5163,98,81.0,2023-04-21,0.93,4,8200
5164,98,7.0,2023-08-18,1.87,4,10400
5165,98,79.0,2023-04-04,1.27,4,8400
5166,98,93.0,2023-03-27,1.68,7,9800
5167,98,115.0,2023-10-02,0.73,3,7500
5168,98,63.0,2023-10-12,1.66,7,10000
5169,98,35.0,2023-08-14,1.82,6,10300
5170,98,28.0,2023-07-19,1.2,5,8900
5171,99,2.0,2023-02-22,3.66,10,16100
5172,99,51.0,2023-09-11,6.91,32,26100
5173,99,82.0,2023-08-24,7.21,24,26700
5174,99,126.0,2023-04-12,9.8,39,34200
5175,99,17.0,2023-08-31,2.92,14,13500
5176,99,100.0,2023-03-17,2.24,8,11400
5177,99,130.0,2023-02-19,2.16,7,11300
5178,99,124.0,2023-11-24,3.02,11,14300
5179,99,77.0,2023-07-06,9.73,43,34500
5180,99,146.0,2023-04-05,3.98,14,17000
5181,99,87.0,2023-02-17,7.14,19,26500
5182,99,101.0,2023-12-04,7.18,21,26400
5183,99,162.0,2023-12-31,8.96,32,31300
5184,99,184.0,2023-10-31,4.18,9,17600
5185,99,,2023-10-10,5.94,28,23100
5186,99,73.0,2023-09-15,7.29,32,27100
5187,99,46.0,2023-03-06,8.38,19,29600
5188,99,43.0,2023-12-13,3.3,15,14800
5189,99,35.0,2023-07-05,1.78,3,10400
5190,99,108.0,2023-06-17,3.83,14,16700
5191,99,145.0,2023-03-18,7.11,18,25900
5192,99,91.0,2023-12-02,4.09,12,17100
5193,99,59.0,2023-07-18,2.25,6,12000
5194,99,176.0,2023-03-07,6.83,33,25000
5195,99,59.0,2023-11-09,8.24,30,29900
5196,99,86.0,2023-12-20,3.74,15,15900
5197,99,69.0,2023-07-28,1.85,7,10200
5198,99,16.0,2023-01-02,5.01,16,19900
5199,99,112.0,2023-10-15,5.25,15,20800
5200,99,185.0,2023-03-29,1.31,3,9000
5201,99,138.0,2023-09-30,7.16,26,26700
5202,99,78.0,2023-04-29,4.04,15,16900
5203,99,176.0,2023-03-19,1.9,4,10800
5204,99,120.0,2023-05-13,4.42,13,18000
5205,99,175.0,2023-11-25,7.7,27,28100
5206,99,163.0,2023-07-19,9.74,36,34400
5207,99,199.0,2023-10-23,8.07,34,29700
5208,99,3.0,2023-09-29,6.03,13,23300
5209,99,,2023-11-12,9.15,28,32100
5210,99,32.0,2023-06-25,3.12,14,14100
5211,99,142.0,2023-05-09,1.95,5,10900
5212,99,127.0,2023-05-03,5.36,10,21500
5213,99,188.0,2023-05-22,4.14,13,17700
5214,99,181.0,2023-07-12,5.26,19,20200
5215,99,156.0,2023-10-30,8.8,41,31800
5216,99,153.0,2023-11-15,6.83,26,25700
5217,99,195.0,2023-11-21,4.26,15,18000
5218,99,148.0,2023-04-02,8.95,37,31800
5219,99,103.0,2023-09-14,2.94,13,14000
5220,99,40.0,2023-06-03,4.42,15,18400
5221,99,174.0,2023-11-03,7.76,23,27800
5222,99,,2023-06-28,5.76,28,22700
5223,99,23.0,2023-12-03,7.15,27,26100
5224,99,15.0,2023-08-06,6.36,23,24400
5225,99,193.0,2023-07-09,1.91,7,11100
5226,99,178.0,2023-09-07,1.04,3,7600
5227,99,158.0,2023-05-23,9.59,27,34000
5228,99,65.0,2023-02-13,3.47,16,15300
5229,99,107.0,2023-07-12,9.17,30,32600
5230,99,78.0,2023-05-09,9.37,45,33000
5231,99,32.0,2023-05-04,4.7,10,19100
5232,99,64.0,2023-07-26,9.11,32,32400
5233,99,140.0,2023-08-04,5.17,16,20700
5234,99,60.0,2023-03-23,7.52,18,27300
5235,99,79.0,2023-08-29,5.38,26,21400
5236,99,178.0,2023-01-12,6.1,21,23400
5237,99,182.0,2023-01-05,9.27,45,33300
5238,99,191.0,2023-10-28,8.09,20,28700
5239,99,149.0,2023-08-08,4.4,12,18300
5240,99,87.0,2023-02-14,7.11,31,26600
5241,99,55.0,2023-10-14,6.22,29,23800
5242,99,144.0,2023-06-26,1.89,5,10900
5243,99,147.0,2023-03-23,1.36,2,9100
5244,99,29.0,2023-05-21,6.55,13,24400
5245,99,21.0,2023-10-29,3.66,13,15600
5246,99,110.0,2023-01-20,7.65,33,27400
5247,99,188.0,2023-11-14,2.63,8,13000
5248,99,26.0,2023-11-03,2.3,7,11900
5249,100,133.0,2023-11-08,0.61,1,7100
5250,100,127.0,2023-08-26,1.77,7,10600
5251,100,143.0,2023-05-09,1.92,8,10700
5252,100,120.0,2023-08-26,0.55,1,6100
5253,100,132.0,2023-10-31,0.76,2,7200
5254,100,63.0,2023-09-04,1.69,7,10500
5255,100,73.0,2023-10-31,0.53,1,6000
5256,100,36.0,2023-06-10,1.4,6,9100
5257,100,85.0,2023-10-29,1.56,4,10000
5258,100,10.0,2023-08-12,0.97,2,8400
5259,100,180.0,2023-04-15,0.73,3,7100
5260,100,43.0,2023-06-13,2.0,9,10800
5261,100,161.0,2023-02-17,0.53,1,6000
5262,100,138.0,2023-01-19,1.97,8,11200
5263,100,81.0,2023-07-22,1.16,4,8200
5264,100,6.0,2023-09-10,1.27,5,8400
5265,100,198.0,2023-04-23,1.36,5,9000
5266,100,50.0,2023-12-16,0.65,1,7000
5267,100,180.0,2023-07-17,1.18,4,8500
5268,100,21.0,2023-10-19,1.18,4,8500
5269,100,111.0,2023-09-14,0.67,3,7500
5270,100,140.0,2023-11-10,1.25,4,8300
5271,100,71.0,2023-09-17,0.72,2,7500
5272,100,70.0,2023-08-25,0.83,2,7100
5273,100,164.0,2023-12-04,0.6,1,6900
5274,100,,2023-08-22,1.98,6,11000
5275,100,,2023-07-28,1.35,5,9100
5276,100,200.0,2023-11-28,1.85,3,10100
5277,100,5.0,2023-03-21,1.9,5,10800
5278,100,110.0,2023-01-14,1.49,6,9800
5279,100,1.0,2023-02-27,1.45,5,8900
5280,100,95.0,2023-08-14,1.63,7,10000
5281,100,59.0,2023-04-07,1.56,6,9500
5282,100,184.0,2023-01-26,1.86,5,10200
5283,100,184.0,2023-04-19,1.44,6,9700
5284,100,135.0,2023-07-17,1.2,4,8200
5285,100,32.0,2023-08-30,1.87,5,10400
5286,100,87.0,2023-02-26,1.2,4,8600
5287,100,156.0,2023-09-15,0.93,3,7700
5288,100,14.0,2023-04-04,1.82,6,9900
5289,100,30.0,2023-08-22,1.45,4,9100
5290,100,160.0,2023-02-22,1.98,4,10700
5291,100,165.0,2023-11-25,1.96,4,11200
5292,100,61.0,2023-05-15,1.65,7,9800
5293,100,,2023-08-10,0.89,2,8100
5294,100,57.0,2023-06-28,1.64,6,10000
5295,100,60.0,2023-08-31,0.76,1,7200
5296,100,138.0,2023-12-05,1.49,4,9200
5297,100,79.0,2023-05-24,1.17,4,8300
5298,100,55.0,2023-12-23,0.88,4,7400
5299,100,190.0,2023-03-28,1.1,4,8600
5300,100,136.0,2023-10-08,1.46,5,9500
5301,100,165.0,2023-10-08,1.66,4,9800
5302,100,139.0,2023-06-07,1.17,2,8800
5303,100,84.0,2023-04-12,0.52,1,7000
5304,100,103.0,2023-11-10,1.22,4,8300
5305,100,65.0,2023-11-01,1.79,5,10700
5306,100,33.0,2023-11-18,1.83,7,10000
5307,100,10.0,2023-08-31,0.6,2,7100
5308,100,164.0,2023-04-02,1.97,7,11200
5309,100,172.0,2023-10-17,1.5,5,9800
5310,100,166.0,2023-11-06,1.6,7,9300
5311,100,50.0,2023-04-29,1.31,3,9000
5312,100,192.0,2023-11-02,1.16,2,8800
5313,100,129.0,2023-07-09,1.9,5,10800
5314,100,167.0,2023-03-01,1.08,4,7800
5315,100,96.0,2023-03-18,0.64,2,7100
5316,100,85.0,2023-10-10,0.6,2,6400
5317,100,66.0,2023-01-14,0.82,2,7500
5318,100,26.0,2023-03-07,1.69,6,10200
5319,100,,2023-03-23,1.45,6,8800
5320,100,55.0,2023-05-13,1.46,7,9600
5321,100,46.0,2023-12-03,1.63,6,10200
5322,100,175.0,2023-01-09,1.85,4,10100
5323,100,97.0,2023-04-01,1.85,5,10400
5324,100,58.0,2023-10-05,0.77,2,7000
5325,100,52.0,2023-05-01,1.0,4,8000
5326,100,112.0,2023-01-27,0.89,2,7900
5327,100,55.0,2023-06-16,0.76,2,7700
5328,100,1.0,2023-10-03,0.58,1,6200
5329,100,135.0,2023-06-05,1.29,3,8500
5330,100,118.0,2023-07-09,0.54,2,7000
5331,100,150.0,2023-04-06,1.05,5,8600
5332,100,185.0,2023-08-07,0.89,3,7600
5333,100,176.0,2023-11-21,1.73,6,10200
5334,100,49.0,2023-08-29,0.52,1,6100
